iteration,cycles
0,540
1,600
2,522
3,520
4,518
5,516
6,520
7,524
8,512
9,520
10,526
11,520
12,518
13,526
14,518
15,518
16,520
17,520
18,518
19,524
20,518
21,522
22,524
23,516
24,524
25,524
26,518
27,520
28,522
29,516
30,518
31,522
32,516
33,520
34,522
35,520
36,524
37,524
38,522
39,518
40,520
41,522
42,516
43,522
44,522
45,518
46,524
47,518
48,518
49,518
50,522
51,520
52,526
53,518
54,526
55,520
56,522
57,526
58,530
59,516
60,524
61,524
62,514
63,518
64,518
65,514
66,524
67,588
68,542
69,538
70,520
71,524
72,518
73,516
74,524
75,518
76,514
77,524
78,522
79,514
80,524
81,522
82,520
83,518
84,518
85,518
86,524
87,524
88,514
89,520
90,520
91,514
92,522
93,524
94,514
95,520
96,516
97,516
98,520
99,522
100,518
101,522
102,520
103,518
104,522
105,518
106,516
107,520
108,522
109,518
110,516
111,514
112,514
113,518
114,516
115,512
116,516
117,522
118,518
119,518
120,522
121,512
122,524
123,518
124,516
125,516
126,518
127,520
128,522
129,522
130,520
131,520
132,522
133,516
134,520
135,516
136,512
137,518
138,520
139,518
140,518
141,558
142,520
143,518
144,518
145,516
146,512
147,520
148,520
149,518
150,520
151,520
152,518
153,518
154,522
155,518
156,524
157,518
158,518
159,520
160,524
161,516
162,524
163,522
164,514
165,524
166,526
167,516
168,526
169,520
170,518
171,524
172,526
173,520
174,524
175,522
176,522
177,522
178,518
179,522
180,522
181,518
182,516
183,520
184,516
185,520
186,518
187,520
188,520
189,524
190,520
191,514
192,524
193,524
194,512
195,518
196,520
197,516
198,520
199,524
200,520
201,518
202,522
203,514
204,520
205,522
206,512
207,520
208,524
209,514
210,522
211,562
212,514
213,522
214,520
215,516
216,522
217,518
218,516
219,520
220,522
221,518
222,524
223,518
224,516
225,520
226,518
227,518
228,522
229,520
230,518
231,520
232,518
233,514
234,522
235,522
236,518
237,524
238,520
239,516
240,522
241,524
242,510
243,520
244,522
245,514
246,518
247,522
248,516
249,520
250,520
251,512
252,514
253,520
254,518
255,518
256,524
257,518
258,520
259,520
260,512
261,524
262,520
263,520
264,526
265,516
266,520
267,524
268,524
269,522
270,520
271,522
272,520
273,566
274,524
275,516
276,518
277,520
278,512
279,520
280,518
281,520
282,520
283,518
284,520
285,520
286,520
287,518
288,524
289,524
290,516
291,520
292,516
293,516
294,526
295,520
296,522
297,522
298,522
299,514
300,524
301,520
302,520
303,524
304,524
305,518
306,520
307,518
308,516
309,524
310,524
311,518
312,526
313,520
314,522
315,524
316,522
317,522
318,522
319,524
320,520
321,526
322,524
323,520
324,522
325,520
326,520
327,524
328,526
329,512
330,518
331,520
332,518
333,516
334,516
335,518
336,538
337,522
338,512
339,524
340,520
341,518
342,518
343,522
344,516
345,522
346,516
347,514
348,518
349,522
350,514
351,524
352,520
353,516
354,518
355,524
356,518
357,516
358,520
359,520
360,520
361,522
362,516
363,514
364,520
365,512
366,516
367,520
368,520
369,520
370,522
371,518
372,522
373,520
374,516
375,522
376,520
377,514
378,522
379,514
380,512
381,520
382,522
383,520
384,518
385,522
386,516
387,518
388,520
389,518
390,518
391,520
392,520
393,524
394,524
395,514
396,520
397,564
398,514
399,522
400,522
401,516
402,526
403,524
404,514
405,520
406,518
407,514
408,520
409,522
410,520
411,522
412,520
413,518
414,520
415,520
416,522
417,524
418,524
419,516
420,516
421,520
422,520
423,522
424,524
425,518
426,522
427,524
428,516
429,520
430,526
431,514
432,522
433,522
434,518
435,524
436,518
437,516
438,522
439,528
440,518
441,520
442,526
443,518
444,522
445,520
446,520
447,520
448,520
449,516
450,520
451,520
452,514
453,516
454,526
455,522
456,518
457,526
458,518
459,522
460,560
461,522
462,516
463,522
464,520
465,520
466,520
467,522
468,518
469,522
470,518
471,522
472,520
473,520
474,516
475,518
476,516
477,512
478,522
479,518
480,516
481,518
482,518
483,512
484,522
485,518
486,520
487,524
488,522
489,512
490,522
491,522
492,510
493,522
494,518
495,514
496,520
497,516
498,518
499,520
500,518
501,518
502,522
503,522
504,514
505,518
506,522
507,520
508,518
509,518
510,518
511,516
512,524
513,514
514,516
515,520
516,516
517,516
518,516
519,516
520,520
521,556
522,518
523,520
524,610
525,522
526,524
527,524
528,524
529,518
530,514
531,524
532,520
533,528
534,520
535,518
536,518
537,516
538,520
539,522
540,520
541,520
542,522
543,516
544,522
545,522
546,518
547,518
548,516
549,512
550,522
551,516
552,516
553,524
554,518
555,516
556,518
557,520
558,516
559,518
560,522
561,516
562,520
563,522
564,514
565,518
566,518
567,516
568,520
569,518
570,512
571,520
572,520
573,520
574,518
575,518
576,516
577,522
578,524
579,518
580,522
581,520
582,512
583,516
584,522
585,514
586,520
587,520
588,572
589,540
590,518
591,520
592,516
593,516
594,520
595,518
596,518
597,522
598,524
599,518
600,526
601,520
602,520
603,522
604,524
605,518
606,518
607,524
608,516
609,522
610,520
611,516
612,518
613,520
614,518
615,524
616,522
617,512
618,516
619,520
620,520
621,520
622,520
623,520
624,524
625,524
626,522
627,522
628,520
629,516
630,524
631,520
632,520
633,520
634,518
635,516
636,518
637,522
638,518
639,520
640,524
641,520
642,524
643,518
644,512
645,518
646,522
647,518
648,600
649,518
650,522
651,522
652,518
653,524
654,520
655,520
656,518
657,518
658,514
659,522
660,522
661,512
662,518
663,522
664,516
665,524
666,516
667,516
668,520
669,520
670,514
671,522
672,520
673,514
674,520
675,522
676,514
677,516
678,518
679,514
680,522
681,518
682,512
683,518
684,520
685,518
686,516
687,520
688,516
689,522
690,518
691,518
692,518
693,524
694,514
695,520
696,516
697,520
698,522
699,520
700,514
701,522
702,518
703,516
704,520
705,520
706,518
707,520
708,534
709,516
710,522
711,518
712,514
713,522
714,524
715,516
716,524
717,520
718,516
719,522
720,522
721,520
722,524
723,522
724,520
725,520
726,522
727,516
728,520
729,518
730,522
731,518
732,522
733,518
734,522
735,524
736,514
737,516
738,522
739,516
740,526
741,518
742,518
743,518
744,522
745,520
746,524
747,524
748,518
749,524
750,524
751,518
752,524
753,522
754,520
755,522
756,518
757,520
758,524
759,524
760,520
761,522
762,522
763,518
764,516
765,520
766,520
767,524
768,524
769,514
770,578
771,524
772,520
773,524
774,518
775,520
776,524
777,522
778,518
779,522
780,522
781,516
782,520
783,522
784,520
785,522
786,522
787,516
788,516
789,522
790,516
791,524
792,516
793,516
794,524
795,524
796,516
797,520
798,522
799,514
800,522
801,518
802,512
803,520
804,522
805,520
806,522
807,518
808,512
809,518
810,520
811,512
812,518
813,518
814,512
815,520
816,518
817,512
818,522
819,524
820,516
821,520
822,522
823,512
824,520
825,524
826,514
827,514
828,522
829,514
830,518
831,526
832,554
833,522
834,524
835,516
836,518
837,520
838,520
839,522
840,522
841,516
842,524
843,516
844,518
845,522
846,524
847,518
848,524
849,524
850,514
851,520
852,518
853,516
854,518
855,522
856,520
857,520
858,524
859,518
860,524
861,524
862,518
863,520
864,522
865,514
866,520
867,520
868,516
869,514
870,520
871,516
872,526
873,520
874,520
875,524
876,520
877,516
878,526
879,522
880,516
881,520
882,526
883,522
884,518
885,522
886,514
887,520
888,524
889,520
890,520
891,520
892,514
893,520
894,562
895,516
896,520
897,522
898,516
899,522
900,520
901,520
902,522
903,520
904,522
905,524
906,516
907,516
908,518
909,518
910,516
911,522
912,516
913,514
914,516
915,522
916,518
917,522
918,522
919,518
920,520
921,524
922,518
923,520
924,522
925,516
926,524
927,522
928,522
929,522
930,516
931,516
932,520
933,520
934,520
935,524
936,520
937,514
938,524
939,522
940,514
941,522
942,522
943,516
944,524
945,524
946,514
947,522
948,522
949,512
950,524
951,520
952,518
953,526
954,518
955,514
956,520
957,558
958,518
959,520
960,524
961,516
962,524
963,516
964,512
965,520
966,524
967,520
968,522
969,520
970,522
971,516
972,524
973,520
974,524
975,524
976,514
977,522
978,524
979,518
980,524
981,520
982,520
983,520
984,516
985,516
986,522
987,524
988,522
989,524
990,522
991,518
992,526
993,522
994,522
995,518
996,522
997,514
998,518
999,522
1000,518
1001,518
1002,520
1003,522
1004,522
1005,524
1006,516
1007,520
1008,524
1009,516
1010,522
1011,522
1012,516
1013,518
1014,522
1015,516
1016,580
1017,526
1018,516
1019,518
1020,518
1021,520
1022,518
1023,524
1024,516
1025,524
1026,524
1027,516
1028,522
1029,522
1030,516
1031,522
1032,550
1033,524
1034,524
1035,518
1036,534
1037,516
1038,520
1039,516
1040,522
1041,516
1042,516
1043,520
1044,516
1045,514
1046,516
1047,522
1048,518
1049,516
1050,524
1051,516
1052,532
1053,520
1054,516
1055,520
1056,522
1057,518
1058,522
1059,524
1060,518
1061,524
1062,524
1063,516
1064,524
1065,518
1066,514
1067,520
1068,524
1069,512
1070,522
1071,520
1072,516
1073,516
1074,524
1075,522
1076,524
1077,522
1078,518
1079,520
1080,518
1081,516
1082,522
1083,562
1084,516
1085,524
1086,518
1087,514
1088,518
1089,526
1090,520
1091,526
1092,520
1093,520
1094,524
1095,526
1096,516
1097,520
1098,524
1099,520
1100,520
1101,526
1102,520
1103,520
1104,524
1105,518
1106,520
1107,526
1108,516
1109,520
1110,524
1111,514
1112,522
1113,520
1114,516
1115,524
1116,524
1117,518
1118,524
1119,524
1120,516
1121,518
1122,522
1123,518
1124,520
1125,522
1126,516
1127,520
1128,520
1129,516
1130,520
1131,522
1132,516
1133,520
1134,524
1135,518
1136,522
1137,518
1138,518
1139,526
1140,518
1141,560
1142,524
1143,522
1144,516
1145,524
1146,520
1147,514
1148,526
1149,524
1150,518
1151,524
1152,526
1153,518
1154,518
1155,522
1156,520
1157,524
1158,518
1159,514
1160,518
1161,524
1162,516
1163,516
1164,520
1165,520
1166,520
1167,518
1168,518
1169,522
1170,522
1171,510
1172,522
1173,524
1174,514
1175,518
1176,518
1177,520
1178,524
1179,524
1180,516
1181,524
1182,518
1183,514
1184,524
1185,522
1186,518
1187,524
1188,520
1189,514
1190,518
1191,522
1192,514
1193,522
1194,522
1195,516
1196,524
1197,520
1198,520
1199,564
1200,520
1201,520
1202,522
1203,522
1204,518
1205,522
1206,524
1207,522
1208,524
1209,524
1210,514
1211,520
1212,522
1213,514
1214,518
1215,526
1216,516
1217,518
1218,520
1219,526
1220,522
1221,522
1222,516
1223,518
1224,518
1225,518
1226,526
1227,522
1228,516
1229,524
1230,524
1231,518
1232,526
1233,520
1234,520
1235,524
1236,522
1237,520
1238,520
1239,524
1240,520
1241,520
1242,524
1243,518
1244,526
1245,524
1246,516
1247,520
1248,518
1249,518
1250,522
1251,522
1252,520
1253,520
1254,522
1255,522
1256,518
1257,526
1258,516
1259,524
1260,564
1261,522
1262,520
1263,520
1264,514
1265,518
1266,522
1267,518
1268,522
1269,520
1270,520
1271,518
1272,522
1273,514
1274,524
1275,522
1276,518
1277,526
1278,520
1279,512
1280,520
1281,522
1282,520
1283,522
1284,520
1285,516
1286,522
1287,518
1288,518
1289,518
1290,522
1291,516
1292,520
1293,516
1294,522
1295,524
1296,526
1297,518
1298,518
1299,524
1300,514
1301,522
1302,516
1303,514
1304,524
1305,520
1306,516
1307,518
1308,518
1309,518
1310,520
1311,520
1312,520
1313,524
1314,522
1315,512
1316,518
1317,520
1318,518
1319,518
1320,562
1321,516
1322,520
1323,520
1324,516
1325,524
1326,520
1327,520
1328,520
1329,520
1330,518
1331,520
1332,522
1333,520
1334,520
1335,520
1336,522
1337,520
1338,524
1339,518
1340,516
1341,520
1342,516
1343,522
1344,520
1345,518
1346,520
1347,520
1348,516
1349,520
1350,520
1351,516
1352,524
1353,526
1354,514
1355,520
1356,518
1357,520
1358,526
1359,522
1360,518
1361,528
1362,520
1363,518
1364,524
1365,528
1366,518
1367,520
1368,524
1369,516
1370,520
1371,520
1372,516
1373,524
1374,524
1375,520
1376,522
1377,522
1378,520
1379,520
1380,524
1381,558
1382,520
1383,520
1384,520
1385,524
1386,522
1387,514
1388,518
1389,520
1390,514
1391,522
1392,520
1393,516
1394,522
1395,524
1396,520
1397,522
1398,524
1399,518
1400,522
1401,518
1402,516
1403,520
1404,524
1405,516
1406,522
1407,522
1408,516
1409,520
1410,520
1411,514
1412,522
1413,522
1414,518
1415,522
1416,516
1417,516
1418,522
1419,518
1420,518
1421,516
1422,518
1423,514
1424,520
1425,524
1426,518
1427,520
1428,518
1429,512
1430,522
1431,524
1432,518
1433,516
1434,522
1435,520
1436,524
1437,520
1438,514
1439,566
1440,520
1441,516
1442,524
1443,516
1444,520
1445,518
1446,524
1447,518
1448,522
1449,516
1450,518
1451,524
1452,520
1453,516
1454,520
1455,516
1456,516
1457,524
1458,522
1459,522
1460,520
1461,520
1462,516
1463,526
1464,522
1465,518
1466,518
1467,522
1468,516
1469,520
1470,524
1471,518
1472,522
1473,518
1474,518
1475,522
1476,526
1477,516
1478,522
1479,518
1480,516
1481,524
1482,522
1483,516
1484,518
1485,526
1486,520
1487,568
1488,524
1489,520
1490,542
1491,520
1492,520
1493,526
1494,524
1495,516
1496,514
1497,518
1498,516
1499,520
1500,522
1501,524
1502,528
1503,518
1504,524
1505,520
1506,516
1507,524
1508,520
1509,520
1510,524
1511,524
1512,518
1513,522
1514,520
1515,520
1516,520
1517,518
1518,516
1519,518
1520,516
1521,520
1522,524
1523,518
1524,520
1525,518
1526,522
1527,516
1528,520
1529,518
1530,516
1531,522
1532,522
1533,514
1534,522
1535,518
1536,564
1537,522
1538,522
1539,514
1540,516
1541,526
1542,516
1543,522
1544,524
1545,518
1546,518
1547,522
1548,516
1549,518
1550,516
1551,516
1552,524
1553,522
1554,518
1555,526
1556,518
1557,518
1558,520
1559,524
1560,522
1561,520
1562,522
1563,518
1564,516
1565,524
1566,520
1567,520
1568,524
1569,518
1570,518
1571,520
1572,518
1573,520
1574,518
1575,520
1576,524
1577,520
1578,520
1579,518
1580,524
1581,520
1582,522
1583,524
1584,520
1585,522
1586,526
1587,520
1588,526
1589,520
1590,516
1591,526
1592,522
1593,522
1594,526
1595,524
1596,556
1597,518
1598,518
1599,514
1600,518
1601,522
1602,520
1603,520
1604,524
1605,520
1606,522
1607,522
1608,518
1609,520
1610,520
1611,520
1612,522
1613,520
1614,518
1615,526
1616,524
1617,520
1618,524
1619,518
1620,520
1621,522
1622,520
1623,518
1624,520
1625,526
1626,516
1627,522
1628,520
1629,522
1630,520
1631,524
1632,520
1633,520
1634,524
1635,516
1636,520
1637,520
1638,520
1639,520
1640,522
1641,516
1642,522
1643,518
1644,516
1645,524
1646,518
1647,512
1648,520
1649,520
1650,516
1651,524
1652,522
1653,516
1654,524
1655,522
1656,514
1657,558
1658,520
1659,514
1660,518
1661,524
1662,512
1663,518
1664,526
1665,516
1666,522
1667,516
1668,518
1669,522
1670,520
1671,516
1672,516
1673,520
1674,512
1675,516
1676,524
1677,520
1678,524
1679,520
1680,516
1681,520
1682,518
1683,522
1684,522
1685,520
1686,520
1687,524
1688,526
1689,516
1690,522
1691,520
1692,520
1693,522
1694,520
1695,514
1696,522
1697,516
1698,516
1699,520
1700,524
1701,516
1702,522
1703,524
1704,524
1705,518
1706,526
1707,520
1708,524
1709,524
1710,518
1711,526
1712,524
1713,518
1714,24580
1715,544
1716,516
1717,528
1718,548
1719,518
1720,524
1721,514
1722,522
1723,522
1724,520
1725,522
1726,516
1727,524
1728,522
1729,522
1730,522
1731,522
1732,518
1733,524
1734,518
1735,520
1736,518
1737,520
1738,520
1739,518
1740,520
1741,512
1742,530
1743,520
1744,518
1745,522
1746,516
1747,514
1748,524
1749,524
1750,520
1751,520
1752,522
1753,518
1754,520
1755,520
1756,520
1757,522
1758,524
1759,518
1760,520
1761,522
1762,514
1763,524
1764,520
1765,514
1766,522
1767,520
1768,516
1769,520
1770,526
1771,520
1772,560
1773,518
1774,520
1775,516
1776,520
1777,522
1778,520
1779,520
1780,514
1781,516
1782,518
1783,520
1784,524
1785,520
1786,516
1787,524
1788,524
1789,522
1790,522
1791,520
1792,522
1793,520
1794,522
1795,520
1796,524
1797,522
1798,514
1799,520
1800,518
1801,518
1802,522
1803,524
1804,518
1805,522
1806,518
1807,520
1808,518
1809,524
1810,520
1811,522
1812,522
1813,520
1814,520
1815,524
1816,520
1817,524
1818,522
1819,520
1820,522
1821,522
1822,520
1823,524
1824,558
1825,514
1826,520
1827,522
1828,514
1829,522
1830,522
1831,518
1832,524
1833,524
1834,516
1835,522
1836,516
1837,518
1838,524
1839,518
1840,516
1841,528
1842,524
1843,516
1844,524
1845,516
1846,520
1847,520
1848,520
1849,516
1850,520
1851,520
1852,520
1853,522
1854,518
1855,514
1856,518
1857,516
1858,514
1859,522
1860,522
1861,516
1862,518
1863,520
1864,516
1865,518
1866,518
1867,518
1868,520
1869,522
1870,510
1871,518
1872,518
1873,518
1874,516
1875,520
1876,514
1877,514
1878,516
1879,516
1880,520
1881,562
1882,514
1883,520
1884,516
1885,518
1886,520
1887,520
1888,514
1889,522
1890,516
1891,520
1892,522
1893,518
1894,518
1895,518
1896,520
1897,516
1898,516
1899,516
1900,516
1901,518
1902,518
1903,514
1904,522
1905,522
1906,516
1907,520
1908,518
1909,516
1910,524
1911,522
1912,516
1913,516
1914,522
1915,522
1916,522
1917,522
1918,520
1919,522
1920,520
1921,518
1922,518
1923,524
1924,514
1925,516
1926,520
1927,516
1928,518
1929,518
1930,516
1931,520
1932,520
1933,520
1934,516
1935,516
1936,516
1937,560
1938,524
1939,520
1940,520
1941,518
1942,554
1943,522
1944,524
1945,524
1946,520
1947,520
1948,520
1949,520
1950,518
1951,520
1952,520
1953,518
1954,520
1955,520
1956,518
1957,518
1958,512
1959,520
1960,518
1961,520
1962,520
1963,524
1964,520
1965,520
1966,522
1967,522
1968,518
1969,518
1970,522
1971,518
1972,520
1973,522
1974,524
1975,522
1976,516
1977,522
1978,516
1979,516
1980,524
1981,522
1982,516
1983,522
1984,518
1985,522
1986,516
1987,518
1988,516
1989,518
1990,522
1991,512
1992,520
1993,522
1994,518
1995,518
1996,516
1997,512
1998,524
1999,518
2000,536
2001,520
2002,522
2003,516
2004,524
2005,522
2006,514
2007,516
2008,518
2009,518
2010,516
2011,522
2012,520
2013,518
2014,524
2015,520
2016,518
2017,524
2018,516
2019,516
2020,526
2021,520
2022,524
2023,522
2024,520
2025,524
2026,522
2027,516
2028,522
2029,526
2030,514
2031,518
2032,522
2033,518
2034,520
2035,524
2036,520
2037,518
2038,524
2039,518
2040,520
2041,522
2042,520
2043,522
2044,520
2045,516
2046,522
2047,524
2048,522
2049,520
2050,522
2051,522
2052,524
2053,518
2054,514
2055,524
2056,520
2057,530
2058,524
2059,526
2060,518
2061,518
2062,522
2063,516
2064,524
2065,524
2066,520
2067,524
2068,524
2069,518
2070,522
2071,524
2072,516
2073,516
2074,526
2075,522
2076,524
2077,518
2078,516
2079,518
2080,524
2081,520
2082,524
2083,522
2084,516
2085,516
2086,520
2087,518
2088,522
2089,524
2090,518
2091,526
2092,520
2093,522
2094,516
2095,522
2096,514
2097,518
2098,524
2099,518
2100,520
2101,520
2102,518
2103,522
2104,524
2105,520
2106,524
2107,522
2108,512
2109,516
2110,522
2111,512
2112,522
2113,520
2114,514
2115,522
2116,520
2117,518
2118,520
2119,516
2120,556
2121,516
2122,520
2123,514
2124,520
2125,522
2126,518
2127,520
2128,518
2129,514
2130,524
2131,520
2132,516
2133,522
2134,520
2135,516
2136,518
2137,518
2138,514
2139,518
2140,522
2141,514
2142,522
2143,524
2144,512
2145,522
2146,522
2147,518
2148,522
2149,516
2150,516
2151,524
2152,522
2153,514
2154,520
2155,524
2156,520
2157,522
2158,524
2159,516
2160,524
2161,520
2162,518
2163,520
2164,526
2165,520
2166,524
2167,524
2168,518
2169,518
2170,526
2171,520
2172,520
2173,524
2174,520
2175,522
2176,522
2177,518
2178,520
2179,524
2180,520
2181,524
2182,524
2183,550
2184,524
2185,526
2186,524
2187,524
2188,520
2189,522
2190,524
2191,524
2192,520
2193,526
2194,520
2195,518
2196,518
2197,524
2198,518
2199,520
2200,520
2201,520
2202,526
2203,526
2204,518
2205,522
2206,524
2207,514
2208,520
2209,524
2210,522
2211,518
2212,522
2213,520
2214,526
2215,516
2216,512
2217,518
2218,522
2219,518
2220,522
2221,520
2222,518
2223,524
2224,516
2225,518
2226,522
2227,514
2228,522
2229,526
2230,524
2231,512
2232,522
2233,524
2234,518
2235,522
2236,518
2237,520
2238,520
2239,516
2240,518
2241,524
2242,516
2243,578
2244,520
2245,520
2246,518
2247,520
2248,518
2249,514
2250,522
2251,520
2252,520
2253,520
2254,518
2255,516
2256,518
2257,522
2258,518
2259,522
2260,520
2261,516
2262,524
2263,518
2264,514
2265,516
2266,520
2267,516
2268,518
2269,522
2270,516
2271,524
2272,518
2273,516
2274,516
2275,520
2276,520
2277,522
2278,520
2279,516
2280,516
2281,516
2282,516
2283,526
2284,526
2285,520
2286,516
2287,518
2288,514
2289,524
2290,524
2291,516
2292,522
2293,522
2294,514
2295,524
2296,524
2297,522
2298,524
2299,520
2300,522
2301,520
2302,518
2303,516
2304,520
2305,524
2306,520
2307,520
2308,520
2309,580
2310,522
2311,520
2312,520
2313,524
2314,526
2315,518
2316,524
2317,522
2318,518
2319,520
2320,522
2321,518
2322,518
2323,516
2324,516
2325,524
2326,518
2327,516
2328,524
2329,520
2330,520
2331,518
2332,520
2333,516
2334,520
2335,520
2336,516
2337,520
2338,524
2339,516
2340,520
2341,522
2342,520
2343,514
2344,524
2345,518
2346,516
2347,522
2348,514
2349,518
2350,524
2351,516
2352,516
2353,518
2354,516
2355,522
2356,522
2357,516
2358,522
2359,518
2360,512
2361,518
2362,524
2363,516
2364,522
2365,520
2366,518
2367,518
2368,516
2369,516
2370,518
2371,518
2372,538
2373,516
2374,520
2375,514
2376,522
2377,524
2378,514
2379,516
2380,518
2381,512
2382,516
2383,522
2384,514
2385,520
2386,524
2387,518
2388,520
2389,516
2390,518
2391,516
2392,520
2393,518
2394,518
2395,522
2396,512
2397,570
2398,516
2399,520
2400,528
2401,518
2402,542
2403,520
2404,526
2405,514
2406,524
2407,516
2408,514
2409,520
2410,516
2411,520
2412,524
2413,520
2414,516
2415,520
2416,522
2417,522
2418,526
2419,522
2420,518
2421,520
2422,524
2423,522
2424,524
2425,522
2426,522
2427,526
2428,520
2429,514
2430,518
2431,526
2432,514
2433,522
2434,520
2435,518
2436,520
2437,518
2438,516
2439,524
2440,518
2441,520
2442,524
2443,520
2444,518
2445,518
2446,526
2447,520
2448,524
2449,524
2450,516
2451,524
2452,540
2453,518
2454,520
2455,518
2456,514
2457,524
2458,524
2459,510
2460,520
2461,520
2462,522
2463,518
2464,522
2465,520
2466,522
2467,524
2468,518
2469,522
2470,524
2471,520
2472,518
2473,526
2474,520
2475,522
2476,520
2477,514
2478,516
2479,522
2480,520
2481,524
2482,520
2483,514
2484,520
2485,520
2486,518
2487,524
2488,516
2489,518
2490,520
2491,522
2492,512
2493,520
2494,516
2495,514
2496,516
2497,518
2498,514
2499,520
2500,520
2501,520
2502,522
2503,524
2504,518
2505,522
2506,518
2507,518
2508,516
2509,516
2510,518
2511,522
2512,518
2513,518
2514,516
2515,520
2516,516
2517,522
2518,518
2519,520
2520,520
2521,522
2522,514
2523,518
2524,524
2525,520
2526,524
2527,580
2528,518
2529,524
2530,522
2531,512
2532,522
2533,524
2534,518
2535,520
2536,520
2537,522
2538,524
2539,522
2540,518
2541,524
2542,522
2543,514
2544,522
2545,522
2546,514
2547,520
2548,524
2549,520
2550,522
2551,526
2552,514
2553,522
2554,524
2555,522
2556,524
2557,520
2558,518
2559,526
2560,520
2561,522
2562,518
2563,522
2564,520
2565,524
2566,524
2567,520
2568,522
2569,518
2570,518
2571,518
2572,518
2573,522
2574,520
2575,518
2576,518
2577,518
2578,520
2579,520
2580,522
2581,524
2582,518
2583,522
2584,518
2585,514
2586,516
2587,518
2588,516
2589,522
2590,574
2591,520
2592,524
2593,518
2594,516
2595,522
2596,518
2597,520
2598,526
2599,520
2600,522
2601,518
2602,518
2603,514
2604,518
2605,518
2606,518
2607,522
2608,518
2609,520
2610,516
2611,516
2612,518
2613,522
2614,520
2615,512
2616,520
2617,524
2618,510
2619,524
2620,516
2621,518
2622,518
2623,520
2624,516
2625,518
2626,518
2627,520
2628,518
2629,520
2630,518
2631,524
2632,522
2633,518
2634,522
2635,522
2636,514
2637,520
2638,518
2639,518
2640,520
2641,520
2642,520
2643,518
2644,522
2645,516
2646,518
2647,526
2648,518
2649,522
2650,520
2651,514
2652,522
2653,516
2654,514
2655,516
2656,580
2657,522
2658,522
2659,522
2660,518
2661,516
2662,524
2663,514
2664,522
2665,516
2666,520
2667,518
2668,524
2669,516
2670,516
2671,524
2672,512
2673,518
2674,526
2675,514
2676,520
2677,528
2678,516
2679,522
2680,522
2681,520
2682,518
2683,522
2684,514
2685,522
2686,518
2687,522
2688,522
2689,516
2690,516
2691,522
2692,522
2693,524
2694,522
2695,524
2696,520
2697,522
2698,522
2699,518
2700,524
2701,522
2702,518
2703,524
2704,526
2705,520
2706,524
2707,520
2708,518
2709,518
2710,516
2711,518
2712,520
2713,518
2714,516
2715,520
2716,522
2717,514
2718,522
2719,520
2720,518
2721,524
2722,520
2723,516
2724,516
2725,522
2726,518
2727,520
2728,520
2729,514
2730,522
2731,520
2732,520
2733,522
2734,518
2735,514
2736,524
2737,554
2738,512
2739,524
2740,524
2741,516
2742,522
2743,518
2744,516
2745,518
2746,520
2747,512
2748,520
2749,524
2750,514
2751,524
2752,522
2753,514
2754,518
2755,520
2756,516
2757,518
2758,520
2759,518
2760,526
2761,522
2762,512
2763,520
2764,520
2765,518
2766,516
2767,520
2768,512
2769,520
2770,524
2771,520
2772,526
2773,520
2774,520
2775,518
2776,516
2777,518
2778,522
2779,518
2780,522
2781,520
2782,520
2783,514
2784,522
2785,524
2786,518
2787,522
2788,522
2789,518
2790,526
2791,524
2792,514
2793,520
2794,520
2795,516
2796,520
2797,520
2798,522
2799,520
2800,578
2801,518
2802,522
2803,522
2804,520
2805,520
2806,520
2807,520
2808,524
2809,522
2810,516
2811,522
2812,524
2813,518
2814,524
2815,518
2816,516
2817,518
2818,524
2819,514
2820,520
2821,514
2822,514
2823,520
2824,518
2825,514
2826,526
2827,522
2828,520
2829,520
2830,526
2831,520
2832,518
2833,520
2834,516
2835,522
2836,524
2837,518
2838,524
2839,516
2840,520
2841,520
2842,520
2843,516
2844,520
2845,518
2846,518
2847,520
2848,520
2849,514
2850,522
2851,516
2852,562
2853,522
2854,520
2855,512
2856,514
2857,528
2858,520
2859,522
2860,518
2861,516
2862,524
2863,518
2864,514
2865,516
2866,522
2867,516
2868,520
2869,518
2870,520
2871,524
2872,524
2873,512
2874,518
2875,520
2876,514
2877,522
2878,522
2879,516
2880,516
2881,518
2882,522
2883,518
2884,518
2885,518
2886,518
2887,522
2888,520
2889,524
2890,516
2891,516
2892,524
2893,520
2894,514
2895,518
2896,516
2897,514
2898,520
2899,520
2900,516
2901,518
2902,520
2903,518
2904,522
2905,520
2906,516
2907,524
2908,520
2909,518
2910,578
2911,514
2912,522
2913,520
2914,522
2915,522
2916,524
2917,516
2918,528
2919,524
2920,520
2921,518
2922,524
2923,522
2924,524
2925,524
2926,518
2927,520
2928,516
2929,520
2930,526
2931,524
2932,516
2933,518
2934,520
2935,516
2936,526
2937,528
2938,514
2939,522
2940,518
2941,514
2942,520
2943,524
2944,518
2945,520
2946,524
2947,518
2948,524
2949,522
2950,516
2951,522
2952,520
2953,514
2954,520
2955,522
2956,516
2957,522
2958,524
2959,520
2960,520
2961,520
2962,516
2963,522
2964,520
2965,512
2966,520
2967,522
2968,518
2969,516
2970,522
2971,576
2972,516
2973,516
2974,512
2975,522
2976,522
2977,518
2978,520
2979,522
2980,514
2981,518
2982,518
2983,512
2984,522
2985,520
2986,514
2987,516
2988,522
2989,514
2990,522
2991,520
2992,514
2993,520
2994,524
2995,516
2996,516
2997,522
2998,516
2999,524
3000,522
3001,512
3002,522
3003,524
3004,520
3005,516
3006,524
3007,520
3008,524
3009,520
3010,520
3011,520
3012,518
3013,518
3014,520
3015,516
3016,516
3017,518
3018,516
3019,520
3020,522
3021,518
3022,514
3023,520
3024,516
3025,516
3026,514
3027,526
3028,520
3029,522
3030,522
3031,576
3032,520
3033,520
3034,520
3035,516
3036,520
3037,514
3038,518
3039,526
3040,516
3041,526
3042,520
3043,522
3044,526
3045,526
3046,524
3047,522
3048,524
3049,518
3050,524
3051,524
3052,520
3053,524
3054,524
3055,516
3056,518
3057,524
3058,514
3059,520
3060,524
3061,518
3062,520
3063,522
3064,518
3065,518
3066,524
3067,518
3068,524
3069,520
3070,518
3071,524
3072,520
3073,516
3074,524
3075,514
3076,516
3077,520
3078,520
3079,520
3080,524
3081,516
3082,516
3083,518
3084,524
3085,516
3086,518
3087,522
3088,572
3089,522
3090,520
3091,512
3092,524
3093,518
3094,514
3095,524
3096,520
3097,516
3098,520
3099,522
3100,518
3101,522
3102,518
3103,520
3104,520
3105,522
3106,514
3107,522
3108,522
3109,516
3110,520
3111,516
3112,516
3113,518
3114,516
3115,510
3116,518
3117,516
3118,512
3119,522
3120,522
3121,520
3122,520
3123,522
3124,512
3125,522
3126,516
3127,520
3128,518
3129,518
3130,516
3131,518
3132,522
3133,518
3134,518
3135,518
3136,514
3137,516
3138,522
3139,512
3140,522
3141,518
3142,518
3143,516
3144,524
3145,514
3146,520
3147,524
3148,516
3149,518
3150,520
3151,520
3152,560
3153,520
3154,520
3155,520
3156,524
3157,520
3158,524
3159,522
3160,520
3161,524
3162,524
3163,518
3164,524
3165,522
3166,514
3167,526
3168,522
3169,522
3170,524
3171,518
3172,520
3173,520
3174,524
3175,520
3176,526
3177,518
3178,520
3179,518
3180,524
3181,518
3182,522
3183,518
3184,520
3185,526
3186,524
3187,518
3188,520
3189,522
3190,520
3191,524
3192,518
3193,520
3194,520
3195,522
3196,516
3197,522
3198,524
3199,514
3200,524
3201,524
3202,518
3203,518
3204,520
3205,518
3206,524
3207,520
3208,516
3209,522
3210,520
3211,574
3212,520
3213,522
3214,514
3215,518
3216,520
3217,514
3218,518
3219,522
3220,520
3221,518
3222,518
3223,518
3224,522
3225,520
3226,512
3227,522
3228,522
3229,514
3230,522
3231,520
3232,512
3233,522
3234,520
3235,514
3236,520
3237,518
3238,518
3239,518
3240,518
3241,520
3242,522
3243,522
3244,516
3245,522
3246,522
3247,518
3248,516
3249,522
3250,516
3251,520
3252,516
3253,518
3254,520
3255,520
3256,512
3257,522
3258,518
3259,518
3260,524
3261,518
3262,514
3263,522
3264,518
3265,518
3266,516
3267,520
3268,516
3269,524
3270,522
3271,520
3272,564
3273,520
3274,516
3275,518
3276,518
3277,514
3278,524
3279,520
3280,524
3281,518
3282,520
3283,520
3284,526
3285,522
3286,520
3287,524
3288,516
3289,516
3290,524
3291,526
3292,516
3293,524
3294,524
3295,520
3296,520
3297,520
3298,518
3299,524
3300,518
3301,522
3302,518
3303,526
3304,518
3305,516
3306,524
3307,518
3308,562
3309,524
3310,528
3311,522
3312,518
3313,522
3314,522
3315,522
3316,524
3317,522
3318,522
3319,518
3320,524
3321,520
3322,518
3323,524
3324,524
3325,522
3326,522
3327,522
3328,516
3329,516
3330,518
3331,514
3332,524
3333,518
3334,518
3335,516
3336,520
3337,514
3338,518
3339,520
3340,520
3341,520
3342,524
3343,516
3344,520
3345,520
3346,516
3347,520
3348,520
3349,520
3350,516
3351,520
3352,518
3353,522
3354,520
3355,514
3356,522
3357,522
3358,518
3359,516
3360,520
3361,516
3362,524
3363,524
3364,512
3365,522
3366,514
3367,514
3368,520
3369,520
3370,520
3371,578
3372,514
3373,514
3374,522
3375,520
3376,522
3377,522
3378,512
3379,524
3380,522
3381,516
3382,524
3383,518
3384,520
3385,526
3386,526
3387,522
3388,522
3389,524
3390,516
3391,520
3392,516
3393,514
3394,524
3395,524
3396,516
3397,524
3398,516
3399,512
3400,520
3401,518
3402,520
3403,522
3404,522
3405,514
3406,522
3407,524
3408,514
3409,522
3410,526
3411,518
3412,520
3413,518
3414,520
3415,524
3416,524
3417,514
3418,520
3419,526
3420,514
3421,518
3422,518
3423,520
3424,520
3425,518
3426,512
3427,524
3428,520
3429,512
3430,520
3431,520
3432,522
3433,524
3434,524
3435,520
3436,518
3437,518
3438,518
3439,522
3440,520
3441,520
3442,524
3443,540
3444,516
3445,516
3446,520
3447,516
3448,518
3449,520
3450,516
3451,522
3452,520
3453,516
3454,520
3455,520
3456,516
3457,518
3458,524
3459,522
3460,516
3461,522
3462,518
3463,520
3464,524
3465,518
3466,518
3467,516
3468,518
3469,522
3470,522
3471,516
3472,518
3473,522
3474,516
3475,520
3476,522
3477,512
3478,524
3479,522
3480,510
3481,522
3482,522
3483,520
3484,520
3485,520
3486,518
3487,514
3488,518
3489,514
3490,522
3491,520
3492,512
3493,520
3494,520
3495,518
3496,518
3497,520
3498,512
3499,524
3500,528
3501,514
3502,520
3503,524
3504,520
3505,522
3506,602
3507,516
3508,518
3509,518
3510,514
3511,516
3512,516
3513,520
3514,518
3515,518
3516,518
3517,522
3518,518
3519,518
3520,524
3521,522
3522,516
3523,522
3524,522
3525,522
3526,518
3527,518
3528,524
3529,520
3530,518
3531,518
3532,524
3533,524
3534,522
3535,524
3536,516
3537,520
3538,520
3539,526
3540,522
3541,524
3542,524
3543,518
3544,524
3545,524
3546,516
3547,524
3548,524
3549,522
3550,518
3551,522
3552,514
3553,526
3554,520
3555,516
3556,520
3557,516
3558,518
3559,522
3560,516
3561,516
3562,520
3563,520
3564,516
3565,524
3566,520
3567,518
3568,522
3569,560
3570,516
3571,520
3572,518
3573,512
3574,518
3575,518
3576,520
3577,518
3578,524
3579,522
3580,524
3581,522
3582,522
3583,522
3584,524
3585,522
3586,524
3587,520
3588,512
3589,522
3590,520
3591,516
3592,520
3593,520
3594,518
3595,520
3596,520
3597,516
3598,516
3599,524
3600,518
3601,524
3602,520
3603,512
3604,516
3605,520
3606,512
3607,518
3608,518
3609,516
3610,520
3611,520
3612,518
3613,522
3614,520
3615,512
3616,522
3617,518
3618,512
3619,520
3620,520
3621,518
3622,520
3623,522
3624,518
3625,522
3626,522
3627,516
3628,524
3629,520
3630,520
3631,522
3632,578
3633,520
3634,524
3635,526
3636,514
3637,522
3638,524
3639,516
3640,520
3641,524
3642,520
3643,526
3644,520
3645,522
3646,520
3647,520
3648,516
3649,524
3650,520
3651,520
3652,520
3653,520
3654,510
3655,520
3656,522
3657,516
3658,520
3659,524
3660,520
3661,518
3662,522
3663,518
3664,522
3665,524
3666,522
3667,520
3668,520
3669,522
3670,520
3671,522
3672,514
3673,524
3674,520
3675,520
3676,522
3677,524
3678,516
3679,524
3680,524
3681,516
3682,520
3683,520
3684,520
3685,518
3686,524
3687,516
3688,526
3689,524
3690,522
3691,524
3692,522
3693,514
3694,524
3695,516
3696,514
3697,518
3698,594
3699,514
3700,518
3701,522
3702,518
3703,526
3704,522
3705,518
3706,522
3707,522
3708,520
3709,516
3710,522
3711,516
3712,522
3713,520
3714,518
3715,516
3716,522
3717,516
3718,522
3719,518
3720,520
3721,518
3722,516
3723,512
3724,522
3725,522
3726,512
3727,522
3728,518
3729,516
3730,518
3731,518
3732,520
3733,518
3734,520
3735,516
3736,516
3737,516
3738,516
3739,524
3740,514
3741,518
3742,520
3743,522
3744,520
3745,524
3746,524
3747,512
3748,524
3749,520
3750,514
3751,520
3752,524
3753,518
3754,526
3755,518
3756,516
3757,518
3758,518
3759,516
3760,522
3761,518
3762,514
3763,566
3764,534
3765,526
3766,516
3767,518
3768,524
3769,522
3770,518
3771,520
3772,520
3773,516
3774,538
3775,524
3776,520
3777,528
3778,524
3779,522
3780,520
3781,518
3782,520
3783,520
3784,520
3785,518
3786,520
3787,518
3788,520
3789,526
3790,526
3791,516
3792,522
3793,524
3794,518
3795,522
3796,520
3797,520
3798,526
3799,518
3800,516
3801,522
3802,520
3803,518
3804,518
3805,522
3806,514
3807,520
3808,518
3809,514
3810,518
3811,524
3812,512
3813,522
3814,518
3815,512
3816,520
3817,524
3818,514
3819,592
3820,514
3821,518
3822,522
3823,514
3824,522
3825,524
3826,520
3827,518
3828,518
3829,516
3830,524
3831,522
3832,518
3833,518
3834,516
3835,520
3836,522
3837,518
3838,518
3839,522
3840,522
3841,518
3842,522
3843,522
3844,512
3845,516
3846,522
3847,516
3848,520
3849,524
3850,520
3851,524
3852,518
3853,520
3854,518
3855,522
3856,512
3857,516
3858,522
3859,512
3860,518
3861,514
3862,512
3863,520
3864,520
3865,518
3866,522
3867,522
3868,520
3869,520
3870,518
3871,512
3872,524
3873,522
3874,518
3875,518
3876,576
3877,520
3878,524
3879,520
3880,518
3881,516
3882,524
3883,518
3884,520
3885,518
3886,512
3887,524
3888,524
3889,520
3890,526
3891,522
3892,516
3893,520
3894,526
3895,516
3896,520
3897,520
3898,520
3899,524
3900,520
3901,520
3902,524
3903,520
3904,514
3905,516
3906,520
3907,516
3908,520
3909,520
3910,514
3911,522
3912,524
3913,514
3914,524
3915,524
3916,516
3917,518
3918,526
3919,518
3920,522
3921,522
3922,516
3923,518
3924,520
3925,520
3926,524
3927,522
3928,512
3929,520
3930,524
3931,516
3932,520
3933,524
3934,518
3935,524
3936,522
3937,520
3938,524
3939,560
3940,518
3941,524
3942,518
3943,514
3944,518
3945,516
3946,516
3947,520
3948,520
3949,522
3950,518
3951,518
3952,516
3953,524
3954,520
3955,512
3956,518
3957,520
3958,516
3959,522
3960,524
3961,518
3962,520
3963,518
3964,518
3965,520
3966,524
3967,520
3968,518
3969,522
3970,518
3971,522
3972,516
3973,514
3974,522
3975,518
3976,518
3977,518
3978,520
3979,516
3980,520
3981,522
3982,516
3983,518
3984,524
3985,518
3986,522
3987,522
3988,514
3989,520
3990,518
3991,516
3992,520
3993,518
3994,514
3995,524
3996,516
3997,518
3998,522
3999,582
4000,518
4001,520
4002,518
4003,520
4004,522
4005,524
4006,514
4007,516
4008,518
4009,518
4010,522
4011,520
4012,516
4013,524
4014,526
4015,514
4016,522
4017,522
4018,512
4019,526
4020,520
4021,518
4022,520
4023,522
4024,516
4025,524
4026,522
4027,520
4028,522
4029,514
4030,518
4031,516
4032,518
4033,514
4034,520
4035,524
4036,518
4037,524
4038,520
4039,512
4040,522
4041,522
4042,512
4043,524
4044,522
4045,520
4046,518
4047,520
4048,518
4049,520
4050,526
4051,516
4052,520
4053,522
4054,520
4055,524
4056,562
4057,514
4058,520
4059,524
4060,520
4061,520
4062,520
4063,516
4064,524
4065,526
4066,516
4067,520
4068,518
4069,514
4070,522
4071,516
4072,516
4073,520
4074,524
4075,518
4076,520
4077,520
4078,516
4079,518
4080,520
4081,516
4082,520
4083,520
4084,512
4085,522
4086,518
4087,512
4088,524
4089,516
4090,520
4091,520
4092,522
4093,516
4094,518
4095,518
4096,516
4097,520
4098,520
4099,518
4100,516
4101,518
4102,518
4103,516
4104,526
4105,512
4106,522
4107,516
4108,512
4109,522
4110,520
4111,516
4112,518
4113,558
4114,516
4115,524
4116,520
4117,516
4118,518
4119,520
4120,514
4121,516
4122,520
4123,518
4124,522
4125,522
4126,510
4127,516
4128,520
4129,522
4130,524
4131,522
4132,516
4133,520
4134,522
4135,518
4136,520
4137,524
4138,520
4139,522
4140,518
4141,520
4142,520
4143,518
4144,514
4145,514
4146,522
4147,522
4148,518
4149,522
4150,516
4151,522
4152,520
4153,514
4154,522
4155,520
4156,520
4157,518
4158,522
4159,514
4160,522
4161,522
4162,520
4163,520
4164,520
4165,520
4166,524
4167,518
4168,522
4169,522
4170,526
4171,514
4172,556
4173,524
4174,516
4175,524
4176,518
4177,522
4178,526
4179,524
4180,518
4181,520
4182,524
4183,516
4184,518
4185,524
4186,518
4187,520
4188,520
4189,518
4190,524
4191,518
4192,516
4193,522
4194,524
4195,518
4196,522
4197,522
4198,516
4199,522
4200,518
4201,518
4202,520
4203,518
4204,516
4205,520
4206,524
4207,518
4208,516
4209,526
4210,518
4211,520
4212,524
4213,520
4214,520
4215,518
4216,520
4217,518
4218,570
4219,524
4220,520
4221,516
4222,528
4223,524
4224,518
4225,522
4226,524
4227,522
4228,518
4229,520
4230,524
4231,518
4232,518
4233,516
4234,520
4235,522
4236,520
4237,514
4238,520
4239,516
4240,510
4241,520
4242,518
4243,518
4244,524
4245,520
4246,514
4247,524
4248,518
4249,520
4250,520
4251,524
4252,518
4253,524
4254,522
4255,520
4256,520
4257,522
4258,516
4259,520
4260,524
4261,514
4262,524
4263,520
4264,520
4265,520
4266,522
4267,516
4268,524
4269,520
4270,522
4271,522
4272,522
4273,520
4274,520
4275,562
4276,514
4277,526
4278,518
4279,520
4280,522
4281,524
4282,518
4283,524
4284,520
4285,516
4286,524
4287,522
4288,520
4289,520
4290,520
4291,514
4292,524
4293,518
4294,516
4295,520
4296,520
4297,520
4298,522
4299,516
4300,520
4301,518
4302,524
4303,520
4304,518
4305,520
4306,520
4307,524
4308,522
4309,516
4310,520
4311,524
4312,516
4313,518
4314,524
4315,516
4316,524
4317,518
4318,512
4319,518
4320,516
4321,27348
4322,574
4323,516
4324,522
4325,518
4326,516
4327,514
4328,522
4329,516
4330,520
4331,520
4332,524
4333,520
4334,516
4335,520
4336,516
4337,524
4338,516
4339,514
4340,522
4341,518
4342,516
4343,524
4344,520
4345,526
4346,520
4347,524
4348,520
4349,518
4350,522
4351,516
4352,520
4353,522
4354,516
4355,524
4356,518
4357,516
4358,526
4359,522
4360,518
4361,526
4362,516
4363,514
4364,520
4365,522
4366,514
4367,524
4368,524
4369,522
4370,518
4371,516
4372,516
4373,528
4374,518
4375,516
4376,522
4377,526
4378,514
4379,518
4380,520
4381,524
4382,520
4383,522
4384,560
4385,522
4386,524
4387,518
4388,526
4389,518
4390,518
4391,524
4392,518
4393,518
4394,522
4395,524
4396,516
4397,522
4398,520
4399,516
4400,522
4401,522
4402,512
4403,522
4404,520
4405,514
4406,518
4407,520
4408,518
4409,516
4410,520
4411,514
4412,520
4413,524
4414,520
4415,522
4416,524
4417,516
4418,524
4419,524
4420,518
4421,522
4422,518
4423,518
4424,514
4425,518
4426,516
4427,520
4428,518
4429,516
4430,518
4431,516
4432,518
4433,516
4434,518
4435,520
4436,522
4437,520
4438,518
4439,518
4440,522
4441,520
4442,522
4443,516
4444,516
4445,518
4446,516
4447,522
4448,518
4449,518
4450,520
4451,516
4452,524
4453,558
4454,524
4455,522
4456,516
4457,518
4458,520
4459,520
4460,522
4461,522
4462,518
4463,522
4464,524
4465,518
4466,520
4467,518
4468,514
4469,520
4470,522
4471,520
4472,518
4473,518
4474,520
4475,518
4476,520
4477,522
4478,518
4479,520
4480,520
4481,522
4482,526
4483,520
4484,520
4485,522
4486,520
4487,524
4488,522
4489,516
4490,522
4491,522
4492,514
4493,524
4494,522
4495,516
4496,520
4497,522
4498,520
4499,522
4500,520
4501,522
4502,524
4503,520
4504,520
4505,520
4506,524
4507,518
4508,522
4509,524
4510,520
4511,524
4512,522
4513,518
4514,526
4515,522
4516,518
4517,522
4518,524
4519,520
4520,522
4521,522
4522,564
4523,522
4524,520
4525,520
4526,516
4527,522
4528,516
4529,526
4530,524
4531,514
4532,522
4533,518
4534,516
4535,524
4536,522
4537,512
4538,524
4539,516
4540,516
4541,520
4542,524
4543,514
4544,518
4545,522
4546,518
4547,522
4548,522
4549,516
4550,520
4551,524
4552,518
4553,524
4554,522
4555,516
4556,518
4557,520
4558,514
4559,518
4560,518
4561,518
4562,522
4563,524
4564,514
4565,520
4566,522
4567,518
4568,514
4569,520
4570,518
4571,518
4572,522
4573,516
4574,518
4575,524
4576,516
4577,522
4578,524
4579,514
4580,522
4581,518
4582,520
4583,516
4584,520
4585,552
4586,526
4587,522
4588,518
4589,524
4590,518
4591,522
4592,516
4593,516
4594,520
4595,520
4596,520
4597,520
4598,522
4599,522
4600,522
4601,526
4602,526
4603,522
4604,518
4605,524
4606,520
4607,518
4608,516
4609,520
4610,524
4611,524
4612,516
4613,524
4614,524
4615,520
4616,522
4617,520
4618,514
4619,518
4620,522
4621,514
4622,526
4623,526
4624,522
4625,524
4626,518
4627,514
4628,518
4629,518
4630,516
4631,524
4632,524
4633,520
4634,522
4635,524
4636,516
4637,518
4638,522
4639,516
4640,524
4641,518
4642,522
4643,520
4644,522
4645,520
4646,522
4647,526
4648,574
4649,522
4650,518
4651,514
4652,516
4653,522
4654,520
4655,520
4656,526
4657,514
4658,518
4659,516
4660,520
4661,516
4662,524
4663,516
4664,524
4665,524
4666,514
4667,518
4668,520
4669,518
4670,524
4671,522
4672,516
4673,562
4674,518
4675,522
4676,544
4677,520
4678,520
4679,514
4680,524
4681,522
4682,516
4683,520
4684,516
4685,524
4686,520
4687,520
4688,522
4689,528
4690,516
4691,518
4692,518
4693,516
4694,560
4695,516
4696,520
4697,522
4698,516
4699,522
4700,522
4701,518
4702,520
4703,516
4704,518
4705,520
4706,522
4707,520
4708,518
4709,518
4710,514
4711,522
4712,518
4713,518
4714,526
4715,520
4716,520
4717,522
4718,518
4719,518
4720,520
4721,526
4722,516
4723,520
4724,520
4725,514
4726,518
4727,522
4728,516
4729,526
4730,524
4731,516
4732,524
4733,524
4734,516
4735,522
4736,518
4737,516
4738,524
4739,520
4740,522
4741,518
4742,520
4743,518
4744,526
4745,524
4746,514
4747,522
4748,520
4749,518
4750,522
4751,524
4752,556
4753,520
4754,520
4755,512
4756,522
4757,524
4758,512
4759,522
4760,518
4761,520
4762,522
4763,524
4764,520
4765,518
4766,520
4767,514
4768,520
4769,524
4770,518
4771,518
4772,520
4773,520
4774,526
4775,520
4776,516
4777,520
4778,518
4779,516
4780,522
4781,520
4782,520
4783,522
4784,522
4785,518
4786,520
4787,520
4788,516
4789,522
4790,522
4791,518
4792,520
4793,518
4794,512
4795,516
4796,524
4797,518
4798,522
4799,516
4800,516
4801,516
4802,520
4803,516
4804,522
4805,524
4806,514
4807,520
4808,518
4809,556
4810,522
4811,522
4812,512
4813,520
4814,522
4815,516
4816,524
4817,520
4818,518
4819,526
4820,522
4821,512
4822,520
4823,522
4824,516
4825,518
4826,524
4827,512
4828,518
4829,522
4830,514
4831,524
4832,524
4833,518
4834,522
4835,524
4836,520
4837,522
4838,520
4839,516
4840,524
4841,524
4842,518
4843,524
4844,522
4845,518
4846,518
4847,520
4848,518
4849,522
4850,518
4851,520
4852,522
4853,522
4854,512
4855,522
4856,524
4857,516
4858,520
4859,526
4860,522
4861,516
4862,524
4863,522
4864,516
4865,518
4866,522
4867,522
4868,560
4869,520
4870,522
4871,526
4872,518
4873,524
4874,524
4875,520
4876,516
4877,520
4878,520
4879,518
4880,526
4881,516
4882,524
4883,524
4884,514
4885,524
4886,522
4887,514
4888,524
4889,518
4890,516
4891,516
4892,524
4893,522
4894,524
4895,516
4896,514
4897,520
4898,518
4899,514
4900,518
4901,524
4902,514
4903,518
4904,518
4905,516
4906,524
4907,522
4908,516
4909,516
4910,518
4911,514
4912,520
4913,520
4914,518
4915,522
4916,522
4917,516
4918,522
4919,524
4920,514
4921,522
4922,522
4923,518
4924,516
4925,560
4926,514
4927,520
4928,520
4929,518
4930,520
4931,518
4932,514
4933,522
4934,522
4935,520
4936,520
4937,520
4938,518
4939,522
4940,518
4941,516
4942,520
4943,518
4944,514
4945,520
4946,520
4947,514
4948,516
4949,518
4950,512
4951,524
4952,524
4953,520
4954,526
4955,522
4956,516
4957,520
4958,520
4959,518
4960,524
4961,518
4962,514
4963,522
4964,520
4965,514
4966,518
4967,518
4968,516
4969,520
4970,520
4971,518
4972,516
4973,522
4974,514
4975,518
4976,522
4977,518
4978,524
4979,520
4980,516
4981,520
4982,560
4983,514
4984,524
4985,522
4986,518
4987,524
4988,518
4989,522
4990,524
4991,518
4992,520
4993,524
4994,522
4995,520
4996,516
4997,522
4998,518
4999,520
5000,524
5001,514
5002,520
5003,522
5004,518
5005,524
5006,524
5007,518
5008,520
5009,524
5010,512
5011,520
5012,522
5013,520
5014,524
5015,522
5016,518
5017,518
5018,522
5019,520
5020,522
5021,524
5022,514
5023,516
5024,520
5025,514
5026,522
5027,522
5028,516
5029,518
5030,524
5031,514
5032,524
5033,520
5034,518
5035,520
5036,518
5037,514
5038,518
5039,522
5040,556
5041,522
5042,520
5043,518
5044,522
5045,522
5046,516
5047,520
5048,524
5049,518
5050,520
5051,522
5052,516
5053,518
5054,522
5055,520
5056,524
5057,516
5058,514
5059,520
5060,518
5061,520
5062,522
5063,524
5064,514
5065,518
5066,522
5067,520
5068,518
5069,518
5070,520
5071,522
5072,524
5073,518
5074,518
5075,520
5076,518
5077,518
5078,522
5079,520
5080,520
5081,522
5082,518
5083,518
5084,520
5085,516
5086,520
5087,520
5088,518
5089,520
5090,524
5091,518
5092,518
5093,524
5094,520
5095,518
5096,556
5097,518
5098,520
5099,522
5100,518
5101,522
5102,524
5103,518
5104,520
5105,518
5106,520
5107,518
5108,524
5109,514
5110,520
5111,516
5112,518
5113,518
5114,520
5115,522
5116,524
5117,516
5118,516
5119,520
5120,522
5121,514
5122,522
5123,522
5124,518
5125,522
5126,520
5127,516
5128,560
5129,520
5130,524
5131,522
5132,520
5133,518
5134,522
5135,534
5136,524
5137,518
5138,518
5139,522
5140,522
5141,520
5142,522
5143,516
5144,514
5145,522
5146,524
5147,514
5148,518
5149,520
5150,516
5151,520
5152,522
5153,516
5154,522
5155,520
5156,514
5157,516
5158,524
5159,514
5160,518
5161,522
5162,516
5163,516
5164,520
5165,514
5166,522
5167,520
5168,516
5169,524
5170,522
5171,518
5172,516
5173,518
5174,518
5175,520
5176,518
5177,520
5178,522
5179,520
5180,514
5181,520
5182,522
5183,516
5184,522
5185,526
5186,518
5187,522
5188,524
5189,514
5190,524
5191,536
5192,516
5193,522
5194,520
5195,518
5196,518
5197,522
5198,514
5199,520
5200,522
5201,520
5202,518
5203,524
5204,518
5205,518
5206,520
5207,518
5208,518
5209,518
5210,520
5211,520
5212,522
5213,516
5214,524
5215,522
5216,520
5217,522
5218,522
5219,520
5220,518
5221,520
5222,520
5223,522
5224,524
5225,520
5226,526
5227,524
5228,520
5229,520
5230,524
5231,520
5232,520
5233,522
5234,516
5235,516
5236,522
5237,520
5238,524
5239,524
5240,516
5241,522
5242,520
5243,518
5244,520
5245,524
5246,520
5247,516
5248,518
5249,516
5250,522
5251,518
5252,516
5253,516
5254,524
5255,520
5256,520
5257,524
5258,520
5259,524
5260,540
5261,514
5262,522
5263,520
5264,512
5265,522
5266,516
5267,512
5268,520
5269,524
5270,516
5271,522
5272,520
5273,514
5274,520
5275,524
5276,512
5277,516
5278,518
5279,516
5280,518
5281,518
5282,514
5283,520
5284,522
5285,518
5286,522
5287,524
5288,514
5289,516
5290,520
5291,516
5292,516
5293,516
5294,514
5295,518
5296,516
5297,514
5298,518
5299,520
5300,518
5301,524
5302,524
5303,512
5304,514
5305,520
5306,518
5307,520
5308,520
5309,520
5310,522
5311,514
5312,516
5313,522
5314,518
5315,520
5316,524
5317,520
5318,518
5319,526
5320,518
5321,514
5322,520
5323,558
5324,520
5325,524
5326,522
5327,514
5328,518
5329,524
5330,522
5331,520
5332,522
5333,520
5334,524
5335,524
5336,518
5337,520
5338,518
5339,516
5340,522
5341,520
5342,520
5343,524
5344,522
5345,522
5346,524
5347,522
5348,522
5349,528
5350,522
5351,518
5352,520
5353,518
5354,520
5355,518
5356,518
5357,518
5358,524
5359,518
5360,522
5361,524
5362,526
5363,516
5364,526
5365,528
5366,514
5367,522
5368,524
5369,518
5370,522
5371,518
5372,518
5373,520
5374,526
5375,518
5376,520
5377,520
5378,516
5379,522
5380,518
5381,512
5382,518
5383,522
5384,518
5385,516
5386,562
5387,518
5388,520
5389,522
5390,514
5391,522
5392,520
5393,518
5394,522
5395,518
5396,520
5397,518
5398,522
5399,520
5400,522
5401,518
5402,514
5403,524
5404,524
5405,514
5406,524
5407,522
5408,512
5409,520
5410,522
5411,512
5412,518
5413,518
5414,518
5415,518
5416,520
5417,516
5418,522
5419,516
5420,516
5421,516
5422,522
5423,514
5424,522
5425,520
5426,518
5427,524
5428,518
5429,518
5430,520
5431,520
5432,520
5433,518
5434,518
5435,518
5436,518
5437,524
5438,520
5439,516
5440,524
5441,514
5442,520
5443,526
5444,518
5445,518
5446,518
5447,512
5448,524
5449,562
5450,516
5451,516
5452,524
5453,520
5454,520
5455,520
5456,516
5457,524
5458,524
5459,520
5460,520
5461,520
5462,518
5463,520
5464,524
5465,520
5466,524
5467,522
5468,520
5469,520
5470,522
5471,518
5472,526
5473,516
5474,516
5475,524
5476,522
5477,520
5478,524
5479,518
5480,516
5481,520
5482,524
5483,516
5484,524
5485,524
5486,520
5487,522
5488,520
5489,520
5490,524
5491,520
5492,520
5493,524
5494,522
5495,520
5496,520
5497,518
5498,516
5499,524
5500,520
5501,514
5502,520
5503,520
5504,514
5505,522
5506,524
5507,518
5508,522
5509,522
5510,518
5511,518
5512,524
5513,520
5514,522
5515,520
5516,518
5517,522
5518,554
5519,510
5520,522
5521,518
5522,516
5523,520
5524,522
5525,512
5526,520
5527,522
5528,516
5529,520
5530,520
5531,516
5532,524
5533,516
5534,514
5535,522
5536,520
5537,516
5538,520
5539,524
5540,514
5541,524
5542,522
5543,516
5544,522
5545,516
5546,512
5547,518
5548,516
5549,518
5550,518
5551,518
5552,518
5553,520
5554,522
5555,520
5556,524
5557,524
5558,514
5559,520
5560,522
5561,518
5562,520
5563,524
5564,518
5565,520
5566,516
5567,514
5568,522
5569,520
5570,514
5571,518
5572,518
5573,516
5574,520
5575,516
5576,522
5577,518
5578,524
5579,514
5580,522
5581,518
5582,516
5583,562
5584,518
5585,520
5586,516
5587,522
5588,534
5589,520
5590,524
5591,518
5592,516
5593,520
5594,516
5595,522
5596,524
5597,522
5598,512
5599,520
5600,522
5601,514
5602,524
5603,524
5604,522
5605,522
5606,524
5607,520
5608,522
5609,520
5610,522
5611,522
5612,520
5613,518
5614,524
5615,518
5616,518
5617,518
5618,522
5619,514
5620,524
5621,516
5622,520
5623,522
5624,524
5625,518
5626,518
5627,526
5628,518
5629,520
5630,518
5631,520
5632,522
5633,524
5634,516
5635,518
5636,520
5637,518
5638,520
5639,524
5640,516
5641,516
5642,526
5643,514
5644,578
5645,522
5646,512
5647,522
5648,522
5649,516
5650,516
5651,524
5652,516
5653,522
5654,522
5655,516
5656,518
5657,522
5658,516
5659,522
5660,520
5661,516
5662,522
5663,516
5664,516
5665,524
5666,520
5667,516
5668,516
5669,524
5670,512
5671,518
5672,520
5673,514
5674,518
5675,524
5676,520
5677,516
5678,524
5679,514
5680,522
5681,518
5682,514
5683,520
5684,522
5685,516
5686,520
5687,522
5688,514
5689,518
5690,522
5691,516
5692,526
5693,520
5694,518
5695,518
5696,522
5697,522
5698,520
5699,524
5700,520
5701,518
5702,518
5703,514
5704,558
5705,522
5706,520
5707,524
5708,520
5709,516
5710,522
5711,522
5712,516
5713,526
5714,520
5715,518
5716,520
5717,518
5718,518
5719,520
5720,520
5721,514
5722,522
5723,518
5724,520
5725,520
5726,524
5727,522
5728,526
5729,518
5730,520
5731,522
5732,526
5733,512
5734,524
5735,520
5736,518
5737,522
5738,524
5739,518
5740,524
5741,522
5742,516
5743,516
5744,524
5745,516
5746,520
5747,520
5748,522
5749,520
5750,516
5751,516
5752,522
5753,522
5754,514
5755,43316
5756,596
5757,532
5758,512
5759,516
5760,518
5761,520
5762,524
5763,522
5764,520
5765,522
5766,518
5767,516
5768,520
5769,524
5770,520
5771,520
5772,522
5773,518
5774,522
5775,524
5776,516
5777,524
5778,524
5779,518
5780,520
5781,524
5782,520
5783,524
5784,520
5785,512
5786,522
5787,520
5788,522
5789,520
5790,522
5791,516
5792,524
5793,516
5794,520
5795,518
5796,522
5797,522
5798,522
5799,520
5800,514
5801,520
5802,524
5803,522
5804,518
5805,524
5806,516
5807,516
5808,524
5809,514
5810,524
5811,526
5812,520
5813,520
5814,518
5815,516
5816,524
5817,520
5818,520
5819,522
5820,520
5821,514
5822,524
5823,520
5824,520
5825,524
5826,520
5827,518
5828,520
5829,520
5830,520
5831,536
5832,518
5833,514
5834,526
5835,520
5836,518
5837,522
5838,520
5839,518
5840,518
5841,522
5842,516
5843,518
5844,522
5845,514
5846,518
5847,518
5848,516
5849,524
5850,524
5851,520
5852,518
5853,522
5854,516
5855,522
5856,524
5857,514
5858,518
5859,520
5860,516
5861,522
5862,522
5863,520
5864,524
5865,520
5866,516
5867,522
5868,524
5869,512
5870,522
5871,522
5872,514
5873,524
5874,518
5875,514
5876,520
5877,518
5878,514
5879,522
5880,522
5881,516
5882,522
5883,520
5884,520
5885,524
5886,520
5887,522
5888,526
5889,520
5890,522
5891,520
5892,518
5893,516
5894,568
5895,518
5896,520
5897,520
5898,518
5899,522
5900,522
5901,522
5902,520
5903,520
5904,520
5905,526
5906,520
5907,514
5908,518
5909,516
5910,518
5911,526
5912,520
5913,516
5914,522
5915,518
5916,518
5917,522
5918,518
5919,520
5920,522
5921,518
5922,514
5923,522
5924,526
5925,518
5926,518
5927,522
5928,518
5929,518
5930,522
5931,520
5932,522
5933,524
5934,520
5935,522
5936,524
5937,520
5938,516
5939,518
5940,516
5941,524
5942,524
5943,522
5944,518
5945,522
5946,514
5947,522
5948,518
5949,518
5950,520
5951,522
5952,518
5953,520
5954,520
5955,518
5956,520
5957,516
5958,516
5959,518
5960,534
5961,518
5962,520
5963,524
5964,514
5965,516
5966,522
5967,518
5968,522
5969,520
5970,516
5971,516
5972,516
5973,514
5974,516
5975,516
5976,518
5977,520
5978,522
5979,518
5980,522
5981,522
5982,516
5983,516
5984,520
5985,518
5986,522
5987,522
5988,518
5989,522
5990,522
5991,520
5992,524
5993,516
5994,516
5995,526
5996,522
5997,518
5998,520
5999,520
6000,520
6001,522
6002,524
6003,514
6004,520
6005,520
6006,512
6007,522
6008,524
6009,516
6010,520
6011,524
6012,514
6013,524
6014,520
6015,516
6016,524
6017,522
6018,516
6019,516
6020,520
6021,514
6022,524
6023,520
6024,518
6025,520
6026,522
6027,520
6028,526
6029,522
6030,520
6031,522
6032,524
6033,518
6034,524
6035,522
6036,516
6037,524
6038,552
6039,522
6040,524
6041,524
6042,518
6043,520
6044,520
6045,524
6046,516
6047,520
6048,524
6049,530
6050,528
6051,516
6052,522
6053,520
6054,524
6055,522
6056,520
6057,518
6058,528
6059,520
6060,518
6061,520
6062,520
6063,516
6064,514
6065,518
6066,516
6067,518
6068,520
6069,518
6070,518
6071,522
6072,516
6073,520
6074,518
6075,516
6076,522
6077,524
6078,518
6079,520
6080,522
6081,518
6082,524
6083,518
6084,516
6085,524
6086,520
6087,518
6088,520
6089,524
6090,514
6091,526
6092,520
6093,512
6094,520
6095,520
6096,516
6097,522
6098,524
6099,516
6100,522
6101,518
6102,520
6103,516
6104,524
6105,516
6106,522
6107,518
6108,520
6109,524
6110,516
6111,518
6112,516
6113,516
6114,512
6115,524
6116,524
6117,516
6118,524
6119,524
6120,514
6121,520
6122,520
6123,522
6124,526
6125,524
6126,562
6127,524
6128,518
6129,516
6130,520
6131,524
6132,520
6133,526
6134,524
6135,514
6136,522
6137,524
6138,518
6139,522
6140,524
6141,522
6142,522
6143,520
6144,514
6145,518
6146,526
6147,516
6148,522
6149,524
6150,524
6151,526
6152,526
6153,516
6154,524
6155,522
6156,520
6157,518
6158,518
6159,516
6160,522
6161,520
6162,516
6163,520
6164,518
6165,514
6166,520
6167,522
6168,518
6169,526
6170,524
6171,514
6172,522
6173,526
6174,518
6175,526
6176,526
6177,514
6178,524
6179,520
6180,520
6181,524
6182,524
6183,516
6184,520
6185,526
6186,560
6187,522
6188,520
6189,512
6190,516
6191,520
6192,520
6193,520
6194,520
6195,514
6196,518
6197,518
6198,516
6199,518
6200,520
6201,514
6202,516
6203,518
6204,514
6205,522
6206,520
6207,510
6208,518
6209,522
6210,518
6211,522
6212,516
6213,514
6214,514
6215,524
6216,512
6217,518
6218,520
6219,514
6220,516
6221,520
6222,518
6223,524
6224,516
6225,514
6226,524
6227,524
6228,516
6229,522
6230,522
6231,520
6232,516
6233,518
6234,516
6235,522
6236,522
6237,514
6238,522
6239,520
6240,520
6241,518
6242,522
6243,512
6244,518
6245,518
6246,558
6247,524
6248,524
6249,514
6250,518
6251,524
6252,518
6253,522
6254,522
6255,518
6256,522
6257,526
6258,520
6259,526
6260,522
6261,516
6262,520
6263,526
6264,516
6265,520
6266,524
6267,516
6268,524
6269,522
6270,520
6271,522
6272,522
6273,514
6274,524
6275,526
6276,514
6277,526
6278,524
6279,518
6280,522
6281,520
6282,522
6283,524
6284,526
6285,514
6286,520
6287,526
6288,520
6289,520
6290,518
6291,514
6292,522
6293,524
6294,520
6295,516
6296,520
6297,518
6298,524
6299,524
6300,516
6301,522
6302,518
6303,520
6304,516
6305,522
6306,518
6307,526
6308,524
6309,572
6310,522
6311,524
6312,520
6313,524
6314,520
6315,516
6316,520
6317,520
6318,516
6319,520
6320,518
6321,518
6322,522
6323,522
6324,516
6325,522
6326,518
6327,520
6328,522
6329,522
6330,520
6331,518
6332,520
6333,520
6334,520
6335,514
6336,514
6337,518
6338,520
6339,518
6340,524
6341,516
6342,510
6343,522
6344,516
6345,516
6346,524
6347,520
6348,518
6349,520
6350,520
6351,520
6352,520
6353,518
6354,518
6355,516
6356,522
6357,520
6358,514
6359,520
6360,518
6361,526
6362,520
6363,518
6364,522
6365,522
6366,516
6367,522
6368,516
6369,520
6370,520
6371,524
6372,522
6373,524
6374,526
6375,556
6376,520
6377,520
6378,516
6379,518
6380,522
6381,518
6382,522
6383,524
6384,520
6385,524
6386,518
6387,514
6388,518
6389,522
6390,518
6391,518
6392,522
6393,522
6394,522
6395,518
6396,516
6397,518
6398,520
6399,514
6400,522
6401,524
6402,516
6403,526
6404,522
6405,520
6406,520
6407,524
6408,520
6409,520
6410,520
6411,516
6412,526
6413,524
6414,520
6415,520
6416,518
6417,514
6418,522
6419,520
6420,516
6421,518
6422,524
6423,520
6424,520
6425,520
6426,520
6427,524
6428,524
6429,516
6430,520
6431,524
6432,558
6433,520
6434,522
6435,520
6436,524
6437,522
6438,518
6439,522
6440,518
6441,518
6442,522
6443,522
6444,516
6445,518
6446,520
6447,514
6448,522
6449,520
6450,516
6451,526
6452,518
6453,514
6454,518
6455,516
6456,518
6457,520
6458,522
6459,514
6460,516
6461,518
6462,520
6463,516
6464,524
6465,518
6466,520
6467,522
6468,518
6469,524
6470,520
6471,522
6472,518
6473,518
6474,516
6475,518
6476,522
6477,518
6478,520
6479,524
6480,514
6481,520
6482,524
6483,518
6484,524
6485,522
6486,514
6487,522
6488,522
6489,516
6490,516
6491,522
6492,544
6493,564
6494,522
6495,528
6496,512
6497,518
6498,518
6499,520
6500,534
6501,522
6502,522
6503,522
6504,522
6505,524
6506,514
6507,518
6508,522
6509,520
6510,526
6511,524
6512,514
6513,520
6514,518
6515,516
6516,520
6517,522
6518,514
6519,524
6520,522
6521,514
6522,524
6523,522
6524,516
6525,526
6526,528
6527,520
6528,524
6529,528
6530,520
6531,520
6532,524
6533,516
6534,522
6535,520
6536,514
6537,520
6538,524
6539,512
6540,520
6541,516
6542,516
6543,520
6544,524
6545,520
6546,522
6547,524
6548,520
6549,520
6550,540
6551,522
6552,516
6553,520
6554,520
6555,516
6556,524
6557,516
6558,526
6559,522
6560,514
6561,518
6562,518
6563,512
6564,524
6565,524
6566,520
6567,524
6568,518
6569,516
6570,518
6571,520
6572,520
6573,514
6574,520
6575,514
6576,518
6577,518
6578,516
6579,522
6580,522
6581,514
6582,518
6583,516
6584,514
6585,518
6586,524
6587,514
6588,522
6589,522
6590,512
6591,520
6592,524
6593,518
6594,522
6595,522
6596,518
6597,520
6598,518
6599,518
6600,524
6601,522
6602,512
6603,520
6604,584
6605,518
6606,516
6607,522
6608,514
6609,520
6610,526
6611,524
6612,524
6613,522
6614,514
6615,524
6616,522
6617,516
6618,518
6619,522
6620,514
6621,522
6622,522
6623,514
6624,524
6625,516
6626,512
6627,524
6628,516
6629,516
6630,524
6631,526
6632,522
6633,522
6634,522
6635,516
6636,520
6637,526
6638,520
6639,524
6640,520
6641,522
6642,520
6643,526
6644,520
6645,518
6646,524
6647,520
6648,518
6649,518
6650,518
6651,526
6652,524
6653,512
6654,522
6655,526
6656,516
6657,520
6658,524
6659,520
6660,528
6661,526
6662,520
6663,518
6664,562
6665,522
6666,520
6667,518
6668,520
6669,520
6670,518
6671,524
6672,514
6673,520
6674,522
6675,516
6676,526
6677,522
6678,518
6679,522
6680,522
6681,512
6682,522
6683,522
6684,520
6685,520
6686,522
6687,512
6688,520
6689,524
6690,520
6691,522
6692,516
6693,516
6694,516
6695,518
6696,516
6697,516
6698,516
6699,516
6700,520
6701,518
6702,512
6703,524
6704,518
6705,514
6706,524
6707,518
6708,512
6709,520
6710,524
6711,518
6712,518
6713,524
6714,518
6715,524
6716,518
6717,516
6718,520
6719,526
6720,514
6721,556
6722,520
6723,510
6724,518
6725,524
6726,514
6727,518
6728,524
6729,518
6730,524
6731,522
6732,518
6733,520
6734,524
6735,520
6736,518
6737,524
6738,518
6739,520
6740,522
6741,518
6742,516
6743,522
6744,514
6745,520
6746,526
6747,516
6748,516
6749,522
6750,522
6751,520
6752,522
6753,520
6754,522
6755,526
6756,516
6757,524
6758,524
6759,514
6760,520
6761,526
6762,518
6763,518
6764,520
6765,520
6766,524
6767,524
6768,520
6769,526
6770,518
6771,514
6772,524
6773,524
6774,520
6775,524
6776,526
6777,518
6778,560
6779,520
6780,518
6781,524
6782,526
6783,520
6784,522
6785,526
6786,510
6787,524
6788,520
6789,520
6790,524
6791,518
6792,522
6793,526
6794,516
6795,516
6796,520
6797,522
6798,516
6799,522
6800,524
6801,512
6802,524
6803,524
6804,514
6805,522
6806,516
6807,516
6808,524
6809,524
6810,516
6811,520
6812,524
6813,514
6814,524
6815,522
6816,512
6817,524
6818,520
6819,514
6820,522
6821,518
6822,514
6823,518
6824,520
6825,518
6826,522
6827,520
6828,520
6829,518
6830,524
6831,520
6832,520
6833,524
6834,516
6835,578
6836,522
6837,510
6838,526
6839,520
6840,518
6841,526
6842,520
6843,514
6844,520
6845,520
6846,518
6847,518
6848,520
6849,518
6850,520
6851,516
6852,522
6853,520
6854,520
6855,518
6856,518
6857,520
6858,516
6859,518
6860,522
6861,516
6862,524
6863,522
6864,518
6865,522
6866,524
6867,520
6868,524
6869,520
6870,516
6871,524
6872,522
6873,520
6874,524
6875,522
6876,520
6877,520
6878,522
6879,518
6880,518
6881,516
6882,520
6883,520
6884,524
6885,514
6886,518
6887,520
6888,516
6889,524
6890,516
6891,520
6892,526
6893,524
6894,522
6895,516
6896,524
6897,518
6898,564
6899,520
6900,518
6901,518
6902,528
6903,520
6904,518
6905,520
6906,518
6907,520
6908,522
6909,518
6910,518
6911,518
6912,522
6913,522
6914,516
6915,516
6916,524
6917,520
6918,516
6919,518
6920,518
6921,516
6922,520
6923,518
6924,516
6925,524
6926,516
6927,520
6928,524
6929,526
6930,514
6931,524
6932,522
6933,520
6934,520
6935,518
6936,520
6937,524
6938,516
6939,516
6940,518
6941,524
6942,516
6943,524
6944,524
6945,520
6946,518
6947,518
6948,566
6949,522
6950,518
6951,520
6952,518
6953,514
6954,524
6955,518
6956,516
6957,522
6958,516
6959,520
6960,524
6961,516
6962,516
6963,518
6964,516
6965,520
6966,524
6967,512
6968,518
6969,524
6970,518
6971,520
6972,522
6973,516
6974,520
6975,520
6976,518
6977,524
6978,522
6979,518
6980,516
6981,520
6982,514
6983,518
6984,520
6985,516
6986,522
6987,524
6988,514
6989,524
6990,524
6991,514
6992,558
6993,522
6994,516
6995,516
6996,526
6997,520
6998,524
6999,520
7000,516
7001,518
7002,522
7003,516
7004,522
7005,518
7006,516
7007,518
7008,524
7009,520
7010,526
7011,518
7012,514
7013,520
7014,520
7015,518
7016,520
7017,526
7018,516
7019,520
7020,522
7021,520
7022,520
7023,526
7024,522
7025,522
7026,520
7027,514
7028,524
7029,520
7030,514
7031,524
7032,518
7033,516
7034,524
7035,522
7036,518
7037,520
7038,518
7039,516
7040,522
7041,526
7042,518
7043,520
7044,522
7045,516
7046,520
7047,520
7048,514
7049,562
7050,524
7051,518
7052,522
7053,516
7054,518
7055,522
7056,520
7057,518
7058,516
7059,520
7060,516
7061,522
7062,516
7063,512
7064,516
7065,522
7066,514
7067,522
7068,524
7069,518
7070,516
7071,516
7072,512
7073,518
7074,522
7075,518
7076,522
7077,522
7078,518
7079,520
7080,516
7081,516
7082,518
7083,518
7084,520
7085,522
7086,522
7087,520
7088,522
7089,522
7090,520
7091,516
7092,522
7093,518
7094,522
7095,522
7096,514
7097,518
7098,518
7099,514
7100,520
7101,524
7102,516
7103,520
7104,558
7105,516
7106,518
7107,520
7108,514
7109,518
7110,520
7111,512
7112,522
7113,520
7114,514
7115,522
7116,522
7117,516
7118,520
7119,524
7120,516
7121,524
7122,518
7123,518
7124,524
7125,520
7126,514
7127,520
7128,516
7129,520
7130,526
7131,524
7132,518
7133,524
7134,524
7135,520
7136,524
7137,522
7138,520
7139,520
7140,522
7141,516
7142,526
7143,520
7144,516
7145,524
7146,520
7147,514
7148,514
7149,522
7150,518
7151,522
7152,520
7153,518
7154,522
7155,520
7156,518
7157,522
7158,522
7159,516
7160,522
7161,562
7162,512
7163,522
7164,522
7165,518
7166,516
7167,518
7168,516
7169,522
7170,518
7171,516
7172,524
7173,516
7174,512
7175,516
7176,524
7177,514
7178,522
7179,526
7180,522
7181,524
7182,524
7183,520
7184,518
7185,520
7186,516
7187,520
7188,520
7189,520
7190,522
7191,524
7192,516
7193,522
7194,522
7195,518
7196,518
7197,516
7198,514
7199,518
7200,518
7201,512
7202,518
7203,516
7204,518
7205,518
7206,522
7207,518
7208,522
7209,516
7210,518
7211,516
7212,520
7213,516
7214,518
7215,518
7216,520
7217,518
7218,518
7219,558
7220,520
7221,524
7222,520
7223,522
7224,524
7225,518
7226,524
7227,524
7228,514
7229,524
7230,524
7231,518
7232,518
7233,524
7234,516
7235,522
7236,518
7237,514
7238,524
7239,520
7240,516
7241,526
7242,524
7243,512
7244,520
7245,522
7246,518
7247,524
7248,524
7249,522
7250,520
7251,520
7252,520
7253,518
7254,524
7255,518
7256,518
7257,520
7258,516
7259,526
7260,522
7261,522
7262,526
7263,526
7264,516
7265,520
7266,520
7267,516
7268,522
7269,524
7270,520
7271,524
7272,520
7273,518
7274,522
7275,526
7276,520
7277,522
7278,566
7279,518
7280,524
7281,524
7282,516
7283,522
7284,520
7285,512
7286,520
7287,516
7288,516
7289,526
7290,520
7291,516
7292,518
7293,524
7294,516
7295,516
7296,522
7297,516
7298,522
7299,522
7300,518
7301,516
7302,522
7303,520
7304,522
7305,518
7306,516
7307,520
7308,516
7309,514
7310,522
7311,522
7312,518
7313,524
7314,522
7315,518
7316,520
7317,520
7318,518
7319,518
7320,524
7321,512
7322,516
7323,526
7324,516
7325,520
7326,522
7327,518
7328,524
7329,516
7330,520
7331,524
7332,524
7333,514
7334,520
7335,522
7336,556
7337,520
7338,522
7339,518
7340,514
7341,518
7342,512
7343,518
7344,518
7345,518
7346,522
7347,516
7348,518
7349,520
7350,522
7351,518
7352,524
7353,524
7354,520
7355,516
7356,522
7357,514
7358,524
7359,520
7360,520
7361,524
7362,526
7363,520
7364,526
7365,522
7366,522
7367,526
7368,520
7369,520
7370,518
7371,524
7372,516
7373,526
7374,522
7375,514
7376,522
7377,518
7378,514
7379,526
7380,524
7381,516
7382,518
7383,520
7384,516
7385,522
7386,520
7387,524
7388,518
7389,522
7390,518
7391,520
7392,520
7393,518
7394,522
7395,524
7396,554
7397,528
7398,522
7399,514
7400,526
7401,524
7402,516
7403,568
7404,520
7405,526
7406,524
7407,518
7408,524
7409,516
7410,522
7411,520
7412,520
7413,516
7414,524
7415,522
7416,520
7417,518
7418,524
7419,512
7420,516
7421,520
7422,518
7423,520
7424,518
7425,516
7426,520
7427,518
7428,516
7429,518
7430,522
7431,516
7432,520
7433,524
7434,512
7435,524
7436,524
7437,514
7438,522
7439,522
7440,520
7441,522
7442,516
7443,516
7444,520
7445,524
7446,516
7447,518
7448,522
7449,566
7450,518
7451,520
7452,516
7453,518
7454,524
7455,514
7456,522
7457,516
7458,516
7459,522
7460,524
7461,518
7462,524
7463,522
7464,520
7465,522
7466,524
7467,520
7468,522
7469,532
7470,518
7471,518
7472,526
7473,518
7474,522
7475,520
7476,520
7477,522
7478,524
7479,518
7480,520
7481,522
7482,516
7483,516
7484,522
7485,518
7486,520
7487,520
7488,520
7489,524
7490,522
7491,522
7492,526
7493,524
7494,522
7495,520
7496,520
7497,520
7498,524
7499,522
7500,520
7501,522
7502,518
7503,516
7504,522
7505,524
7506,518
7507,524
7508,522
7509,576
7510,522
7511,524
7512,518
7513,522
7514,524
7515,518
7516,520
7517,520
7518,518
7519,526
7520,522
7521,516
7522,524
7523,522
7524,514
7525,526
7526,526
7527,518
7528,522
7529,524
7530,522
7531,518
7532,522
7533,516
7534,520
7535,520
7536,514
7537,520
7538,524
7539,514
7540,522
7541,522
7542,512
7543,518
7544,524
7545,514
7546,524
7547,526
7548,516
7549,522
7550,516
7551,514
7552,522
7553,520
7554,520
7555,518
7556,520
7557,520
7558,520
7559,522
7560,514
7561,522
7562,524
7563,518
7564,524
7565,520
7566,532
7567,522
7568,518
7569,512
7570,516
7571,524
7572,516
7573,518
7574,524
7575,512
7576,522
7577,516
7578,512
7579,518
7580,520
7581,518
7582,524
7583,522
7584,514
7585,524
7586,522
7587,520
7588,518
7589,522
7590,516
7591,518
7592,520
7593,518
7594,518
7595,524
7596,518
7597,524
7598,524
7599,514
7600,522
7601,524
7602,520
7603,522
7604,516
7605,516
7606,520
7607,524
7608,522
7609,524
7610,524
7611,520
7612,520
7613,518
7614,518
7615,520
7616,518
7617,516
7618,520
7619,520
7620,522
7621,522
7622,518
7623,556
7624,518
7625,520
7626,518
7627,526
7628,524
7629,520
7630,522
7631,518
7632,516
7633,522
7634,522
7635,518
7636,524
7637,520
7638,520
7639,522
7640,520
7641,516
7642,520
7643,526
7644,518
7645,524
7646,520
7647,520
7648,522
7649,526
7650,522
7651,524
7652,526
7653,516
7654,520
7655,518
7656,520
7657,522
7658,524
7659,518
7660,522
7661,526
7662,518
7663,524
7664,518
7665,516
7666,518
7667,524
7668,516
7669,522
7670,520
7671,522
7672,520
7673,520
7674,518
7675,522
7676,524
7677,520
7678,520
7679,522
7680,514
7681,518
7682,520
7683,554
7684,524
7685,522
7686,516
7687,524
7688,518
7689,514
7690,516
7691,518
7692,520
7693,526
7694,522
7695,520
7696,520
7697,520
7698,518
7699,524
7700,522
7701,520
7702,520
7703,522
7704,514
7705,524
7706,520
7707,516
7708,518
7709,522
7710,516
7711,522
7712,524
7713,514
7714,522
7715,524
7716,516
7717,524
7718,518
7719,518
7720,522
7721,518
7722,518
7723,524
7724,524
7725,520
7726,522
7727,522
7728,516
7729,522
7730,518
7731,518
7732,520
7733,526
7734,514
7735,524
7736,520
7737,518
7738,524
7739,524
7740,520
7741,522
7742,524
7743,520
7744,520
7745,518
7746,556
7747,518
7748,518
7749,514
7750,522
7751,524
7752,518
7753,524
7754,524
7755,512
7756,518
7757,522
7758,516
7759,520
7760,524
7761,514
7762,518
7763,524
7764,516
7765,518
7766,524
7767,522
7768,522
7769,522
7770,520
7771,520
7772,520
7773,518
7774,520
7775,522
7776,516
7777,524
7778,524
7779,516
7780,526
7781,522
7782,522
7783,526
7784,524
7785,516
7786,524
7787,526
7788,518
7789,518
7790,518
7791,516
7792,524
7793,524
7794,522
7795,524
7796,520
7797,518
7798,524
7799,524
7800,516
7801,524
7802,518
7803,518
7804,522
7805,522
7806,522
7807,524
7808,520
7809,516
7810,522
7811,522
7812,514
7813,522
7814,524
7815,516
7816,526
7817,518
7818,550
7819,520
7820,524
7821,518
7822,520
7823,516
7824,514
7825,520
7826,520
7827,520
7828,518
7829,522
7830,518
7831,516
7832,522
7833,512
7834,520
7835,520
7836,518
7837,526
7838,522
7839,516
7840,524
7841,520
7842,518
7843,522
7844,520
7845,514
7846,524
7847,520
7848,514
7849,524
7850,524
7851,514
7852,518
7853,518
7854,522
7855,520
7856,524
7857,518
7858,568
7859,522
7860,522
7861,518
7862,518
7863,522
7864,520
7865,520
7866,520
7867,522
7868,534
7869,518
7870,520
7871,526
7872,520
7873,526
7874,522
7875,516
7876,526
7877,522
7878,516
7879,522
7880,526
7881,522
7882,524
7883,526
7884,516
7885,522
7886,524
7887,518
7888,524
7889,524
7890,520
7891,516
7892,520
7893,520
7894,520
7895,518
7896,520
7897,520
7898,522
7899,520
7900,520
7901,524
7902,536
7903,522
7904,524
7905,518
7906,518
7907,522
7908,518
7909,524
7910,518
7911,520
7912,516
7913,518
7914,516
7915,524
7916,520
7917,518
7918,524
7919,526
7920,518
7921,522
7922,520
7923,516
7924,524
7925,518
7926,518
7927,520
7928,518
7929,514
7930,524
7931,516
7932,518
7933,516
7934,520
7935,520
7936,518
7937,520
7938,516
7939,520
7940,522
7941,520
7942,522
7943,522
7944,518
7945,522
7946,522
7947,514
7948,518
7949,520
7950,516
7951,522
7952,518
7953,522
7954,518
7955,518
7956,512
7957,520
7958,518
7959,512
7960,520
7961,518
7962,558
7963,524
7964,520
7965,520
7966,524
7967,518
7968,516
7969,520
7970,524
7971,516
7972,522
7973,518
7974,518
7975,518
7976,526
7977,520
7978,522
7979,518
7980,512
7981,524
7982,522
7983,518
7984,522
7985,522
7986,520
7987,520
7988,520
7989,520
7990,522
7991,520
7992,522
7993,518
7994,520
7995,522
7996,522
7997,516
7998,516
7999,520
8000,518
8001,514
8002,524
8003,524
8004,514
8005,520
8006,518
8007,514
8008,526
8009,520
8010,516
8011,522
8012,518
8013,518
8014,524
8015,518
8016,516
8017,526
8018,518
8019,520
8020,524
8021,516
8022,522
8023,522
8024,524
8025,562
8026,516
8027,518
8028,514
8029,522
8030,526
8031,514
8032,522
8033,518
8034,516
8035,524
8036,524
8037,518
8038,524
8039,520
8040,514
8041,524
8042,524
8043,522
8044,518
8045,522
8046,516
8047,520
8048,524
8049,520
8050,520
8051,522
8052,516
8053,522
8054,520
8055,516
8056,526
8057,522
8058,514
8059,522
8060,522
8061,520
8062,522
8063,522
8064,516
8065,520
8066,518
8067,514
8068,522
8069,522
8070,516
8071,522
8072,518
8073,518
8074,516
8075,516
8076,518
8077,520
8078,522
8079,520
8080,524
8081,522
8082,558
8083,522
8084,520
8085,516
8086,518
8087,522
8088,516
8089,524
8090,522
8091,520
8092,524
8093,518
8094,516
8095,518
8096,526
8097,518
8098,520
8099,524
8100,518
8101,524
8102,520
8103,522
8104,524
8105,522
8106,516
8107,522
8108,524
8109,518
8110,520
8111,522
8112,520
8113,520
8114,518
8115,520
8116,518
8117,524
8118,522
8119,526
8120,518
8121,518
8122,522
8123,518
8124,520
8125,524
8126,520
8127,522
8128,520
8129,524
8130,516
8131,526
8132,520
8133,514
8134,524
8135,522
8136,520
8137,524
8138,518
8139,518
8140,520
8141,522
8142,520
8143,518
8144,522
8145,554
8146,524
8147,522
8148,520
8149,520
8150,518
8151,520
8152,524
8153,518
8154,512
8155,522
8156,524
8157,516
8158,522
8159,522
8160,516
8161,516
8162,522
8163,516
8164,522
8165,524
8166,520
8167,520
8168,524
8169,518
8170,522
8171,518
8172,514
8173,520
8174,524
8175,520
8176,522
8177,514
8178,516
8179,518
8180,516
8181,516
8182,516
8183,522
8184,516
8185,520
8186,520
8187,514
8188,518
8189,516
8190,514
8191,516
8192,516
8193,518
8194,524
8195,514
8196,516
8197,518
8198,520
8199,514
8200,522
8201,520
8202,512
8203,524
8204,518
8205,554
8206,520
8207,524
8208,514
8209,524
8210,522
8211,522
8212,522
8213,524
8214,520
8215,520
8216,516
8217,516
8218,520
8219,524
8220,520
8221,518
8222,522
8223,516
8224,524
8225,518
8226,512
8227,518
8228,520
8229,516
8230,520
8231,520
8232,518
8233,524
8234,522
8235,516
8236,520
8237,524
8238,520
8239,524
8240,524
8241,520
8242,524
8243,524
8244,516
8245,520
8246,520
8247,522
8248,524
8249,524
8250,516
8251,528
8252,524
8253,520
8254,524
8255,520
8256,522
8257,520
8258,524
8259,518
8260,520
8261,518
8262,560
8263,526
8264,524
8265,520
8266,522
8267,524
8268,516
8269,518
8270,522
8271,516
8272,524
8273,520
8274,518
8275,522
8276,522
8277,520
8278,520
8279,524
8280,518
8281,520
8282,524
8283,514
8284,520
8285,518
8286,520
8287,520
8288,520
8289,516
8290,524
8291,518
8292,520
8293,528
8294,520
8295,518
8296,516
8297,522
8298,522
8299,520
8300,518
8301,518
8302,518
8303,522
8304,522
8305,518
8306,522
8307,520
8308,520
8309,516
8310,516
8311,524
8312,516
8313,566
8314,520
8315,520
8316,520
8317,520
8318,516
8319,520
8320,518
8321,524
8322,514
8323,518
8324,524
8325,516
8326,520
8327,518
8328,520
8329,538
8330,522
8331,520
8332,520
8333,516
8334,518
8335,520
8336,520
8337,514
8338,522
8339,518
8340,518
8341,524
8342,516
8343,516
8344,524
8345,524
8346,520
8347,516
8348,518
8349,518
8350,516
8351,520
8352,516
8353,520
8354,524
8355,516
8356,526
8357,524
8358,518
8359,524
8360,524
8361,520
8362,520
8363,520
8364,516
8365,526
8366,566
8367,520
8368,520
8369,522
8370,524
8371,524
8372,524
8373,522
8374,520
8375,526
8376,520
8377,526
8378,520
8379,518
8380,518
8381,528
8382,516
8383,524
8384,518
8385,522
8386,522
8387,524
8388,518
8389,520
8390,520
8391,518
8392,518
8393,520
8394,520
8395,520
8396,522
8397,516
8398,522
8399,522
8400,518
8401,524
8402,524
8403,518
8404,520
8405,520
8406,516
8407,522
8408,520
8409,516
8410,518
8411,520
8412,514
8413,524
8414,518
8415,520
8416,514
8417,520
8418,518
8419,524
8420,522
8421,518
8422,520
8423,518
8424,514
8425,520
8426,516
8427,518
8428,524
8429,576
8430,518
8431,522
8432,520
8433,520
8434,522
8435,520
8436,514
8437,520
8438,524
8439,520
8440,518
8441,518
8442,520
8443,524
8444,522
8445,520
8446,524
8447,520
8448,518
8449,520
8450,522
8451,518
8452,524
8453,522
8454,518
8455,522
8456,518
8457,514
8458,520
8459,526
8460,516
8461,520
8462,524
8463,514
8464,524
8465,522
8466,520
8467,524
8468,516
8469,520
8470,522
8471,520
8472,512
8473,522
8474,524
8475,516
8476,520
8477,518
8478,516
8479,524
8480,522
8481,514
8482,524
8483,524
8484,516
8485,524
8486,522
8487,520
8488,520
8489,528
8490,520
8491,518
8492,562
8493,522
8494,526
8495,520
8496,516
8497,520
8498,524
8499,522
8500,520
8501,520
8502,518
8503,520
8504,522
8505,518
8506,522
8507,528
8508,516
8509,522
8510,526
8511,520
8512,518
8513,518
8514,514
8515,522
8516,524
8517,520
8518,520
8519,528
8520,514
8521,520
8522,520
8523,518
8524,524
8525,516
8526,518
8527,524
8528,520
8529,516
8530,518
8531,522
8532,522
8533,524
8534,518
8535,520
8536,526
8537,520
8538,520
8539,524
8540,524
8541,514
8542,516
8543,524
8544,512
8545,526
8546,514
8547,516
8548,522
8549,518
8550,516
8551,524
8552,522
8553,514
8554,520
8555,522
8556,520
8557,518
8558,558
8559,512
8560,522
8561,520
8562,514
8563,516
8564,524
8565,514
8566,518
8567,516
8568,516
8569,524
8570,520
8571,514
8572,518
8573,518
8574,520
8575,516
8576,518
8577,518
8578,524
8579,520
8580,518
8581,524
8582,526
8583,516
8584,520
8585,524
8586,520
8587,524
8588,520
8589,514
8590,522
8591,522
8592,518
8593,520
8594,520
8595,520
8596,518
8597,516
8598,516
8599,518
8600,520
8601,516
8602,516
8603,524
8604,520
8605,522
8606,522
8607,516
8608,520
8609,522
8610,520
8611,524
8612,524
8613,522
8614,524
8615,518
8616,518
8617,524
8618,524
8619,514
8620,520
8621,518
8622,522
8623,520
8624,536
8625,522
8626,518
8627,520
8628,516
8629,526
8630,518
8631,520
8632,522
8633,518
8634,520
8635,518
8636,524
8637,520
8638,522
8639,520
8640,520
8641,524
8642,526
8643,520
8644,518
8645,524
8646,520
8647,522
8648,526
8649,518
8650,526
8651,526
8652,516
8653,522
8654,518
8655,514
8656,520
8657,522
8658,516
8659,520
8660,524
8661,516
8662,524
8663,518
8664,514
8665,520
8666,520
8667,514
8668,518
8669,520
8670,520
8671,522
8672,522
8673,520
8674,520
8675,522
8676,520
8677,520
8678,518
8679,518
8680,520
8681,522
8682,512
8683,518
8684,524
8685,520
8686,516
8687,520
8688,516
8689,524
8690,522
8691,518
8692,520
8693,558
8694,520
8695,518
8696,524
8697,516
8698,520
8699,518
8700,520
8701,528
8702,516
8703,516
8704,522
8705,522
8706,516
8707,524
8708,516
8709,514
8710,516
8711,524
8712,516
8713,524
8714,520
8715,516
8716,518
8717,524
8718,520
8719,522
8720,522
8721,518
8722,520
8723,524
8724,520
8725,524
8726,516
8727,520
8728,520
8729,518
8730,516
8731,520
8732,524
8733,522
8734,520
8735,520
8736,522
8737,520
8738,526
8739,522
8740,522
8741,522
8742,518
8743,526
8744,524
8745,516
8746,526
8747,520
8748,520
8749,522
8750,526
8751,520
8752,522
8753,520
8754,522
8755,522
8756,524
8757,520
8758,522
8759,518
8760,520
8761,524
8762,520
8763,520
8764,522
8765,524
8766,516
8767,522
8768,592
8769,520
8770,516
8771,518
8772,526
8773,518
8774,518
8775,518
8776,518
8777,520
8778,522
8779,520
8780,520
8781,520
8782,516
8783,522
8784,524
8785,516
8786,522
8787,524
8788,518
8789,516
8790,518
8791,512
8792,516
8793,520
8794,520
8795,526
8796,518
8797,518
8798,522
8799,524
8800,520
8801,526
8802,524
8803,514
8804,522
8805,526
8806,516
8807,522
8808,520
8809,514
8810,522
8811,520
8812,512
8813,518
8814,562
8815,520
8816,520
8817,520
8818,518
8819,520
8820,522
8821,516
8822,518
8823,522
8824,516
8825,522
8826,516
8827,518
8828,516
8829,518
8830,522
8831,524
8832,522
8833,520
8834,526
8835,524
8836,518
8837,518
8838,524
8839,512
8840,524
8841,520
8842,520
8843,520
8844,520
8845,520
8846,522
8847,524
8848,520
8849,520
8850,516
8851,516
8852,520
8853,520
8854,520
8855,524
8856,526
8857,520
8858,522
8859,526
8860,520
8861,522
8862,524
8863,518
8864,528
8865,524
8866,516
8867,528
8868,520
8869,518
8870,520
8871,522
8872,520
8873,560
8874,522
8875,520
8876,522
8877,528
8878,524
8879,518
8880,522
8881,516
8882,518
8883,518
8884,516
8885,524
8886,520
8887,520
8888,526
8889,518
8890,522
8891,524
8892,526
8893,518
8894,526
8895,524
8896,520
8897,524
8898,522
8899,516
8900,522
8901,526
8902,520
8903,520
8904,522
8905,520
8906,524
8907,524
8908,520
8909,518
8910,524
8911,512
8912,522
8913,516
8914,514
8915,522
8916,524
8917,518
8918,522
8919,516
8920,518
8921,524
8922,516
8923,518
8924,520
8925,522
8926,514
8927,518
8928,518
8929,518
8930,526
8931,562
8932,516
8933,522
8934,520
8935,516
8936,522
8937,516
8938,514
8939,516
8940,520
8941,514
8942,516
8943,524
8944,516
8945,524
8946,522
8947,522
8948,522
8949,522
8950,520
8951,516
8952,522
8953,522
8954,526
8955,524
8956,512
8957,522
8958,522
8959,518
8960,524
8961,518
8962,520
8963,524
8964,520
8965,516
8966,522
8967,526
8968,522
8969,526
8970,524
8971,514
8972,518
8973,522
8974,522
8975,520
8976,518
8977,518
8978,520
8979,524
8980,518
8981,524
8982,526
8983,518
8984,524
8985,520
8986,524
8987,524
8988,518
8989,520
8990,564
8991,526
8992,524
8993,526
8994,518
8995,518
8996,520
8997,524
8998,524
8999,524
9000,526
9001,524
9002,526
9003,520
9004,518
9005,526
9006,522
9007,516
9008,524
9009,522
9010,516
9011,518
9012,520
9013,514
9014,524
9015,520
9016,516
9017,520
9018,524
9019,516
9020,524
9021,526
9022,520
9023,518
9024,518
9025,516
9026,522
9027,524
9028,516
9029,526
9030,524
9031,512
9032,524
9033,526
9034,516
9035,524
9036,522
9037,514
9038,518
9039,518
9040,516
9041,518
9042,522
9043,518
9044,518
9045,522
9046,520
9047,520
9048,524
9049,512
9050,562
9051,516
9052,514
9053,522
9054,518
9055,516
9056,522
9057,520
9058,518
9059,522
9060,524
9061,518
9062,524
9063,524
9064,516
9065,522
9066,518
9067,518
9068,518
9069,522
9070,514
9071,520
9072,522
9073,518
9074,522
9075,524
9076,518
9077,518
9078,522
9079,518
9080,522
9081,520
9082,518
9083,518
9084,526
9085,516
9086,526
9087,518
9088,522
9089,520
9090,526
9091,518
9092,522
9093,522
9094,516
9095,522
9096,520
9097,520
9098,524
9099,524
9100,512
9101,524
9102,520
9103,522
9104,524
9105,520
9106,516
9107,520
9108,522
9109,560
9110,522
9111,524
9112,522
9113,520
9114,520
9115,518
9116,524
9117,522
9118,516
9119,528
9120,528
9121,520
9122,524
9123,520
9124,516
9125,518
9126,526
9127,516
9128,522
9129,526
9130,522
9131,524
9132,520
9133,516
9134,518
9135,522
9136,516
9137,520
9138,524
9139,520
9140,526
9141,522
9142,520
9143,520
9144,520
9145,514
9146,522
9147,522
9148,516
9149,524
9150,520
9151,520
9152,516
9153,518
9154,518
9155,520
9156,518
9157,514
9158,524
9159,518
9160,516
9161,520
9162,524
9163,518
9164,524
9165,522
9166,518
9167,520
9168,562
9169,516
9170,522
9171,520
9172,512
9173,522
9174,522
9175,522
9176,522
9177,520
9178,518
9179,516
9180,516
9181,514
9182,520
9183,524
9184,522
9185,518
9186,518
9187,516
9188,524
9189,518
9190,520
9191,516
9192,524
9193,518
9194,524
9195,522
9196,514
9197,520
9198,528
9199,522
9200,520
9201,524
9202,518
9203,520
9204,520
9205,516
9206,518
9207,518
9208,514
9209,526
9210,520
9211,516
9212,524
9213,518
9214,516
9215,518
9216,518
9217,518
9218,518
9219,522
9220,518
9221,524
9222,524
9223,522
9224,564
9225,552
9226,524
9227,520
9228,520
9229,516
9230,522
9231,518
9232,520
9233,522
9234,526
9235,520
9236,522
9237,526
9238,522
9239,524
9240,520
9241,518
9242,520
9243,522
9244,514
9245,520
9246,524
9247,518
9248,520
9249,524
9250,520
9251,520
9252,520
9253,518
9254,520
9255,524
9256,520
9257,522
9258,520
9259,520
9260,520
9261,522
9262,522
9263,522
9264,524
9265,516
9266,516
9267,526
9268,516
9269,526
9270,520
9271,516
9272,524
9273,518
9274,518
9275,558
9276,520
9277,518
9278,522
9279,522
9280,512
9281,518
9282,524
9283,514
9284,520
9285,520
9286,520
9287,524
9288,516
9289,516
9290,520
9291,520
9292,520
9293,518
9294,518
9295,518
9296,522
9297,522
9298,516
9299,520
9300,518
9301,516
9302,522
9303,518
9304,514
9305,524
9306,518
9307,514
9308,520
9309,524
9310,518
9311,524
9312,520
9313,516
9314,522
9315,522
9316,518
9317,522
9318,520
9319,516
9320,520
9321,516
9322,518
9323,522
9324,520
9325,518
9326,522
9327,522
9328,516
9329,522
9330,520
9331,522
9332,562
9333,522
9334,520
9335,518
9336,520
9337,524
9338,522
9339,522
9340,518
9341,520
9342,520
9343,516
9344,522
9345,522
9346,516
9347,524
9348,518
9349,516
9350,520
9351,524
9352,512
9353,524
9354,520
9355,520
9356,524
9357,522
9358,520
9359,522
9360,522
9361,516
9362,524
9363,522
9364,514
9365,524
9366,522
9367,520
9368,524
9369,518
9370,518
9371,524
9372,524
9373,518
9374,518
9375,524
9376,516
9377,518
9378,518
9379,520
9380,524
9381,516
9382,520
9383,520
9384,518
9385,518
9386,526
9387,516
9388,518
9389,522
9390,526
9391,516
9392,564
9393,522
9394,514
9395,522
9396,522
9397,514
9398,520
9399,518
9400,518
9401,522
9402,514
9403,516
9404,522
9405,516
9406,514
9407,522
9408,518
9409,512
9410,524
9411,520
9412,512
9413,522
9414,520
9415,520
9416,520
9417,516
9418,514
9419,520
9420,522
9421,516
9422,520
9423,524
9424,516
9425,522
9426,520
9427,516
9428,524
9429,516
9430,516
9431,522
9432,518
9433,516
9434,518
9435,520
9436,512
9437,524
9438,516
9439,518
9440,516
9441,524
9442,518
9443,518
9444,518
9445,512
9446,522
9447,520
9448,518
9449,516
9450,524
9451,516
9452,580
9453,524
9454,514
9455,522
9456,516
9457,520
9458,516
9459,520
9460,514
9461,522
9462,518
9463,518
9464,522
9465,522
9466,520
9467,522
9468,522
9469,520
9470,524
9471,518
9472,522
9473,520
9474,524
9475,518
9476,522
9477,520
9478,520
9479,522
9480,524
9481,520
9482,526
9483,520
9484,514
9485,524
9486,522
9487,520
9488,520
9489,520
9490,518
9491,524
9492,524
9493,524
9494,526
9495,524
9496,516
9497,522
9498,522
9499,514
9500,518
9501,518
9502,514
9503,520
9504,520
9505,518
9506,518
9507,526
9508,520
9509,558
9510,522
9511,514
9512,518
9513,528
9514,520
9515,520
9516,524
9517,518
9518,524
9519,522
9520,518
9521,520
9522,524
9523,518
9524,518
9525,520
9526,518
9527,520
9528,524
9529,520
9530,518
9531,524
9532,512
9533,516
9534,524
9535,516
9536,520
9537,524
9538,512
9539,520
9540,522
9541,516
9542,520
9543,520
9544,516
9545,522
9546,518
9547,516
9548,522
9549,518
9550,516
9551,514
9552,518
9553,512
9554,514
9555,524
9556,518
9557,516
9558,524
9559,518
9560,522
9561,526
9562,518
9563,516
9564,520
9565,520
9566,564
9567,518
9568,516
9569,522
9570,522
9571,514
9572,520
9573,520
9574,512
9575,520
9576,518
9577,518
9578,516
9579,520
9580,518
9581,522
9582,526
9583,514
9584,522
9585,526
9586,520
9587,524
9588,518
9589,520
9590,522
9591,520
9592,512
9593,518
9594,524
9595,516
9596,520
9597,522
9598,512
9599,520
9600,524
9601,520
9602,524
9603,526
9604,518
9605,520
9606,524
9607,518
9608,524
9609,520
9610,520
9611,518
9612,520
9613,518
9614,520
9615,524
9616,520
9617,524
9618,524
9619,518
9620,524
9621,526
9622,520
9623,520
9624,524
9625,514
9626,566
9627,524
9628,516
9629,518
9630,516
9631,516
9632,524
9633,526
9634,516
9635,524
9636,524
9637,514
9638,518
9639,520
9640,516
9641,518
9642,522
9643,516
9644,524
9645,526
9646,516
9647,522
9648,518
9649,518
9650,524
9651,522
9652,512
9653,520
9654,520
9655,520
9656,524
9657,526
9658,518
9659,516
9660,518
9661,518
9662,520
9663,520
9664,514
9665,524
9666,520
9667,516
9668,520
9669,518
9670,514
9671,516
9672,522
9673,510
9674,516
9675,522
9676,516
9677,520
9678,520
9679,566
9680,520
9681,520
9682,544
9683,524
9684,520
9685,540
9686,518
9687,520
9688,516
9689,524
9690,522
9691,514
9692,518
9693,524
9694,522
9695,526
9696,522
9697,520
9698,528
9699,524
9700,520
9701,524
9702,520
9703,524
9704,524
9705,516
9706,522
9707,526
9708,520
9709,516
9710,520
9711,526
9712,514
9713,522
9714,524
9715,514
9716,518
9717,524
9718,516
9719,522
9720,520
9721,520
9722,522
9723,518
9724,516
9725,524
9726,524
9727,516
9728,526
9729,522
9730,522
9731,522
9732,524
9733,514
9734,518
9735,518
9736,520
9737,522
9738,524
9739,522
9740,560
9741,522
9742,520
9743,524
9744,526
9745,520
9746,522
9747,520
9748,516
9749,526
9750,522
9751,516
9752,524
9753,528
9754,520
9755,524
9756,518
9757,516
9758,522
9759,518
9760,514
9761,520
9762,522
9763,520
9764,520
9765,518
9766,518
9767,522
9768,522
9769,520
9770,524
9771,524
9772,522
9773,520
9774,524
9775,518
9776,520
9777,518
9778,518
9779,526
9780,522
9781,518
9782,522
9783,522
9784,518
9785,522
9786,520
9787,514
9788,524
9789,524
9790,520
9791,524
9792,518
9793,510
9794,522
9795,518
9796,518
9797,520
9798,520
9799,520
9800,558
9801,524
9802,516
9803,550
9804,524
9805,524
9806,534
9807,516
9808,516
9809,524
9810,516
9811,518
9812,522
9813,524
9814,520
9815,518
9816,526
9817,524
9818,516
9819,518
9820,526
9821,514
9822,522
9823,524
9824,516
9825,522
9826,526
9827,520
9828,522
9829,524
9830,522
9831,526
9832,522
9833,518
9834,518
9835,522
9836,514
9837,526
9838,520
9839,516
9840,526
9841,520
9842,518
9843,520
9844,526
9845,522
9846,522
9847,524
9848,516
9849,526
9850,526
9851,518
9852,524
9853,524
9854,520
9855,520
9856,524
9857,518
9858,520
9859,520
9860,518
9861,524
9862,560
9863,518
9864,522
9865,526
9866,518
9867,520
9868,520
9869,520
9870,514
9871,518
9872,520
9873,524
9874,524
9875,516
9876,518
9877,522
9878,514
9879,522
9880,520
9881,520
9882,518
9883,522
9884,516
9885,520
9886,520
9887,514
9888,524
9889,524
9890,516
9891,522
9892,522
9893,514
9894,520
9895,518
9896,520
9897,520
9898,516
9899,516
9900,522
9901,522
9902,516
9903,524
9904,524
9905,516
9906,522
9907,522
9908,514
9909,524
9910,520
9911,516
9912,516
9913,526
9914,516
9915,520
9916,522
9917,520
9918,518
9919,518
9920,558
9921,520
9922,522
9923,514
9924,522
9925,522
9926,520
9927,516
9928,522
9929,520
9930,524
9931,524
9932,522
9933,522
9934,520
9935,520
9936,524
9937,520
9938,516
9939,526
9940,520
9941,518
9942,522
9943,524
9944,520
9945,520
9946,524
9947,520
9948,522
9949,522
9950,518
9951,528
9952,520
9953,516
9954,522
9955,518
9956,518
9957,526
9958,522
9959,520
9960,524
9961,520
9962,522
9963,522
9964,524
9965,522
9966,520
9967,518
9968,518
9969,520
9970,520
9971,522
9972,528
9973,518
9974,514
9975,522
9976,522
9977,518
9978,518
9979,518
9980,556
9981,520
9982,520
9983,516
9984,518
9985,520
9986,516
9987,518
9988,518
9989,514
9990,516
9991,520
9992,512
9993,520
9994,520
9995,520
9996,522
9997,516
9998,510
9999,516
10000,518
10001,518
10002,516
10003,518
10004,520
10005,516
10006,520
10007,512
10008,522
10009,518
10010,516
10011,522
10012,518
10013,516
10014,524
10015,516
10016,518
10017,522
10018,522
10019,514
10020,522
10021,520
10022,518
10023,518
10024,522
10025,514
10026,524
10027,520
10028,514
10029,524
10030,520
10031,518
10032,520
10033,516
10034,518
10035,520
10036,560
10037,520
10038,518
10039,516
10040,516
10041,522
10042,524
10043,518
10044,522
10045,520
10046,518
10047,524
10048,522
10049,514
10050,518
10051,522
10052,512
10053,520
10054,518
10055,518
10056,520
10057,524
10058,520
10059,520
10060,520
10061,522
10062,522
10063,520
10064,518
10065,524
10066,518
10067,516
10068,518
10069,516
10070,520
10071,520
10072,520
10073,520
10074,520
10075,520
10076,516
10077,520
10078,522
10079,516
10080,522
10081,522
10082,518
10083,524
10084,522
10085,522
10086,528
10087,524
10088,518
10089,522
10090,526
10091,522
10092,522
10093,520
10094,520
10095,520
10096,524
10097,514
10098,520
10099,522
10100,518
10101,522
10102,520
10103,518
10104,522
10105,522
10106,518
10107,520
10108,516
10109,524
10110,522
10111,522
10112,512
10113,522
10114,518
10115,516
10116,524
10117,522
10118,514
10119,524
10120,542
10121,538
10122,524
10123,520
10124,548
10125,514
10126,516
10127,516
10128,518
10129,520
10130,514
10131,522
10132,532
10133,518
10134,518
10135,524
10136,512
10137,524
10138,522
10139,514
10140,516
10141,518
10142,520
10143,524
10144,516
10145,516
10146,522
10147,522
10148,520
10149,522
10150,518
10151,512
10152,518
10153,522
10154,514
10155,524
10156,524
10157,518
10158,522
10159,526
10160,518
10161,520
10162,520
10163,516
10164,520
10165,522
10166,516
10167,522
10168,522
10169,514
10170,524
10171,522
10172,516
10173,524
10174,526
10175,516
10176,564
10177,520
10178,518
10179,524
10180,518
10181,514
10182,520
10183,522
10184,520
10185,524
10186,520
10187,520
10188,520
10189,520
10190,520
10191,524
10192,520
10193,518
10194,522
10195,520
10196,518
10197,524
10198,524
10199,524
10200,526
10201,520
10202,514
10203,524
10204,522
10205,522
10206,522
10207,520
10208,514
10209,524
10210,522
10211,516
10212,526
10213,528
10214,520
10215,522
10216,518
10217,516
10218,522
10219,524
10220,518
10221,516
10222,528
10223,520
10224,524
10225,524
10226,516
10227,526
10228,522
10229,518
10230,524
10231,520
10232,520
10233,520
10234,524
10235,520
10236,566
10237,520
10238,520
10239,524
10240,520
10241,522
10242,522
10243,522
10244,516
10245,522
10246,524
10247,514
10248,522
10249,516
10250,522
10251,516
10252,520
10253,520
10254,524
10255,524
10256,518
10257,520
10258,520
10259,514
10260,520
10261,522
10262,520
10263,522
10264,520
10265,520
10266,518
10267,520
10268,520
10269,522
10270,524
10271,514
10272,524
10273,520
10274,518
10275,524
10276,524
10277,518
10278,520
10279,520
10280,512
10281,518
10282,524
10283,514
10284,520
10285,518
10286,514
10287,520
10288,520
10289,516
10290,518
10291,520
10292,522
10293,524
10294,524
10295,514
10296,522
10297,564
10298,518
10299,520
10300,522
10301,512
10302,526
10303,518
10304,514
10305,518
10306,518
10307,518
10308,520
10309,522
10310,514
10311,524
10312,526
10313,516
10314,524
10315,518
10316,518
10317,520
10318,524
10319,522
10320,526
10321,522
10322,514
10323,524
10324,518
10325,524
10326,528
10327,522
10328,526
10329,520
10330,516
10331,520
10332,518
10333,526
10334,518
10335,524
10336,522
10337,524
10338,528
10339,522
10340,514
10341,516
10342,526
10343,518
10344,520
10345,526
10346,512
10347,522
10348,528
10349,514
10350,524
10351,524
10352,514
10353,524
10354,522
10355,518
10356,518
10357,522
10358,558
10359,516
10360,522
10361,514
10362,526
10363,520
10364,518
10365,524
10366,522
10367,512
10368,522
10369,518
10370,516
10371,522
10372,518
10373,518
10374,524
10375,520
10376,520
10377,526
10378,524
10379,520
10380,518
10381,522
10382,520
10383,522
10384,518
10385,512
10386,524
10387,516
10388,514
10389,520
10390,514
10391,516
10392,516
10393,524
10394,514
10395,520
10396,518
10397,514
10398,524
10399,520
10400,516
10401,520
10402,522
10403,516
10404,518
10405,518
10406,516
10407,520
10408,524
10409,514
10410,522
10411,516
10412,520
10413,524
10414,520
10415,520
10416,524
10417,520
10418,518
10419,520
10420,568
10421,518
10422,520
10423,524
10424,518
10425,522
10426,518
10427,512
10428,520
10429,516
10430,516
10431,520
10432,524
10433,516
10434,520
10435,524
10436,514
10437,520
10438,522
10439,512
10440,522
10441,524
10442,520
10443,526
10444,520
10445,518
10446,522
10447,524
10448,518
10449,524
10450,526
10451,520
10452,522
10453,522
10454,518
10455,522
10456,522
10457,520
10458,524
10459,524
10460,520
10461,516
10462,518
10463,516
10464,522
10465,518
10466,516
10467,526
10468,522
10469,516
10470,520
10471,524
10472,518
10473,522
10474,526
10475,520
10476,520
10477,520
10478,520
10479,518
10480,520
10481,562
10482,524
10483,524
10484,520
10485,518
10486,526
10487,518
10488,520
10489,524
10490,520
10491,518
10492,524
10493,520
10494,516
10495,520
10496,520
10497,520
10498,516
10499,518
10500,516
10501,520
10502,516
10503,520
10504,516
10505,522
10506,522
10507,520
10508,514
10509,522
10510,524
10511,512
10512,520
10513,520
10514,518
10515,524
10516,522
10517,514
10518,522
10519,518
10520,516
10521,522
10522,522
10523,514
10524,518
10525,520
10526,514
10527,518
10528,522
10529,510
10530,562
10531,526
10532,520
10533,518
10534,522
10535,524
10536,518
10537,522
10538,522
10539,538
10540,520
10541,520
10542,534
10543,520
10544,524
10545,514
10546,522
10547,522
10548,522
10549,520
10550,526
10551,520
10552,524
10553,588
10554,518
10555,522
10556,528
10557,522
10558,524
10559,522
10560,520
10561,526
10562,526
10563,516
10564,526
10565,524
10566,522
10567,524
10568,518
10569,518
10570,518
10571,520
10572,520
10573,524
10574,520
10575,520
10576,522
10577,518
10578,518
10579,526
10580,518
10581,558
10582,518
10583,520
10584,522
10585,526
10586,524
10587,520
10588,520
10589,524
10590,514
10591,522
10592,526
10593,518
10594,520
10595,520
10596,514
10597,520
10598,524
10599,516
10600,522
10601,518
10602,522
10603,518
10604,522
10605,512
10606,518
10607,520
10608,522
10609,520
10610,520
10611,516
10612,524
10613,524
10614,516
10615,522
10616,524
10617,520
10618,520
10619,522
10620,516
10621,518
10622,516
10623,520
10624,522
10625,524
10626,518
10627,524
10628,518
10629,518
10630,520
10631,520
10632,516
10633,520
10634,522
10635,518
10636,520
10637,520
10638,518
10639,524
10640,522
10641,520
10642,520
10643,560
10644,520
10645,518
10646,522
10647,516
10648,526
10649,520
10650,518
10651,522
10652,526
10653,516
10654,522
10655,522
10656,514
10657,522
10658,520
10659,520
10660,524
10661,524
10662,516
10663,524
10664,522
10665,524
10666,518
10667,524
10668,518
10669,524
10670,520
10671,518
10672,520
10673,520
10674,518
10675,522
10676,520
10677,512
10678,520
10679,524
10680,522
10681,522
10682,520
10683,514
10684,520
10685,524
10686,516
10687,526
10688,524
10689,518
10690,526
10691,526
10692,520
10693,524
10694,522
10695,522
10696,524
10697,526
10698,520
10699,522
10700,522
10701,516
10702,522
10703,524
10704,520
10705,524
10706,520
10707,514
10708,520
10709,524
10710,520
10711,526
10712,522
10713,520
10714,524
10715,520
10716,516
10717,520
10718,518
10719,520
10720,522
10721,524
10722,518
10723,522
10724,524
10725,520
10726,520
10727,522
10728,514
10729,526
10730,524
10731,518
10732,520
10733,526
10734,512
10735,522
10736,524
10737,514
10738,522
10739,522
10740,516
10741,518
10742,520
10743,514
10744,524
10745,524
10746,518
10747,518
10748,522
10749,514
10750,522
10751,522
10752,514
10753,518
10754,514
10755,514
10756,522
10757,522
10758,514
10759,520
10760,556
10761,514
10762,520
10763,524
10764,518
10765,518
10766,524
10767,520
10768,518
10769,518
10770,512
10771,524
10772,516
10773,518
10774,518
10775,520
10776,514
10777,518
10778,518
10779,514
10780,518
10781,518
10782,514
10783,524
10784,522
10785,518
10786,520
10787,520
10788,520
10789,520
10790,522
10791,516
10792,520
10793,518
10794,516
10795,518
10796,522
10797,516
10798,524
10799,522
10800,518
10801,522
10802,524
10803,516
10804,524
10805,522
10806,518
10807,524
10808,518
10809,516
10810,524
10811,524
10812,516
10813,524
10814,524
10815,518
10816,524
10817,524
10818,516
10819,524
10820,518
10821,518
10822,522
10823,520
10824,522
10825,562
10826,522
10827,520
10828,522
10829,524
10830,518
10831,522
10832,524
10833,514
10834,524
10835,526
10836,520
10837,522
10838,522
10839,514
10840,524
10841,520
10842,516
10843,524
10844,522
10845,520
10846,520
10847,518
10848,522
10849,524
10850,522
10851,516
10852,518
10853,524
10854,518
10855,522
10856,522
10857,518
10858,516
10859,522
10860,514
10861,520
10862,524
10863,516
10864,522
10865,520
10866,520
10867,524
10868,522
10869,522
10870,522
10871,516
10872,518
10873,522
10874,524
10875,516
10876,520
10877,520
10878,518
10879,518
10880,520
10881,514
10882,526
10883,516
10884,520
10885,522
10886,516
10887,520
10888,518
10889,520
10890,516
10891,524
10892,524
10893,518
10894,520
10895,518
10896,518
10897,522
10898,520
10899,514
10900,516
10901,520
10902,518
10903,564
10904,522
10905,514
10906,524
10907,520
10908,520
10909,518
10910,520
10911,520
10912,516
10913,524
10914,514
10915,520
10916,524
10917,516
10918,520
10919,520
10920,514
10921,522
10922,520
10923,518
10924,518
10925,522
10926,518
10927,524
10928,518
10929,520
10930,518
10931,522
10932,520
10933,520
10934,520
10935,516
10936,522
10937,520
10938,520
10939,518
10940,570
10941,516
10942,516
10943,522
10944,514
10945,524
10946,516
10947,520
10948,522
10949,524
10950,518
10951,522
10952,524
10953,518
10954,516
10955,528
10956,520
10957,518
10958,524
10959,518
10960,522
10961,518
10962,520
10963,520
10964,520
10965,524
10966,516
10967,518
10968,522
10969,516
10970,524
10971,526
10972,514
10973,522
10974,518
10975,518
10976,518
10977,516
10978,512
10979,524
10980,524
10981,516
10982,520
10983,526
10984,520
10985,518
10986,524
10987,514
10988,518
10989,526
10990,514
10991,522
10992,520
10993,518
10994,524
10995,524
10996,560
10997,522
10998,522
10999,516
11000,522
11001,524
11002,518
11003,522
11004,524
11005,518
11006,522
11007,522
11008,516
11009,524
11010,520
11011,520
11012,524
11013,520
11014,516
11015,524
11016,524
11017,516
11018,524
11019,526
11020,514
11021,526
11022,526
11023,516
11024,520
11025,522
11026,520
11027,524
11028,518
11029,514
11030,518
11031,518
11032,516
11033,526
11034,526
11035,512
11036,526
11037,524
11038,520
11039,524
11040,522
11041,524
11042,520
11043,518
11044,522
11045,522
11046,518
11047,514
11048,522
11049,514
11050,520
11051,522
11052,518
11053,514
11054,522
11055,526
11056,520
11057,522
11058,522
11059,560
11060,520
11061,522
11062,520
11063,522
11064,522
11065,520
11066,518
11067,524
11068,518
11069,520
11070,520
11071,516
11072,516
11073,518
11074,518
11075,522
11076,520
11077,514
11078,518
11079,518
11080,516
11081,526
11082,524
11083,518
11084,522
11085,516
11086,520
11087,520
11088,524
11089,518
11090,522
11091,522
11092,520
11093,524
11094,522
11095,514
11096,524
11097,528
11098,520
11099,526
11100,524
11101,520
11102,520
11103,518
11104,512
11105,520
11106,524
11107,516
11108,520
11109,520
11110,520
11111,518
11112,524
11113,522
11114,522
11115,526
11116,516
11117,526
11118,526
11119,520
11120,566
11121,520
11122,518
11123,522
11124,528
11125,520
11126,524
11127,520
11128,518
11129,520
11130,528
11131,522
11132,520
11133,520
11134,520
11135,526
11136,520
11137,518
11138,518
11139,520
11140,520
11141,520
11142,526
11143,518
11144,520
11145,526
11146,520
11147,526
11148,520
11149,516
11150,518
11151,524
11152,516
11153,520
11154,522
11155,518
11156,522
11157,524
11158,520
11159,522
11160,524
11161,524
11162,524
11163,518
11164,514
11165,522
11166,522
11167,512
11168,518
11169,516
11170,522
11171,522
11172,518
11173,518
11174,518
11175,516
11176,520
11177,518
11178,520
11179,514
11180,558
11181,516
11182,514
11183,516
11184,524
11185,516
11186,524
11187,520
11188,518
11189,522
11190,522
11191,520
11192,522
11193,518
11194,516
11195,520
11196,520
11197,518
11198,524
11199,518
11200,514
11201,524
11202,518
11203,522
11204,522
11205,524
11206,518
11207,524
11208,522
11209,518
11210,522
11211,522
11212,520
11213,522
11214,518
11215,516
11216,526
11217,518
11218,520
11219,524
11220,522
11221,520
11222,524
11223,518
11224,514
11225,522
11226,524
11227,514
11228,524
11229,518
11230,520
11231,518
11232,524
11233,520
11234,518
11235,518
11236,518
11237,520
11238,524
11239,520
11240,562
11241,526
11242,520
11243,522
11244,518
11245,514
11246,522
11247,522
11248,514
11249,524
11250,518
11251,518
11252,522
11253,524
11254,516
11255,522
11256,520
11257,518
11258,520
11259,524
11260,522
11261,524
11262,520
11263,522
11264,522
11265,522
11266,514
11267,526
11268,524
11269,518
11270,516
11271,520
11272,520
11273,520
11274,522
11275,514
11276,520
11277,522
11278,516
11279,518
11280,522
11281,520
11282,520
11283,518
11284,514
11285,526
11286,526
11287,516
11288,522
11289,522
11290,518
11291,520
11292,520
11293,514
11294,522
11295,526
11296,516
11297,520
11298,524
11299,520
11300,518
11301,520
11302,518
11303,518
11304,520
11305,516
11306,524
11307,522
11308,514
11309,522
11310,516
11311,512
11312,520
11313,518
11314,520
11315,522
11316,518
11317,516
11318,522
11319,522
11320,512
11321,524
11322,522
11323,520
11324,522
11325,522
11326,520
11327,522
11328,518
11329,516
11330,520
11331,522
11332,516
11333,522
11334,522
11335,520
11336,518
11337,522
11338,566
11339,518
11340,520
11341,516
11342,522
11343,518
11344,516
11345,520
11346,516
11347,522
11348,524
11349,570
11350,534
11351,524
11352,518
11353,524
11354,524
11355,524
11356,520
11357,526
11358,526
11359,524
11360,520
11361,520
11362,518
11363,526
11364,522
11365,522
11366,526
11367,524
11368,520
11369,524
11370,522
11371,522
11372,520
11373,524
11374,522
11375,520
11376,522
11377,522
11378,522
11379,524
11380,528
11381,520
11382,522
11383,522
11384,520
11385,518
11386,560
11387,520
11388,518
11389,522
11390,522
11391,516
11392,514
11393,524
11394,520
11395,516
11396,520
11397,526
11398,514
11399,522
11400,524
11401,518
11402,524
11403,520
11404,520
11405,522
11406,520
11407,520
11408,526
11409,522
11410,516
11411,526
11412,516
11413,514
11414,524
11415,524
11416,516
11417,524
11418,522
11419,520
11420,522
11421,516
11422,520
11423,522
11424,522
11425,516
11426,522
11427,524
11428,520
11429,522
11430,524
11431,514
11432,518
11433,526
11434,516
11435,518
11436,522
11437,512
11438,524
11439,522
11440,514
11441,524
11442,522
11443,518
11444,562
11445,520
11446,520
11447,518
11448,518
11449,516
11450,522
11451,516
11452,516
11453,518
11454,522
11455,520
11456,522
11457,524
11458,516
11459,524
11460,518
11461,518
11462,526
11463,516
11464,514
11465,518
11466,518
11467,520
11468,520
11469,518
11470,520
11471,524
11472,520
11473,520
11474,522
11475,522
11476,520
11477,524
11478,526
11479,518
11480,522
11481,520
11482,520
11483,520
11484,520
11485,518
11486,520
11487,522
11488,516
11489,524
11490,522
11491,520
11492,524
11493,520
11494,520
11495,526
11496,518
11497,524
11498,520
11499,520
11500,522
11501,518
11502,524
11503,520
11504,520
11505,562
11506,514
11507,522
11508,526
11509,520
11510,526
11511,520
11512,522
11513,520
11514,524
11515,514
11516,520
11517,526
11518,520
11519,518
11520,520
11521,514
11522,522
11523,522
11524,522
11525,524
11526,520
11527,516
11528,522
11529,524
11530,518
11531,516
11532,520
11533,520
11534,520
11535,518
11536,514
11537,526
11538,520
11539,518
11540,522
11541,516
11542,516
11543,524
11544,524
11545,516
11546,522
11547,518
11548,520
11549,518
11550,522
11551,520
11552,522
11553,520
11554,520
11555,524
11556,516
11557,514
11558,522
11559,520
11560,514
11561,518
11562,524
11563,514
11564,562
11565,524
11566,512
11567,520
11568,522
11569,516
11570,520
11571,524
11572,512
11573,522
11574,518
11575,518
11576,518
11577,522
11578,520
11579,520
11580,520
11581,518
11582,520
11583,522
11584,514
11585,524
11586,520
11587,514
11588,520
11589,518
11590,512
11591,522
11592,526
11593,514
11594,514
11595,526
11596,520
11597,518
11598,518
11599,520
11600,516
11601,518
11602,514
11603,520
11604,518
11605,520
11606,524
11607,518
11608,520
11609,524
11610,522
11611,520
11612,520
11613,522
11614,516
11615,524
11616,524
11617,522
11618,520
11619,524
11620,520
11621,520
11622,524
11623,520
11624,562
11625,518
11626,518
11627,524
11628,526
11629,516
11630,524
11631,522
11632,516
11633,518
11634,522
11635,522
11636,516
11637,522
11638,516
11639,518
11640,518
11641,520
11642,516
11643,524
11644,516
11645,520
11646,518
11647,518
11648,526
11649,522
11650,518
11651,520
11652,524
11653,516
11654,522
11655,524
11656,518
11657,520
11658,518
11659,520
11660,518
11661,522
11662,516
11663,526
11664,522
11665,516
11666,522
11667,518
11668,518
11669,524
11670,520
11671,514
11672,520
11673,518
11674,516
11675,524
11676,520
11677,512
11678,518
11679,520
11680,518
11681,520
11682,524
11683,518
11684,560
11685,518
11686,514
11687,522
11688,520
11689,518
11690,514
11691,520
11692,518
11693,520
11694,522
11695,516
11696,522
11697,522
11698,520
11699,520
11700,524
11701,516
11702,524
11703,518
11704,512
11705,520
11706,520
11707,516
11708,518
11709,520
11710,516
11711,520
11712,524
11713,514
11714,528
11715,520
11716,518
11717,524
11718,524
11719,516
11720,522
11721,528
11722,520
11723,518
11724,518
11725,522
11726,520
11727,518
11728,522
11729,526
11730,520
11731,520
11732,524
11733,522
11734,514
11735,524
11736,520
11737,518
11738,522
11739,524
11740,520
11741,528
11742,520
11743,522
11744,522
11745,526
11746,520
11747,524
11748,522
11749,514
11750,520
11751,564
11752,520
11753,522
11754,522
11755,520
11756,522
11757,524
11758,520
11759,570
11760,516
11761,524
11762,522
11763,540
11764,516
11765,516
11766,520
11767,522
11768,520
11769,524
11770,522
11771,518
11772,522
11773,522
11774,520
11775,520
11776,520
11777,514
11778,520
11779,524
11780,520
11781,520
11782,518
11783,518
11784,520
11785,520
11786,514
11787,524
11788,518
11789,518
11790,518
11791,518
11792,518
11793,522
11794,522
11795,514
11796,524
11797,522
11798,520
11799,524
11800,524
11801,522
11802,524
11803,520
11804,518
11805,522
11806,518
11807,522
11808,562
11809,518
11810,518
11811,516
11812,524
11813,520
11814,520
11815,522
11816,518
11817,522
11818,522
11819,518
11820,524
11821,518
11822,520
11823,524
11824,516
11825,516
11826,522
11827,518
11828,514
11829,524
11830,522
11831,514
11832,520
11833,522
11834,514
11835,522
11836,524
11837,520
11838,522
11839,526
11840,518
11841,520
11842,518
11843,518
11844,518
11845,522
11846,520
11847,526
11848,524
11849,518
11850,522
11851,522
11852,514
11853,524
11854,526
11855,516
11856,526
11857,522
11858,520
11859,522
11860,524
11861,516
11862,524
11863,524
11864,516
11865,524
11866,518
11867,522
11868,522
11869,522
11870,520
11871,524
11872,522
11873,520
11874,524
11875,522
11876,518
11877,524
11878,520
11879,518
11880,524
11881,524
11882,516
11883,520
11884,518
11885,518
11886,516
11887,524
11888,520
11889,526
11890,522
11891,514
11892,516
11893,520
11894,516
11895,524
11896,520
11897,516
11898,522
11899,520
11900,514
11901,522
11902,524
11903,520
11904,522
11905,518
11906,512
11907,522
11908,516
11909,518
11910,518
11911,524
11912,558
11913,522
11914,522
11915,516
11916,522
11917,518
11918,514
11919,522
11920,524
11921,516
11922,524
11923,518
11924,514
11925,518
11926,524
11927,514
11928,516
11929,518
11930,518
11931,520
11932,520
11933,516
11934,524
11935,526
11936,514
11937,522
11938,520
11939,516
11940,526
11941,522
11942,520
11943,522
11944,520
11945,516
11946,522
11947,520
11948,520
11949,516
11950,518
11951,518
11952,522
11953,526
11954,520
11955,522
11956,524
11957,520
11958,518
11959,518
11960,516
11961,524
11962,522
11963,520
11964,520
11965,518
11966,522
11967,520
11968,520
11969,568
11970,522
11971,522
11972,516
11973,522
11974,522
11975,522
11976,518
11977,524
11978,516
11979,524
11980,522
11981,514
11982,518
11983,522
11984,514
11985,518
11986,524
11987,520
11988,520
11989,526
11990,522
11991,518
11992,524
11993,520
11994,520
11995,520
11996,520
11997,520
11998,522
11999,514
12000,518
12001,524
12002,514
12003,516
12004,524
12005,518
12006,520
12007,520
12008,520
12009,518
12010,518
12011,518
12012,518
12013,522
12014,522
12015,524
12016,514
12017,520
12018,524
12019,522
12020,516
12021,522
12022,518
12023,520
12024,524
12025,522
12026,558
12027,522
12028,522
12029,514
12030,522
12031,520
12032,514
12033,516
12034,520
12035,516
12036,520
12037,520
12038,516
12039,518
12040,520
12041,514
12042,524
12043,524
12044,518
12045,524
12046,516
12047,516
12048,520
12049,520
12050,514
12051,520
12052,522
12053,514
12054,518
12055,522
12056,514
12057,524
12058,522
12059,510
12060,520
12061,520
12062,518
12063,520
12064,516
12065,518
12066,516
12067,522
12068,514
12069,518
12070,518
12071,520
12072,522
12073,524
12074,518
12075,524
12076,522
12077,514
12078,518
12079,524
12080,514
12081,526
12082,522
12083,520
12084,520
12085,522
12086,520
12087,520
12088,518
12089,520
12090,520
12091,526
12092,522
12093,524
12094,562
12095,514
12096,526
12097,528
12098,520
12099,520
12100,524
12101,516
12102,518
12103,518
12104,520
12105,522
12106,522
12107,518
12108,524
12109,522
12110,516
12111,518
12112,522
12113,518
12114,522
12115,526
12116,518
12117,524
12118,524
12119,516
12120,516
12121,526
12122,518
12123,522
12124,518
12125,518
12126,522
12127,520
12128,520
12129,518
12130,520
12131,514
12132,522
12133,522
12134,520
12135,522
12136,520
12137,518
12138,520
12139,516
12140,516
12141,520
12142,522
12143,516
12144,518
12145,520
12146,522
12147,524
12148,520
12149,518
12150,518
12151,520
12152,518
12153,522
12154,516
12155,518
12156,522
12157,514
12158,516
12159,524
12160,520
12161,514
12162,522
12163,518
12164,520
12165,516
12166,522
12167,512
12168,556
12169,522
12170,536
12171,514
12172,518
12173,520
12174,516
12175,522
12176,524
12177,514
12178,520
12179,522
12180,518
12181,520
12182,524
12183,514
12184,524
12185,522
12186,518
12187,526
12188,522
12189,520
12190,524
12191,520
12192,518
12193,528
12194,522
12195,520
12196,524
12197,524
12198,520
12199,522
12200,520
12201,520
12202,524
12203,522
12204,520
12205,524
12206,526
12207,514
12208,522
12209,524
12210,514
12211,524
12212,522
12213,518
12214,522
12215,520
12216,514
12217,522
12218,524
12219,522
12220,520
12221,524
12222,516
12223,520
12224,526
12225,518
12226,540
12227,518
12228,520
12229,522
12230,514
12231,518
12232,524
12233,522
12234,516
12235,518
12236,522
12237,514
12238,520
12239,522
12240,514
12241,518
12242,518
12243,512
12244,524
12245,518
12246,518
12247,518
12248,518
12249,516
12250,518
12251,520
12252,516
12253,522
12254,520
12255,516
12256,520
12257,524
12258,514
12259,524
12260,516
12261,520
12262,520
12263,524
12264,514
12265,520
12266,518
12267,518
12268,522
12269,522
12270,518
12271,520
12272,520
12273,516
12274,522
12275,558
12276,520
12277,524
12278,520
12279,524
12280,526
12281,520
12282,516
12283,522
12284,520
12285,516
12286,522
12287,522
12288,520
12289,520
12290,526
12291,516
12292,522
12293,522
12294,516
12295,520
12296,526
12297,520
12298,520
12299,520
12300,520
12301,524
12302,524
12303,520
12304,528
12305,524
12306,522
12307,526
12308,524
12309,522
12310,524
12311,520
12312,520
12313,522
12314,526
12315,516
12316,524
12317,524
12318,516
12319,518
12320,524
12321,518
12322,520
12323,524
12324,522
12325,526
12326,522
12327,520
12328,516
12329,526
12330,518
12331,524
12332,520
12333,516
12334,524
12335,518
12336,512
12337,574
12338,512
12339,516
12340,522
12341,520
12342,522
12343,520
12344,516
12345,520
12346,524
12347,520
12348,524
12349,520
12350,516
12351,518
12352,518
12353,514
12354,520
12355,516
12356,520
12357,522
12358,518
12359,518
12360,524
12361,518
12362,512
12363,516
12364,522
12365,512
12366,522
12367,518
12368,516
12369,522
12370,520
12371,512
12372,518
12373,520
12374,514
12375,518
12376,522
12377,518
12378,522
12379,520
12380,520
12381,520
12382,514
12383,516
12384,520
12385,520
12386,518
12387,520
12388,522
12389,518
12390,522
12391,526
12392,510
12393,518
12394,522
12395,518
12396,524
12397,520
12398,514
12399,560
12400,522
12401,512
12402,520
12403,522
12404,522
12405,526
12406,522
12407,516
12408,524
12409,520
12410,514
12411,524
12412,518
12413,518
12414,524
12415,520
12416,518
12417,518
12418,524
12419,512
12420,518
12421,524
12422,516
12423,524
12424,522
12425,518
12426,522
12427,526
12428,518
12429,522
12430,518
12431,520
12432,522
12433,524
12434,522
12435,522
12436,522
12437,518
12438,526
12439,520
12440,518
12441,522
12442,520
12443,520
12444,524
12445,524
12446,518
12447,526
12448,518
12449,520
12450,520
12451,524
12452,514
12453,520
12454,518
12455,520
12456,524
12457,520
12458,518
12459,522
12460,518
12461,518
12462,520
12463,522
12464,512
12465,526
12466,520
12467,516
12468,544
12469,524
12470,512
12471,518
12472,524
12473,514
12474,520
12475,518
12476,514
12477,522
12478,518
12479,512
12480,516
12481,522
12482,520
12483,520
12484,522
12485,516
12486,522
12487,516
12488,512
12489,518
12490,518
12491,518
12492,522
12493,520
12494,512
12495,518
12496,516
12497,518
12498,524
12499,520
12500,512
12501,518
12502,522
12503,516
12504,520
12505,520
12506,520
12507,516
12508,522
12509,518
12510,518
12511,522
12512,514
12513,518
12514,518
12515,514
12516,520
12517,522
12518,514
12519,518
12520,522
12521,520
12522,520
12523,516
12524,516
12525,522
12526,516
12527,514
12528,520
12529,524
12530,516
12531,562
12532,518
12533,516
12534,518
12535,522
12536,518
12537,520
12538,518
12539,520
12540,522
12541,524
12542,516
12543,516
12544,522
12545,518
12546,518
12547,520
12548,518
12549,524
12550,524
12551,518
12552,522
12553,520
12554,522
12555,518
12556,524
12557,518
12558,522
12559,518
12560,520
12561,520
12562,526
12563,520
12564,522
12565,524
12566,516
12567,518
12568,518
12569,520
12570,522
12571,526
12572,514
12573,518
12574,524
12575,518
12576,524
12577,520
12578,568
12579,520
12580,522
12581,528
12582,518
12583,520
12584,522
12585,534
12586,516
12587,520
12588,522
12589,518
12590,518
12591,542
12592,518
12593,518
12594,518
12595,518
12596,520
12597,520
12598,512
12599,520
12600,522
12601,520
12602,522
12603,520
12604,518
12605,524
12606,524
12607,510
12608,518
12609,518
12610,518
12611,518
12612,520
12613,512
12614,520
12615,518
12616,514
12617,516
12618,514
12619,520
12620,516
12621,536
12622,516
12623,522
12624,520
12625,518
12626,524
12627,522
12628,518
12629,516
12630,522
12631,518
12632,524
12633,524
12634,520
12635,524
12636,518
12637,518
12638,520
12639,520
12640,560
12641,520
12642,516
12643,514
12644,516
12645,518
12646,520
12647,522
12648,520
12649,514
12650,522
12651,524
12652,518
12653,516
12654,526
12655,522
12656,524
12657,524
12658,520
12659,520
12660,518
12661,520
12662,526
12663,518
12664,514
12665,526
12666,518
12667,518
12668,518
12669,518
12670,518
12671,522
12672,524
12673,518
12674,522
12675,522
12676,514
12677,526
12678,522
12679,522
12680,520
12681,524
12682,514
12683,520
12684,524
12685,518
12686,524
12687,520
12688,520
12689,518
12690,518
12691,512
12692,520
12693,522
12694,516
12695,518
12696,516
12697,520
12698,524
12699,522
12700,518
12701,518
12702,524
12703,516
12704,520
12705,524
12706,510
12707,524
12708,524
12709,520
12710,520
12711,522
12712,518
12713,522
12714,522
12715,518
12716,518
12717,518
12718,518
12719,520
12720,518
12721,512
12722,520
12723,522
12724,514
12725,522
12726,520
12727,516
12728,518
12729,524
12730,522
12731,560
12732,522
12733,516
12734,522
12735,522
12736,512
12737,518
12738,522
12739,516
12740,518
12741,518
12742,514
12743,518
12744,516
12745,518
12746,516
12747,518
12748,518
12749,516
12750,522
12751,512
12752,518
12753,516
12754,514
12755,518
12756,524
12757,514
12758,524
12759,522
12760,516
12761,520
12762,522
12763,512
12764,524
12765,518
12766,518
12767,522
12768,520
12769,514
12770,522
12771,520
12772,518
12773,520
12774,520
12775,516
12776,524
12777,522
12778,518
12779,526
12780,524
12781,516
12782,520
12783,522
12784,514
12785,518
12786,524
12787,520
12788,526
12789,516
12790,514
12791,520
12792,516
12793,560
12794,528
12795,524
12796,514
12797,522
12798,516
12799,516
12800,524
12801,522
12802,514
12803,518
12804,520
12805,518
12806,524
12807,518
12808,524
12809,518
12810,524
12811,522
12812,522
12813,520
12814,518
12815,516
12816,524
12817,512
12818,522
12819,524
12820,520
12821,526
12822,520
12823,516
12824,520
12825,520
12826,512
12827,518
12828,518
12829,516
12830,522
12831,524
12832,520
12833,518
12834,526
12835,514
12836,522
12837,522
12838,514
12839,524
12840,524
12841,518
12842,522
12843,522
12844,514
12845,520
12846,518
12847,520
12848,516
12849,524
12850,516
12851,522
12852,520
12853,514
12854,516
12855,520
12856,518
12857,524
12858,520
12859,560
12860,520
12861,518
12862,520
12863,524
12864,522
12865,518
12866,516
12867,522
12868,514
12869,520
12870,522
12871,514
12872,522
12873,522
12874,516
12875,520
12876,522
12877,518
12878,520
12879,518
12880,514
12881,518
12882,518
12883,520
12884,524
12885,522
12886,520
12887,522
12888,518
12889,516
12890,520
12891,524
12892,518
12893,524
12894,524
12895,518
12896,516
12897,524
12898,520
12899,524
12900,520
12901,514
12902,524
12903,520
12904,514
12905,526
12906,520
12907,518
12908,524
12909,520
12910,516
12911,522
12912,520
12913,520
12914,520
12915,518
12916,514
12917,524
12918,520
12919,512
12920,566
12921,524
12922,516
12923,520
12924,524
12925,518
12926,520
12927,524
12928,516
12929,524
12930,520
12931,520
12932,520
12933,520
12934,516
12935,526
12936,518
12937,518
12938,520
12939,520
12940,514
12941,524
12942,520
12943,514
12944,526
12945,516
12946,518
12947,524
12948,518
12949,522
12950,526
12951,522
12952,514
12953,524
12954,520
12955,518
12956,518
12957,524
12958,518
12959,524
12960,520
12961,520
12962,518
12963,522
12964,514
12965,514
12966,520
12967,512
12968,524
12969,520
12970,520
12971,518
12972,516
12973,518
12974,518
12975,518
12976,512
12977,518
12978,522
12979,512
12980,522
12981,520
12982,514
12983,524
12984,516
12985,520
12986,520
12987,520
12988,564
12989,522
12990,524
12991,524
12992,520
12993,522
12994,536
12995,520
12996,522
12997,516
12998,516
12999,520
13000,538
13001,518
13002,520
13003,522
13004,520
13005,524
13006,522
13007,514
13008,524
13009,524
13010,518
13011,524
13012,514
13013,514
13014,518
13015,524
13016,512
13017,524
13018,524
13019,518
13020,522
13021,518
13022,518
13023,524
13024,520
13025,518
13026,520
13027,522
13028,516
13029,524
13030,518
13031,528
13032,520
13033,522
13034,516
13035,520
13036,522
13037,520
13038,522
13039,524
13040,556
13041,524
13042,524
13043,516
13044,522
13045,524
13046,516
13047,522
13048,526
13049,516
13050,520
13051,520
13052,522
13053,518
13054,524
13055,520
13056,520
13057,518
13058,514
13059,524
13060,516
13061,516
13062,522
13063,522
13064,516
13065,518
13066,522
13067,518
13068,524
13069,518
13070,520
13071,520
13072,520
13073,518
13074,522
13075,524
13076,516
13077,520
13078,518
13079,512
13080,522
13081,524
13082,514
13083,524
13084,518
13085,520
13086,524
13087,520
13088,514
13089,518
13090,520
13091,514
13092,522
13093,520
13094,516
13095,520
13096,522
13097,512
13098,524
13099,518
13100,514
13101,522
13102,518
13103,514
13104,560
13105,520
13106,518
13107,524
13108,520
13109,514
13110,524
13111,518
13112,514
13113,520
13114,522
13115,516
13116,520
13117,516
13118,512
13119,522
13120,522
13121,516
13122,518
13123,518
13124,518
13125,520
13126,522
13127,514
13128,520
13129,520
13130,520
13131,524
13132,522
13133,516
13134,522
13135,524
13136,518
13137,522
13138,516
13139,516
13140,522
13141,524
13142,514
13143,520
13144,518
13145,518
13146,526
13147,522
13148,518
13149,520
13150,518
13151,516
13152,520
13153,516
13154,516
13155,518
13156,526
13157,520
13158,522
13159,526
13160,516
13161,518
13162,522
13163,514
13164,556
13165,526
13166,514
13167,520
13168,522
13169,520
13170,522
13171,524
13172,518
13173,524
13174,526
13175,518
13176,522
13177,520
13178,516
13179,522
13180,522
13181,518
13182,524
13183,522
13184,514
13185,520
13186,524
13187,520
13188,518
13189,522
13190,522
13191,524
13192,520
13193,516
13194,518
13195,520
13196,520
13197,516
13198,520
13199,518
13200,524
13201,524
13202,516
13203,520
13204,520
13205,520
13206,518
13207,518
13208,522
13209,520
13210,522
13211,514
13212,518
13213,522
13214,514
13215,522
13216,520
13217,516
13218,516
13219,518
13220,516
13221,518
13222,520
13223,516
13224,520
13225,520
13226,516
13227,520
13228,518
13229,512
13230,518
13231,524
13232,512
13233,520
13234,522
13235,518
13236,518
13237,518
13238,516
13239,520
13240,518
13241,518
13242,518
13243,520
13244,510
13245,524
13246,524
13247,514
13248,520
13249,514
13250,518
13251,524
13252,524
13253,518
13254,516
13255,518
13256,516
13257,520
13258,518
13259,514
13260,522
13261,522
13262,520
13263,518
13264,518
13265,520
13266,518
13267,524
13268,520
13269,516
13270,522
13271,516
13272,522
13273,522
13274,520
13275,522
13276,560
13277,518
13278,522
13279,518
13280,520
13281,524
13282,520
13283,518
13284,522
13285,520
13286,518
13287,520
13288,526
13289,524
13290,524
13291,522
13292,516
13293,524
13294,518
13295,522
13296,524
13297,520
13298,520
13299,520
13300,522
13301,522
13302,518
13303,522
13304,522
13305,520
13306,526
13307,518
13308,524
13309,518
13310,514
13311,522
13312,520
13313,514
13314,518
13315,524
13316,516
13317,520
13318,518
13319,520
13320,518
13321,522
13322,518
13323,518
13324,522
13325,518
13326,522
13327,518
13328,514
13329,520
13330,518
13331,518
13332,520
13333,524
13334,514
13335,518
13336,562
13337,514
13338,524
13339,516
13340,514
13341,520
13342,518
13343,514
13344,520
13345,518
13346,516
13347,522
13348,516
13349,518
13350,520
13351,522
13352,516
13353,524
13354,524
13355,514
13356,518
13357,518
13358,518
13359,522
13360,516
13361,522
13362,522
13363,522
13364,520
13365,518
13366,520
13367,520
13368,520
13369,520
13370,518
13371,520
13372,516
13373,512
13374,520
13375,522
13376,516
13377,516
13378,518
13379,514
13380,522
13381,524
13382,520
13383,520
13384,518
13385,518
13386,518
13387,520
13388,518
13389,520
13390,522
13391,520
13392,520
13393,520
13394,518
13395,524
13396,522
13397,564
13398,522
13399,524
13400,522
13401,524
13402,522
13403,524
13404,520
13405,522
13406,518
13407,522
13408,520
13409,518
13410,528
13411,526
13412,518
13413,526
13414,520
13415,518
13416,520
13417,524
13418,522
13419,522
13420,524
13421,514
13422,518
13423,522
13424,518
13425,520
13426,522
13427,518
13428,520
13429,522
13430,518
13431,520
13432,520
13433,520
13434,524
13435,518
13436,514
13437,518
13438,518
13439,518
13440,518
13441,518
13442,514
13443,518
13444,516
13445,518
13446,526
13447,518
13448,522
13449,520
13450,518
13451,562
13452,522
13453,516
13454,514
13455,518
13456,520
13457,514
13458,518
13459,518
13460,516
13461,522
13462,524
13463,514
13464,520
13465,516
13466,522
13467,524
13468,516
13469,518
13470,516
13471,524
13472,516
13473,518
13474,524
13475,514
13476,522
13477,516
13478,518
13479,516
13480,524
13481,518
13482,520
13483,520
13484,518
13485,524
13486,520
13487,520
13488,520
13489,522
13490,520
13491,520
13492,522
13493,512
13494,524
13495,526
13496,516
13497,518
13498,520
13499,522
13500,516
13501,520
13502,516
13503,518
13504,522
13505,512
13506,522
13507,518
13508,520
13509,524
13510,520
13511,512
13512,520
13513,526
13514,518
13515,520
13516,524
13517,516
13518,516
13519,522
13520,516
13521,524
13522,522
13523,520
13524,524
13525,524
13526,520
13527,522
13528,522
13529,518
13530,524
13531,522
13532,514
13533,520
13534,518
13535,516
13536,564
13537,518
13538,518
13539,520
13540,520
13541,516
13542,526
13543,524
13544,518
13545,518
13546,522
13547,520
13548,526
13549,522
13550,514
13551,518
13552,520
13553,518
13554,524
13555,516
13556,524
13557,520
13558,526
13559,518
13560,524
13561,524
13562,518
13563,524
13564,518
13565,516
13566,524
13567,522
13568,512
13569,524
13570,522
13571,514
13572,522
13573,524
13574,520
13575,522
13576,524
13577,518
13578,520
13579,522
13580,518
13581,522
13582,520
13583,516
13584,524
13585,520
13586,512
13587,518
13588,522
13589,516
13590,520
13591,522
13592,518
13593,518
13594,560
13595,518
13596,518
13597,520
13598,516
13599,516
13600,518
13601,516
13602,520
13603,514
13604,516
13605,520
13606,522
13607,520
13608,524
13609,516
13610,518
13611,524
13612,524
13613,512
13614,518
13615,518
13616,518
13617,520
13618,520
13619,518
13620,522
13621,518
13622,520
13623,524
13624,516
13625,518
13626,520
13627,524
13628,516
13629,520
13630,518
13631,518
13632,522
13633,518
13634,518
13635,524
13636,522
13637,514
13638,520
13639,522
13640,516
13641,524
13642,520
13643,518
13644,522
13645,520
13646,516
13647,524
13648,526
13649,516
13650,520
13651,44118
13652,522
13653,522
13654,520
13655,520
13656,522
13657,516
13658,518
13659,520
13660,514
13661,518
13662,518
13663,518
13664,522
13665,524
13666,514
13667,522
13668,522
13669,518
13670,516
13671,524
13672,520
13673,526
13674,520
13675,518
13676,522
13677,524
13678,518
13679,522
13680,524
13681,518
13682,520
13683,526
13684,514
13685,522
13686,518
13687,512
13688,518
13689,520
13690,518
13691,522
13692,522
13693,514
13694,516
13695,524
13696,514
13697,518
13698,526
13699,520
13700,522
13701,560
13702,520
13703,522
13704,516
13705,516
13706,524
13707,522
13708,520
13709,520
13710,524
13711,522
13712,518
13713,520
13714,520
13715,522
13716,528
13717,518
13718,522
13719,524
13720,518
13721,524
13722,520
13723,520
13724,518
13725,522
13726,520
13727,524
13728,522
13729,520
13730,524
13731,524
13732,520
13733,522
13734,526
13735,516
13736,524
13737,518
13738,516
13739,522
13740,518
13741,522
13742,518
13743,524
13744,520
13745,518
13746,524
13747,514
13748,524
13749,520
13750,512
13751,526
13752,522
13753,518
13754,524
13755,526
13756,512
13757,524
13758,522
13759,534
13760,522
13761,524
13762,510
13763,518
13764,516
13765,518
13766,520
13767,518
13768,520
13769,524
13770,520
13771,514
13772,520
13773,516
13774,516
13775,518
13776,522
13777,520
13778,520
13779,518
13780,516
13781,522
13782,518
13783,516
13784,522
13785,518
13786,512
13787,518
13788,524
13789,520
13790,518
13791,516
13792,518
13793,524
13794,520
13795,520
13796,518
13797,516
13798,518
13799,516
13800,520
13801,512
13802,524
13803,520
13804,512
13805,522
13806,524
13807,548
13808,522
13809,522
13810,526
13811,516
13812,522
13813,522
13814,524
13815,524
13816,520
13817,514
13818,524
13819,530
13820,520
13821,518
13822,520
13823,520
13824,520
13825,522
13826,528
13827,526
13828,522
13829,518
13830,518
13831,520
13832,518
13833,522
13834,524
13835,522
13836,522
13837,520
13838,520
13839,520
13840,520
13841,518
13842,524
13843,520
13844,520
13845,526
13846,524
13847,522
13848,520
13849,524
13850,514
13851,524
13852,524
13853,516
13854,516
13855,524
13856,518
13857,524
13858,520
13859,520
13860,520
13861,524
13862,518
13863,522
13864,558
13865,516
13866,522
13867,522
13868,512
13869,526
13870,516
13871,516
13872,524
13873,524
13874,520
13875,522
13876,522
13877,516
13878,518
13879,522
13880,518
13881,522
13882,522
13883,516
13884,520
13885,514
13886,516
13887,518
13888,522
13889,518
13890,520
13891,516
13892,516
13893,522
13894,522
13895,516
13896,518
13897,524
13898,514
13899,518
13900,516
13901,514
13902,518
13903,518
13904,518
13905,526
13906,520
13907,518
13908,520
13909,518
13910,516
13911,522
13912,518
13913,518
13914,516
13915,520
13916,516
13917,520
13918,522
13919,518
13920,522
13921,518
13922,520
13923,524
13924,520
13925,514
13926,522
13927,524
13928,514
13929,522
13930,516
13931,514
13932,520
13933,522
13934,514
13935,518
13936,520
13937,520
13938,520
13939,520
13940,520
13941,524
13942,522
13943,516
13944,524
13945,518
13946,520
13947,524
13948,520
13949,520
13950,526
13951,524
13952,518
13953,524
13954,522
13955,516
13956,528
13957,518
13958,518
13959,522
13960,520
13961,518
13962,522
13963,522
13964,518
13965,520
13966,528
13967,520
13968,522
13969,524
13970,514
13971,520
13972,570
13973,518
13974,526
13975,524
13976,516
13977,522
13978,522
13979,518
13980,524
13981,522
13982,518
13983,520
13984,516
13985,520
13986,518
13987,522
13988,520
13989,520
13990,522
13991,518
13992,522
13993,520
13994,518
13995,518
13996,522
13997,516
13998,524
13999,518
14000,518
14001,524
14002,522
14003,518
14004,516
14005,522
14006,516
14007,522
14008,522
14009,518
14010,520
14011,524
14012,518
14013,518
14014,518
14015,518
14016,522
14017,520
14018,518
14019,522
14020,514
14021,514
14022,520
14023,516
14024,512
14025,520
14026,520
14027,518
14028,516
14029,522
14030,518
14031,520
14032,520
14033,518
14034,520
14035,560
14036,520
14037,522
14038,524
14039,520
14040,520
14041,518
14042,514
14043,520
14044,526
14045,512
14046,516
14047,518
14048,514
14049,516
14050,520
14051,518
14052,526
14053,522
14054,512
14055,520
14056,520
14057,516
14058,522
14059,524
14060,520
14061,518
14062,524
14063,518
14064,522
14065,522
14066,516
14067,520
14068,520
14069,516
14070,520
14071,522
14072,520
14073,518
14074,524
14075,514
14076,518
14077,520
14078,514
14079,524
14080,526
14081,520
14082,520
14083,524
14084,518
14085,522
14086,518
14087,520
14088,518
14089,520
14090,514
14091,522
14092,522
14093,518
14094,520
14095,522
14096,552
14097,522
14098,524
14099,514
14100,522
14101,520
14102,518
14103,522
14104,516
14105,518
14106,524
14107,520
14108,520
14109,518
14110,520
14111,516
14112,524
14113,520
14114,518
14115,522
14116,518
14117,518
14118,522
14119,522
14120,514
14121,520
14122,518
14123,520
14124,520
14125,522
14126,518
14127,516
14128,522
14129,518
14130,518
14131,522
14132,516
14133,520
14134,518
14135,514
14136,522
14137,522
14138,514
14139,516
14140,516
14141,514
14142,518
14143,520
14144,518
14145,522
14146,522
14147,514
14148,522
14149,520
14150,520
14151,522
14152,518
14153,512
14154,516
14155,520
14156,510
14157,522
14158,518
14159,516
14160,516
14161,518
14162,516
14163,524
14164,518
14165,516
14166,522
14167,518
14168,512
14169,516
14170,522
14171,518
14172,520
14173,520
14174,518
14175,522
14176,516
14177,516
14178,522
14179,518
14180,514
14181,522
14182,514
14183,520
14184,518
14185,524
14186,512
14187,516
14188,560
14189,520
14190,520
14191,522
14192,514
14193,516
14194,524
14195,520
14196,518
14197,524
14198,514
14199,520
14200,520
14201,518
14202,520
14203,520
14204,520
14205,524
14206,522
14207,514
14208,522
14209,522
14210,520
14211,516
14212,520
14213,514
14214,522
14215,526
14216,568
14217,520
14218,522
14219,526
14220,522
14221,522
14222,518
14223,518
14224,524
14225,522
14226,522
14227,522
14228,522
14229,518
14230,524
14231,518
14232,520
14233,536
14234,524
14235,516
14236,522
14237,520
14238,514
14239,516
14240,522
14241,514
14242,516
14243,524
14244,520
14245,522
14246,524
14247,514
14248,522
14249,522
14250,514
14251,520
14252,520
14253,520
14254,518
14255,522
14256,516
14257,518
14258,516
14259,516
14260,520
14261,522
14262,512
14263,524
14264,580
14265,516
14266,520
14267,520
14268,514
14269,518
14270,520
14271,514
14272,524
14273,520
14274,514
14275,516
14276,520
14277,512
14278,516
14279,522
14280,516
14281,520
14282,518
14283,518
14284,520
14285,520
14286,514
14287,522
14288,520
14289,520
14290,524
14291,518
14292,518
14293,524
14294,520
14295,518
14296,518
14297,516
14298,516
14299,522
14300,524
14301,516
14302,522
14303,516
14304,516
14305,526
14306,520
14307,520
14308,526
14309,524
14310,520
14311,520
14312,524
14313,520
14314,520
14315,520
14316,518
14317,520
14318,524
14319,512
14320,520
14321,522
14322,520
14323,518
14324,522
14325,514
14326,524
14327,520
14328,520
14329,522
14330,524
14331,516
14332,520
14333,520
14334,520
14335,524
14336,524
14337,522
14338,518
14339,524
14340,516
14341,528
14342,562
14343,520
14344,516
14345,522
14346,512
14347,526
14348,524
14349,512
14350,522
14351,518
14352,514
14353,516
14354,518
14355,520
14356,526
14357,516
14358,512
14359,520
14360,516
14361,516
14362,514
14363,520
14364,518
14365,518
14366,516
14367,514
14368,518
14369,520
14370,518
14371,520
14372,526
14373,516
14374,520
14375,522
14376,516
14377,522
14378,520
14379,518
14380,524
14381,524
14382,516
14383,522
14384,518
14385,516
14386,522
14387,520
14388,516
14389,516
14390,524
14391,518
14392,516
14393,516
14394,516
14395,522
14396,516
14397,520
14398,520
14399,562
14400,518
14401,520
14402,516
14403,516
14404,526
14405,518
14406,520
14407,518
14408,524
14409,516
14410,516
14411,522
14412,514
14413,524
14414,516
14415,520
14416,522
14417,520
14418,512
14419,518
14420,518
14421,516
14422,524
14423,518
14424,520
14425,516
14426,524
14427,516
14428,520
14429,520
14430,516
14431,524
14432,520
14433,520
14434,516
14435,522
14436,516
14437,522
14438,524
14439,516
14440,522
14441,516
14442,522
14443,522
14444,520
14445,520
14446,526
14447,518
14448,516
14449,518
14450,522
14451,520
14452,520
14453,526
14454,518
14455,528
14456,524
14457,522
14458,562
14459,526
14460,524
14461,524
14462,526
14463,520
14464,524
14465,524
14466,518
14467,522
14468,518
14469,516
14470,520
14471,524
14472,518
14473,524
14474,524
14475,514
14476,524
14477,518
14478,514
14479,518
14480,520
14481,518
14482,518
14483,520
14484,520
14485,522
14486,520
14487,516
14488,520
14489,518
14490,514
14491,520
14492,522
14493,516
14494,520
14495,518
14496,516
14497,518
14498,520
14499,514
14500,524
14501,518
14502,516
14503,516
14504,522
14505,520
14506,518
14507,520
14508,516
14509,522
14510,518
14511,512
14512,522
14513,522
14514,514
14515,522
14516,520
14517,556
14518,520
14519,524
14520,514
14521,516
14522,520
14523,514
14524,518
14525,520
14526,516
14527,522
14528,524
14529,520
14530,524
14531,518
14532,514
14533,518
14534,522
14535,516
14536,516
14537,522
14538,514
14539,520
14540,520
14541,516
14542,522
14543,522
14544,518
14545,522
14546,522
14547,518
14548,520
14549,520
14550,518
14551,522
14552,524
14553,516
14554,524
14555,524
14556,518
14557,522
14558,518
14559,512
14560,520
14561,524
14562,520
14563,524
14564,524
14565,522
14566,524
14567,522
14568,514
14569,524
14570,522
14571,520
14572,524
14573,524
14574,520
14575,520
14576,558
14577,520
14578,522
14579,520
14580,518
14581,524
14582,524
14583,520
14584,524
14585,526
14586,514
14587,524
14588,518
14589,522
14590,522
14591,524
14592,520
14593,518
14594,520
14595,516
14596,516
14597,520
14598,520
14599,520
14600,520
14601,514
14602,524
14603,522
14604,520
14605,522
14606,522
14607,518
14608,518
14609,522
14610,518
14611,522
14612,524
14613,524
14614,518
14615,522
14616,518
14617,520
14618,516
14619,520
14620,518
14621,518
14622,512
14623,522
14624,522
14625,514
14626,568
14627,522
14628,520
14629,524
14630,520
14631,516
14632,516
14633,518
14634,520
14635,522
14636,518
14637,518
14638,522
14639,518
14640,516
14641,520
14642,518
14643,532
14644,522
14645,520
14646,526
14647,520
14648,514
14649,516
14650,534
14651,516
14652,516
14653,526
14654,512
14655,518
14656,516
14657,516
14658,518
14659,520
14660,512
14661,518
14662,522
14663,520
14664,524
14665,524
14666,520
14667,518
14668,520
14669,512
14670,518
14671,518
14672,520
14673,522
14674,518
14675,516
14676,524
14677,522
14678,516
14679,520
14680,520
14681,520
14682,524
14683,526
14684,518
14685,516
14686,524
14687,560
14688,522
14689,518
14690,518
14691,522
14692,520
14693,516
14694,526
14695,524
14696,520
14697,522
14698,522
14699,518
14700,524
14701,526
14702,518
14703,524
14704,524
14705,516
14706,518
14707,522
14708,514
14709,516
14710,514
14711,514
14712,524
14713,522
14714,520
14715,520
14716,524
14717,520
14718,520
14719,524
14720,516
14721,524
14722,520
14723,518
14724,518
14725,524
14726,522
14727,518
14728,516
14729,522
14730,520
14731,526
14732,516
14733,520
14734,520
14735,516
14736,520
14737,516
14738,516
14739,522
14740,522
14741,514
14742,520
14743,518
14744,520
14745,522
14746,562
14747,518
14748,520
14749,522
14750,514
14751,520
14752,520
14753,514
14754,522
14755,524
14756,514
14757,518
14758,520
14759,510
14760,516
14761,524
14762,516
14763,518
14764,518
14765,516
14766,518
14767,524
14768,518
14769,516
14770,522
14771,516
14772,520
14773,518
14774,518
14775,518
14776,524
14777,514
14778,524
14779,516
14780,518
14781,522
14782,524
14783,516
14784,522
14785,524
14786,514
14787,522
14788,518
14789,520
14790,522
14791,522
14792,516
14793,524
14794,518
14795,520
14796,518
14797,520
14798,520
14799,522
14800,522
14801,516
14802,524
14803,522
14804,518
14805,522
14806,524
14807,518
14808,524
14809,524
14810,520
14811,522
14812,522
14813,514
14814,520
14815,522
14816,516
14817,520
14818,518
14819,518
14820,524
14821,522
14822,514
14823,520
14824,524
14825,514
14826,522
14827,520
14828,518
14829,522
14830,522
14831,518
14832,524
14833,522
14834,522
14835,518
14836,520
14837,518
14838,518
14839,522
14840,518
14841,522
14842,520
14843,516
14844,518
14845,518
14846,516
14847,522
14848,520
14849,520
14850,524
14851,522
14852,512
14853,522
14854,524
14855,520
14856,524
14857,518
14858,516
14859,518
14860,520
14861,514
14862,518
14863,520
14864,512
14865,522
14866,516
14867,514
14868,520
14869,516
14870,518
14871,520
14872,522
14873,518
14874,518
14875,520
14876,518
14877,520
14878,518
14879,518
14880,522
14881,516
14882,514
14883,558
14884,522
14885,510
14886,520
14887,520
14888,514
14889,516
14890,522
14891,514
14892,518
14893,520
14894,516
14895,516
14896,522
14897,510
14898,520
14899,522
14900,516
14901,518
14902,524
14903,518
14904,524
14905,522
14906,518
14907,522
14908,522
14909,512
14910,518
14911,518
14912,518
14913,518
14914,518
14915,518
14916,522
14917,516
14918,514
14919,524
14920,518
14921,518
14922,524
14923,528
14924,512
14925,520
14926,520
14927,516
14928,522
14929,520
14930,520
14931,524
14932,524
14933,518
14934,520
14935,522
14936,520
14937,522
14938,520
14939,514
14940,524
14941,522
14942,518
14943,522
14944,526
14945,514
14946,524
14947,522
14948,520
14949,520
14950,526
14951,516
14952,520
14953,520
14954,520
14955,522
14956,522
14957,520
14958,520
14959,518
14960,516
14961,518
14962,524
14963,514
14964,524
14965,524
14966,516
14967,520
14968,520
14969,518
14970,526
14971,522
14972,518
14973,522
14974,520
14975,520
14976,516
14977,524
14978,516
14979,524
14980,520
14981,518
14982,522
14983,518
14984,518
14985,524
14986,562
14987,522
14988,518
14989,522
14990,514
14991,522
14992,520
14993,512
14994,522
14995,520
14996,512
14997,520
14998,522
14999,518
15000,520
15001,522
15002,518
15003,522
15004,516
15005,516
15006,514
15007,520
15008,518
15009,516
15010,524
15011,512
15012,524
15013,522
15014,514
15015,518
15016,514
15017,514
15018,522
15019,516
15020,512
15021,516
15022,516
15023,518
15024,522
15025,520
15026,516
15027,522
15028,522
15029,518
15030,522
15031,518
15032,512
15033,520
15034,522
15035,560
15036,568
15037,524
15038,514
15039,522
15040,518
15041,514
15042,520
15043,518
15044,522
15045,522
15046,522
15047,514
15048,522
15049,522
15050,520
15051,518
15052,522
15053,520
15054,520
15055,532
15056,516
15057,524
15058,522
15059,518
15060,522
15061,516
15062,514
15063,520
15064,522
15065,516
15066,522
15067,520
15068,518
15069,520
15070,516
15071,516
15072,518
15073,524
15074,518
15075,524
15076,522
15077,516
15078,522
15079,584
15080,514
15081,524
15082,522
15083,516
15084,522
15085,518
15086,516
15087,524
15088,518
15089,520
15090,522
15091,520
15092,520
15093,518
15094,520
15095,516
15096,522
15097,522
15098,558
15099,524
15100,522
15101,512
15102,518
15103,518
15104,518
15105,524
15106,524
15107,516
15108,524
15109,520
15110,512
15111,516
15112,518
15113,518
15114,522
15115,518
15116,512
15117,516
15118,520
15119,518
15120,524
15121,518
15122,514
15123,526
15124,518
15125,518
15126,520
15127,516
15128,512
15129,524
15130,520
15131,520
15132,518
15133,520
15134,510
15135,520
15136,518
15137,518
15138,520
15139,520
15140,520
15141,520
15142,524
15143,520
15144,524
15145,520
15146,516
15147,524
15148,516
15149,520
15150,520
15151,524
15152,514
15153,522
15154,524
15155,520
15156,520
15157,514
15158,576
15159,524
15160,520
15161,512
15162,522
15163,524
15164,514
15165,522
15166,518
15167,514
15168,522
15169,526
15170,520
15171,520
15172,520
15173,516
15174,520
15175,518
15176,516
15177,520
15178,518
15179,516
15180,518
15181,520
15182,524
15183,524
15184,522
15185,518
15186,522
15187,520
15188,514
15189,524
15190,526
15191,522
15192,528
15193,524
15194,520
15195,520
15196,522
15197,518
15198,522
15199,524
15200,520
15201,522
15202,522
15203,516
15204,522
15205,524
15206,514
15207,520
15208,522
15209,522
15210,520
15211,520
15212,514
15213,520
15214,520
15215,516
15216,524
15217,524
15218,560
15219,518
15220,518
15221,516
15222,518
15223,520
15224,522
15225,522
15226,520
15227,520
15228,522
15229,524
15230,518
15231,522
15232,518
15233,520
15234,522
15235,520
15236,518
15237,524
15238,520
15239,516
15240,518
15241,518
15242,518
15243,522
15244,522
15245,520
15246,518
15247,516
15248,516
15249,522
15250,520
15251,512
15252,524
15253,522
15254,514
15255,518
15256,520
15257,518
15258,518
15259,522
15260,514
15261,518
15262,518
15263,514
15264,520
15265,522
15266,512
15267,520
15268,518
15269,514
15270,524
15271,522
15272,516
15273,526
15274,516
15275,516
15276,562
15277,522
15278,512
15279,522
15280,518
15281,512
15282,526
15283,520
15284,518
15285,524
15286,520
15287,522
15288,522
15289,518
15290,522
15291,524
15292,520
15293,520
15294,518
15295,522
15296,520
15297,524
15298,524
15299,520
15300,522
15301,522
15302,516
15303,520
15304,520
15305,518
15306,524
15307,526
15308,516
15309,526
15310,520
15311,520
15312,520
15313,522
15314,518
15315,520
15316,524
15317,518
15318,516
15319,522
15320,522
15321,526
15322,520
15323,522
15324,516
15325,522
15326,514
15327,518
15328,520
15329,516
15330,522
15331,524
15332,520
15333,520
15334,518
15335,560
15336,518
15337,518
15338,514
15339,516
15340,522
15341,512
15342,518
15343,514
15344,516
15345,524
15346,524
15347,520
15348,524
15349,522
15350,518
15351,520
15352,520
15353,518
15354,518
15355,516
15356,518
15357,526
15358,518
15359,516
15360,524
15361,522
15362,516
15363,516
15364,518
15365,520
15366,524
15367,522
15368,514
15369,524
15370,524
15371,520
15372,516
15373,524
15374,512
15375,522
15376,522
15377,514
15378,516
15379,516
15380,512
15381,522
15382,524
15383,518
15384,518
15385,518
15386,518
15387,520
15388,514
15389,514
15390,518
15391,520
15392,516
15393,524
15394,518
15395,516
15396,524
15397,522
15398,514
15399,522
15400,520
15401,520
15402,520
15403,520
15404,520
15405,522
15406,516
15407,518
15408,520
15409,522
15410,516
15411,520
15412,522
15413,518
15414,522
15415,518
15416,518
15417,522
15418,522
15419,516
15420,522
15421,518
15422,514
15423,522
15424,522
15425,518
15426,524
15427,518
15428,514
15429,520
15430,520
15431,518
15432,516
15433,520
15434,520
15435,520
15436,520
15437,522
15438,524
15439,522
15440,518
15441,526
15442,518
15443,520
15444,522
15445,568
15446,518
15447,526
15448,538
15449,520
15450,516
15451,522
15452,528
15453,524
15454,512
15455,516
15456,522
15457,518
15458,520
15459,524
15460,524
15461,520
15462,516
15463,520
15464,518
15465,522
15466,526
15467,516
15468,518
15469,520
15470,512
15471,518
15472,520
15473,516
15474,522
15475,518
15476,520
15477,518
15478,524
15479,516
15480,518
15481,562
15482,518
15483,516
15484,522
15485,514
15486,518
15487,516
15488,512
15489,522
15490,520
15491,516
15492,520
15493,516
15494,518
15495,518
15496,524
15497,514
15498,520
15499,520
15500,518
15501,518
15502,518
15503,512
15504,520
15505,516
15506,520
15507,522
15508,516
15509,518
15510,522
15511,520
15512,514
15513,522
15514,514
15515,512
15516,518
15517,518
15518,520
15519,520
15520,522
15521,514
15522,522
15523,524
15524,520
15525,520
15526,522
15527,516
15528,520
15529,518
15530,516
15531,524
15532,516
15533,518
15534,522
15535,520
15536,512
15537,520
15538,524
15539,516
15540,520
15541,524
15542,514
15543,522
15544,516
15545,516
15546,522
15547,524
15548,516
15549,522
15550,516
15551,514
15552,518
15553,524
15554,514
15555,520
15556,518
15557,520
15558,524
15559,522
15560,518
15561,520
15562,522
15563,514
15564,524
15565,518
15566,538
15567,520
15568,520
15569,512
15570,522
15571,518
15572,518
15573,520
15574,522
15575,516
15576,526
15577,524
15578,520
15579,520
15580,518
15581,518
15582,524
15583,520
15584,514
15585,522
15586,520
15587,516
15588,520
15589,520
15590,520
15591,522
15592,524
15593,518
15594,522
15595,518
15596,516
15597,518
15598,522
15599,518
15600,518
15601,522
15602,520
15603,522
15604,522
15605,518
15606,522
15607,518
15608,514
15609,524
15610,518
15611,518
15612,522
15613,522
15614,518
15615,518
15616,516
15617,518
15618,524
15619,522
15620,520
15621,522
15622,516
15623,518
15624,516
15625,522
15626,556
15627,516
15628,520
15629,518
15630,520
15631,526
15632,520
15633,522
15634,522
15635,518
15636,522
15637,520
15638,520
15639,518
15640,522
15641,512
15642,520
15643,516
15644,518
15645,520
15646,524
15647,518
15648,522
15649,520
15650,516
15651,522
15652,518
15653,518
15654,516
15655,518
15656,518
15657,522
15658,520
15659,514
15660,522
15661,520
15662,514
15663,526
15664,524
15665,516
15666,524
15667,520
15668,522
15669,522
15670,520
15671,518
15672,524
15673,520
15674,516
15675,518
15676,518
15677,524
15678,518
15679,526
15680,520
15681,518
15682,520
15683,520
15684,520
15685,524
15686,514
15687,522
15688,566
15689,512
15690,522
15691,518
15692,520
15693,520
15694,522
15695,520
15696,518
15697,518
15698,518
15699,518
15700,522
15701,518
15702,522
15703,522
15704,520
15705,522
15706,522
15707,520
15708,520
15709,516
15710,512
15711,520
15712,518
15713,520
15714,516
15715,520
15716,516
15717,524
15718,524
15719,520
15720,520
15721,524
15722,518
15723,524
15724,522
15725,514
15726,518
15727,522
15728,518
15729,522
15730,522
15731,520
15732,520
15733,518
15734,520
15735,522
15736,516
15737,520
15738,522
15739,522
15740,512
15741,522
15742,524
15743,512
15744,518
15745,524
15746,518
15747,524
15748,520
15749,532
15750,522
15751,520
15752,516
15753,516
15754,518
15755,518
15756,524
15757,516
15758,510
15759,518
15760,518
15761,518
15762,520
15763,518
15764,516
15765,518
15766,518
15767,518
15768,524
15769,522
15770,516
15771,520
15772,520
15773,520
15774,524
15775,518
15776,520
15777,522
15778,514
15779,516
15780,520
15781,520
15782,516
15783,522
15784,522
15785,520
15786,522
15787,524
15788,520
15789,524
15790,522
15791,516
15792,522
15793,522
15794,516
15795,520
15796,518
15797,514
15798,522
15799,522
15800,512
15801,522
15802,516
15803,516
15804,520
15805,524
15806,514
15807,524
15808,524
15809,516
15810,522
15811,562
15812,514
15813,524
15814,520
15815,518
15816,524
15817,522
15818,514
15819,522
15820,518
15821,522
15822,516
15823,524
15824,518
15825,522
15826,524
15827,520
15828,520
15829,524
15830,520
15831,518
15832,520
15833,522
15834,522
15835,518
15836,516
15837,522
15838,520
15839,520
15840,524
15841,520
15842,520
15843,520
15844,524
15845,520
15846,518
15847,522
15848,518
15849,522
15850,524
15851,518
15852,520
15853,520
15854,516
15855,560
15856,520
15857,516
15858,514
15859,518
15860,520
15861,518
15862,514
15863,524
15864,522
15865,516
15866,524
15867,520
15868,518
15869,520
15870,522
15871,518
15872,536
15873,522
15874,518
15875,524
15876,520
15877,514
15878,516
15879,518
15880,518
15881,522
15882,520
15883,520
15884,522
15885,524
15886,520
15887,522
15888,518
15889,518
15890,522
15891,520
15892,520
15893,520
15894,518
15895,516
15896,522
15897,524
15898,518
15899,520
15900,520
15901,520
15902,516
15903,516
15904,514
15905,574
15906,518
15907,514
15908,522
15909,522
15910,512
15911,524
15912,522
15913,518
15914,524
15915,516
15916,520
15917,520
15918,520
15919,518
15920,520
15921,526
15922,516
15923,524
15924,524
15925,522
15926,518
15927,520
15928,514
15929,522
15930,518
15931,516
15932,524
15933,520
15934,520
15935,524
15936,524
15937,518
15938,526
15939,518
15940,514
15941,524
15942,516
15943,514
15944,518
15945,524
15946,518
15947,526
15948,520
15949,520
15950,524
15951,520
15952,520
15953,520
15954,518
15955,518
15956,520
15957,520
15958,518
15959,520
15960,522
15961,518
15962,558
15963,520
15964,516
15965,520
15966,524
15967,520
15968,518
15969,524
15970,520
15971,518
15972,516
15973,520
15974,522
15975,520
15976,518
15977,518
15978,520
15979,520
15980,520
15981,520
15982,516
15983,518
15984,518
15985,514
15986,522
15987,516
15988,514
15989,522
15990,516
15991,520
15992,518
15993,522
15994,516
15995,520
15996,522
15997,516
15998,518
15999,522
16000,512
16001,522
16002,520
16003,518
16004,524
16005,516
16006,516
16007,522
16008,524
16009,512
16010,524
16011,516
16012,512
16013,524
16014,522
16015,520
16016,516
16017,520
16018,514
16019,524
16020,524
16021,554
16022,520
16023,522
16024,520
16025,522
16026,524
16027,518
16028,520
16029,522
16030,512
16031,518
16032,524
16033,516
16034,518
16035,522
16036,512
16037,516
16038,522
16039,512
16040,520
16041,524
16042,520
16043,522
16044,516
16045,520
16046,524
16047,524
16048,520
16049,524
16050,520
16051,516
16052,522
16053,522
16054,518
16055,530
16056,524
16057,518
16058,520
16059,520
16060,516
16061,520
16062,524
16063,518
16064,520
16065,518
16066,516
16067,522
16068,520
16069,516
16070,520
16071,518
16072,520
16073,520
16074,520
16075,518
16076,520
16077,518
16078,518
16079,524
16080,520
16081,556
16082,524
16083,522
16084,514
16085,518
16086,520
16087,514
16088,516
16089,518
16090,520
16091,516
16092,518
16093,518
16094,522
16095,524
16096,516
16097,520
16098,516
16099,514
16100,520
16101,524
16102,514
16103,518
16104,524
16105,520
16106,524
16107,522
16108,518
16109,520
16110,520
16111,520
16112,522
16113,522
16114,516
16115,522
16116,522
16117,514
16118,524
16119,516
16120,512
16121,518
16122,522
16123,518
16124,522
16125,522
16126,512
16127,518
16128,520
16129,516
16130,524
16131,524
16132,514
16133,520
16134,520
16135,518
16136,522
16137,522
16138,516
16139,524
16140,518
16141,520
16142,520
16143,520
16144,516
16145,514
16146,518
16147,514
16148,560
16149,518
16150,520
16151,526
16152,522
16153,518
16154,526
16155,516
16156,520
16157,518
16158,524
16159,520
16160,524
16161,516
16162,520
16163,518
16164,524
16165,520
16166,524
16167,522
16168,518
16169,522
16170,520
16171,516
16172,522
16173,518
16174,516
16175,524
16176,518
16177,520
16178,520
16179,518
16180,520
16181,522
16182,524
16183,518
16184,522
16185,520
16186,520
16187,522
16188,520
16189,518
16190,524
16191,522
16192,520
16193,522
16194,524
16195,514
16196,524
16197,518
16198,520
16199,518
16200,520
16201,514
16202,524
16203,520
16204,514
16205,520
16206,524
16207,522
16208,520
16209,524
16210,516
16211,516
16212,520
16213,520
16214,522
16215,520
16216,520
16217,518
16218,518
16219,518
16220,516
16221,520
16222,520
16223,522
16224,524
16225,520
16226,524
16227,516
16228,514
16229,522
16230,518
16231,514
16232,524
16233,524
16234,516
16235,516
16236,520
16237,520
16238,520
16239,518
16240,514
16241,520
16242,522
16243,516
16244,520
16245,516
16246,516
16247,522
16248,520
16249,514
16250,518
16251,518
16252,516
16253,516
16254,520
16255,516
16256,516
16257,522
16258,516
16259,524
16260,516
16261,512
16262,520
16263,520
16264,568
16265,520
16266,520
16267,520
16268,518
16269,516
16270,518
16271,522
16272,518
16273,522
16274,520
16275,526
16276,518
16277,520
16278,518
16279,522
16280,522
16281,520
16282,518
16283,516
16284,524
16285,524
16286,518
16287,524
16288,520
16289,520
16290,524
16291,522
16292,512
16293,524
16294,526
16295,520
16296,526
16297,526
16298,514
16299,518
16300,520
16301,518
16302,526
16303,526
16304,518
16305,522
16306,518
16307,522
16308,520
16309,522
16310,518
16311,526
16312,520
16313,520
16314,518
16315,524
16316,520
16317,522
16318,566
16319,512
16320,522
16321,516
16322,520
16323,520
16324,526
16325,516
16326,522
16327,522
16328,520
16329,518
16330,524
16331,518
16332,520
16333,524
16334,520
16335,522
16336,520
16337,514
16338,518
16339,520
16340,514
16341,526
16342,520
16343,514
16344,518
16345,518
16346,516
16347,520
16348,520
16349,518
16350,516
16351,522
16352,518
16353,522
16354,522
16355,518
16356,520
16357,520
16358,514
16359,520
16360,522
16361,516
16362,520
16363,516
16364,516
16365,520
16366,516
16367,510
16368,520
16369,516
16370,510
16371,522
16372,524
16373,518
16374,522
16375,520
16376,516
16377,520
16378,518
16379,518
16380,518
16381,566
16382,518
16383,520
16384,524
16385,518
16386,516
16387,522
16388,516
16389,524
16390,522
16391,518
16392,518
16393,526
16394,520
16395,522
16396,518
16397,514
16398,520
16399,520
16400,516
16401,520
16402,522
16403,512
16404,524
16405,518
16406,520
16407,522
16408,516
16409,520
16410,526
16411,522
16412,514
16413,520
16414,522
16415,520
16416,524
16417,522
16418,516
16419,524
16420,520
16421,516
16422,522
16423,520
16424,514
16425,520
16426,520
16427,514
16428,520
16429,522
16430,518
16431,522
16432,516
16433,520
16434,522
16435,524
16436,520
16437,524
16438,522
16439,520
16440,524
16441,522
16442,556
16443,522
16444,522
16445,520
16446,522
16447,524
16448,514
16449,520
16450,520
16451,518
16452,524
16453,516
16454,518
16455,518
16456,522
16457,510
16458,516
16459,522
16460,514
16461,524
16462,522
16463,520
16464,520
16465,522
16466,514
16467,520
16468,522
16469,514
16470,522
16471,518
16472,520
16473,526
16474,518
16475,516
16476,520
16477,520
16478,514
16479,524
16480,518
16481,522
16482,522
16483,518
16484,512
16485,518
16486,516
16487,514
16488,524
16489,522
16490,516
16491,516
16492,518
16493,518
16494,522
16495,520
16496,512
16497,516
16498,518
16499,516
16500,522
16501,520
16502,516
16503,518
16504,520
16505,518
16506,516
16507,520
16508,560
16509,518
16510,524
16511,520
16512,514
16513,526
16514,518
16515,520
16516,522
16517,514
16518,516
16519,522
16520,518
16521,520
16522,520
16523,520
16524,518
16525,524
16526,514
16527,520
16528,522
16529,518
16530,518
16531,520
16532,514
16533,524
16534,516
16535,516
16536,524
16537,524
16538,520
16539,524
16540,520
16541,522
16542,522
16543,522
16544,518
16545,524
16546,522
16547,514
16548,520
16549,522
16550,520
16551,524
16552,522
16553,518
16554,524
16555,522
16556,516
16557,524
16558,520
16559,514
16560,522
16561,516
16562,518
16563,522
16564,524
16565,520
16566,522
16567,518
16568,516
16569,564
16570,524
16571,518
16572,524
16573,526
16574,514
16575,524
16576,520
16577,514
16578,520
16579,524
16580,516
16581,524
16582,522
16583,514
16584,520
16585,518
16586,516
16587,520
16588,516
16589,518
16590,524
16591,522
16592,516
16593,522
16594,522
16595,518
16596,518
16597,524
16598,516
16599,518
16600,520
16601,518
16602,520
16603,520
16604,518
16605,520
16606,522
16607,516
16608,522
16609,516
16610,516
16611,520
16612,524
16613,514
16614,518
16615,520
16616,518
16617,518
16618,524
16619,518
16620,520
16621,522
16622,518
16623,522
16624,520
16625,516
16626,522
16627,524
16628,518
16629,516
16630,516
16631,518
16632,522
16633,576
16634,518
16635,520
16636,520
16637,514
16638,522
16639,520
16640,516
16641,524
16642,520
16643,518
16644,520
16645,518
16646,516
16647,524
16648,518
16649,520
16650,516
16651,520
16652,512
16653,522
16654,520
16655,514
16656,524
16657,520
16658,520
16659,524
16660,516
16661,518
16662,522
16663,520
16664,516
16665,520
16666,518
16667,520
16668,522
16669,522
16670,516
16671,518
16672,520
16673,518
16674,568
16675,522
16676,528
16677,518
16678,520
16679,520
16680,530
16681,518
16682,518
16683,526
16684,522
16685,520
16686,534
16687,518
16688,518
16689,528
16690,518
16691,518
16692,522
16693,520
16694,520
16695,522
16696,522
16697,520
16698,522
16699,520
16700,516
16701,524
16702,522
16703,516
16704,526
16705,520
16706,518
16707,518
16708,522
16709,516
16710,520
16711,520
16712,520
16713,524
16714,524
16715,520
16716,520
16717,520
16718,520
16719,520
16720,518
16721,516
16722,520
16723,516
16724,520
16725,520
16726,522
16727,512
16728,522
16729,522
16730,516
16731,518
16732,514
16733,556
16734,514
16735,522
16736,518
16737,518
16738,518
16739,518
16740,520
16741,520
16742,514
16743,518
16744,522
16745,510
16746,522
16747,522
16748,518
16749,518
16750,522
16751,514
16752,516
16753,516
16754,514
16755,522
16756,518
16757,520
16758,522
16759,524
16760,514
16761,518
16762,520
16763,518
16764,522
16765,520
16766,512
16767,522
16768,518
16769,518
16770,524
16771,516
16772,522
16773,518
16774,518
16775,512
16776,516
16777,520
16778,512
16779,524
16780,518
16781,518
16782,516
16783,522
16784,516
16785,516
16786,522
16787,516
16788,522
16789,522
16790,518
16791,526
16792,564
16793,520
16794,520
16795,522
16796,518
16797,520
16798,518
16799,514
16800,522
16801,526
16802,514
16803,520
16804,522
16805,518
16806,526
16807,518
16808,518
16809,522
16810,524
16811,520
16812,518
16813,520
16814,518
16815,518
16816,518
16817,520
16818,522
16819,520
16820,518
16821,520
16822,522
16823,516
16824,524
16825,520
16826,518
16827,522
16828,520
16829,518
16830,522
16831,522
16832,520
16833,520
16834,522
16835,512
16836,522
16837,520
16838,518
16839,518
16840,524
16841,518
16842,524
16843,524
16844,514
16845,516
16846,522
16847,512
16848,518
16849,522
16850,514
16851,524
16852,586
16853,516
16854,520
16855,520
16856,520
16857,520
16858,516
16859,518
16860,522
16861,520
16862,510
16863,518
16864,520
16865,518
16866,522
16867,518
16868,518
16869,524
16870,522
16871,512
16872,518
16873,518
16874,518
16875,520
16876,516
16877,512
16878,516
16879,522
16880,518
16881,518
16882,516
16883,516
16884,524
16885,520
16886,522
16887,520
16888,526
16889,518
16890,522
16891,518
16892,522
16893,516
16894,518
16895,516
16896,524
16897,516
16898,512
16899,520
16900,518
16901,516
16902,520
16903,524
16904,518
16905,518
16906,518
16907,516
16908,522
16909,524
16910,520
16911,522
16912,518
16913,520
16914,518
16915,526
16916,512
16917,522
16918,518
16919,514
16920,524
16921,520
16922,514
16923,518
16924,524
16925,520
16926,522
16927,520
16928,520
16929,522
16930,520
16931,514
16932,516
16933,524
16934,518
16935,526
16936,522
16937,520
16938,524
16939,520
16940,520
16941,524
16942,520
16943,518
16944,524
16945,522
16946,516
16947,518
16948,522
16949,514
16950,522
16951,522
16952,516
16953,518
16954,520
16955,518
16956,524
16957,564
16958,514
16959,518
16960,522
16961,518
16962,524
16963,522
16964,522
16965,516
16966,520
16967,512
16968,522
16969,526
16970,518
16971,518
16972,518
16973,512
16974,522
16975,522
16976,512
16977,516
16978,516
16979,514
16980,522
16981,516
16982,514
16983,518
16984,516
16985,516
16986,518
16987,522
16988,518
16989,518
16990,520
16991,518
16992,522
16993,514
16994,516
16995,518
16996,518
16997,518
16998,522
16999,522
17000,516
17001,520
17002,524
17003,516
17004,516
17005,518
17006,514
17007,522
17008,520
17009,518
17010,520
17011,516
17012,514
17013,522
17014,518
17015,516
17016,524
17017,560
17018,514
17019,522
17020,526
17021,518
17022,522
17023,524
17024,520
17025,522
17026,524
17027,520
17028,526
17029,522
17030,512
17031,522
17032,524
17033,514
17034,520
17035,520
17036,520
17037,518
17038,522
17039,514
17040,524
17041,520
17042,520
17043,522
17044,524
17045,514
17046,522
17047,522
17048,524
17049,522
17050,524
17051,520
17052,522
17053,524
17054,516
17055,522
17056,522
17057,516
17058,518
17059,520
17060,516
17061,526
17062,522
17063,514
17064,524
17065,524
17066,518
17067,518
17068,518
17069,520
17070,518
17071,524
17072,514
17073,524
17074,520
17075,522
17076,520
17077,522
17078,516
17079,522
17080,522
17081,522
17082,562
17083,562
17084,520
17085,520
17086,518
17087,518
17088,518
17089,522
17090,530
17091,518
17092,516
17093,524
17094,524
17095,512
17096,522
17097,524
17098,514
17099,520
17100,522
17101,512
17102,520
17103,522
17104,516
17105,518
17106,522
17107,520
17108,520
17109,524
17110,514
17111,516
17112,524
17113,516
17114,522
17115,520
17116,518
17117,516
17118,522
17119,516
17120,516
17121,520
17122,522
17123,522
17124,518
17125,514
17126,516
17127,524
17128,518
17129,522
17130,520
17131,514
17132,526
17133,522
17134,512
17135,516
17136,524
17137,516
17138,524
17139,520
17140,516
17141,518
17142,524
17143,520
17144,516
17145,520
17146,522
17147,520
17148,522
17149,520
17150,518
17151,522
17152,516
17153,520
17154,518
17155,516
17156,524
17157,522
17158,518
17159,520
17160,522
17161,522
17162,522
17163,522
17164,514
17165,524
17166,524
17167,518
17168,522
17169,526
17170,512
17171,520
17172,520
17173,520
17174,522
17175,518
17176,516
17177,524
17178,528
17179,514
17180,522
17181,522
17182,520
17183,520
17184,522
17185,528
17186,524
17187,522
17188,524
17189,526
17190,522
17191,516
17192,522
17193,522
17194,522
17195,522
17196,520
17197,514
17198,524
17199,516
17200,518
17201,518
17202,522
17203,518
17204,518
17205,522
17206,520
17207,520
17208,520
17209,516
17210,524
17211,520
17212,518
17213,518
17214,524
17215,516
17216,522
17217,518
17218,516
17219,518
17220,520
17221,514
17222,520
17223,522
17224,514
17225,520
17226,520
17227,520
17228,518
17229,518
17230,516
17231,520
17232,516
17233,514
17234,518
17235,522
17236,518
17237,520
17238,520
17239,518
17240,522
17241,524
17242,516
17243,518
17244,520
17245,556
17246,522
17247,520
17248,518
17249,522
17250,520
17251,514
17252,520
17253,524
17254,514
17255,518
17256,526
17257,520
17258,518
17259,516
17260,512
17261,522
17262,524
17263,512
17264,520
17265,524
17266,518
17267,520
17268,520
17269,518
17270,518
17271,524
17272,514
17273,522
17274,522
17275,522
17276,516
17277,518
17278,512
17279,524
17280,524
17281,520
17282,522
17283,522
17284,516
17285,522
17286,522
17287,522
17288,524
17289,522
17290,522
17291,526
17292,518
17293,518
17294,518
17295,522
17296,514
17297,524
17298,516
17299,514
17300,522
17301,516
17302,518
17303,522
17304,520
17305,518
17306,562
17307,522
17308,518
17309,518
17310,524
17311,514
17312,524
17313,524
17314,516
17315,524
17316,516
17317,516
17318,520
17319,522
17320,516
17321,520
17322,520
17323,520
17324,520
17325,524
17326,520
17327,522
17328,524
17329,514
17330,522
17331,520
17332,518
17333,518
17334,524
17335,512
17336,522
17337,522
17338,518
17339,520
17340,518
17341,514
17342,516
17343,520
17344,520
17345,524
17346,522
17347,520
17348,524
17349,520
17350,516
17351,518
17352,518
17353,512
17354,520
17355,522
17356,516
17357,522
17358,520
17359,516
17360,522
17361,520
17362,516
17363,518
17364,518
17365,518
17366,562
17367,520
17368,520
17369,520
17370,516
17371,516
17372,522
17373,524
17374,512
17375,524
17376,522
17377,518
17378,518
17379,522
17380,518
17381,524
17382,516
17383,518
17384,524
17385,524
17386,516
17387,522
17388,518
17389,516
17390,524
17391,522
17392,520
17393,520
17394,524
17395,512
17396,524
17397,522
17398,520
17399,524
17400,522
17401,516
17402,518
17403,524
17404,518
17405,524
17406,524
17407,518
17408,522
17409,522
17410,518
17411,520
17412,520
17413,516
17414,520
17415,520
17416,516
17417,524
17418,520
17419,512
17420,528
17421,526
17422,514
17423,522
17424,522
17425,514
17426,516
17427,560
17428,518
17429,522
17430,522
17431,518
17432,524
17433,522
17434,518
17435,522
17436,522
17437,522
17438,524
17439,520
17440,514
17441,520
17442,520
17443,514
17444,526
17445,520
17446,522
17447,520
17448,524
17449,518
17450,516
17451,524
17452,514
17453,522
17454,522
17455,520
17456,522
17457,518
17458,516
17459,522
17460,518
17461,516
17462,518
17463,518
17464,514
17465,516
17466,518
17467,514
17468,524
17469,518
17470,518
17471,520
17472,520
17473,518
17474,516
17475,516
17476,514
17477,524
17478,518
17479,516
17480,516
17481,522
17482,512
17483,518
17484,520
17485,516
17486,520
17487,518
17488,514
17489,516
17490,516
17491,514
17492,524
17493,564
17494,522
17495,522
17496,518
17497,536
17498,524
17499,522
17500,524
17501,518
17502,514
17503,518
17504,520
17505,516
17506,518
17507,522
17508,522
17509,524
17510,518
17511,516
17512,522
17513,524
17514,520
17515,522
17516,520
17517,516
17518,522
17519,562
17520,512
17521,524
17522,516
17523,520
17524,516
17525,520
17526,520
17527,524
17528,516
17529,520
17530,526
17531,520
17532,512
17533,522
17534,526
17535,510
17536,518
17537,524
17538,520
17539,522
17540,526
17541,514
17542,520
17543,520
17544,516
17545,524
17546,524
17547,512
17548,518
17549,520
17550,518
17551,516
17552,524
17553,516
17554,518
17555,524
17556,518
17557,522
17558,522
17559,520
17560,518
17561,520
17562,520
17563,522
17564,518
17565,516
17566,516
17567,518
17568,514
17569,524
17570,522
17571,518
17572,522
17573,524
17574,522
17575,518
17576,524
17577,514
17578,516
17579,524
17580,520
17581,518
17582,516
17583,514
17584,516
17585,516
17586,516
17587,520
17588,522
17589,518
17590,522
17591,524
17592,516
17593,522
17594,518
17595,520
17596,522
17597,520
17598,512
17599,522
17600,518
17601,516
17602,518
17603,524
17604,518
17605,516
17606,524
17607,512
17608,524
17609,518
17610,512
17611,518
17612,516
17613,512
17614,516
17615,522
17616,518
17617,522
17618,516
17619,520
17620,520
17621,524
17622,514
17623,524
17624,520
17625,560
17626,522
17627,520
17628,516
17629,526
17630,518
17631,520
17632,520
17633,516
17634,512
17635,522
17636,518
17637,520
17638,520
17639,516
17640,514
17641,518
17642,524
17643,522
17644,524
17645,522
17646,516
17647,516
17648,520
17649,520
17650,522
17651,522
17652,518
17653,520
17654,520
17655,518
17656,520
17657,524
17658,512
17659,524
17660,522
17661,522
17662,522
17663,518
17664,514
17665,516
17666,526
17667,522
17668,526
17669,526
17670,516
17671,520
17672,524
17673,522
17674,524
17675,518
17676,516
17677,522
17678,518
17679,516
17680,524
17681,524
17682,514
17683,522
17684,526
17685,514
17686,520
17687,524
17688,516
17689,562
17690,526
17691,520
17692,520
17693,522
17694,518
17695,520
17696,518
17697,516
17698,19644
17699,520
17700,516
17701,524
17702,520
17703,516
17704,522
17705,522
17706,516
17707,518
17708,524
17709,520
17710,520
17711,524
17712,518
17713,520
17714,522
17715,524
17716,518
17717,522
17718,518
17719,514
17720,518
17721,520
17722,514
17723,522
17724,524
17725,516
17726,520
17727,518
17728,514
17729,524
17730,524
17731,512
17732,522
17733,522
17734,520
17735,526
17736,524
17737,520
17738,520
17739,520
17740,514
17741,522
17742,524
17743,514
17744,520
17745,524
17746,522
17747,524
17748,520
17749,520
17750,522
17751,524
17752,522
17753,526
17754,522
17755,522
17756,524
17757,522
17758,520
17759,524
17760,528
17761,520
17762,524
17763,566
17764,518
17765,524
17766,520
17767,518
17768,524
17769,522
17770,518
17771,524
17772,520
17773,514
17774,522
17775,524
17776,514
17777,520
17778,524
17779,520
17780,524
17781,522
17782,520
17783,522
17784,518
17785,520
17786,528
17787,522
17788,516
17789,522
17790,522
17791,516
17792,524
17793,520
17794,516
17795,522
17796,524
17797,520
17798,524
17799,522
17800,518
17801,518
17802,518
17803,520
17804,522
17805,516
17806,514
17807,522
17808,516
17809,518
17810,522
17811,524
17812,514
17813,524
17814,522
17815,520
17816,524
17817,522
17818,520
17819,522
17820,518
17821,518
17822,518
17823,562
17824,518
17825,522
17826,518
17827,512
17828,522
17829,520
17830,512
17831,522
17832,516
17833,514
17834,518
17835,524
17836,518
17837,520
17838,522
17839,514
17840,522
17841,518
17842,516
17843,524
17844,524
17845,516
17846,522
17847,522
17848,518
17849,524
17850,520
17851,516
17852,524
17853,522
17854,518
17855,520
17856,524
17857,520
17858,520
17859,524
17860,518
17861,516
17862,522
17863,522
17864,526
17865,524
17866,522
17867,520
17868,522
17869,514
17870,526
17871,518
17872,518
17873,524
17874,524
17875,518
17876,522
17877,518
17878,522
17879,522
17880,520
17881,518
17882,568
17883,524
17884,524
17885,522
17886,526
17887,520
17888,520
17889,524
17890,518
17891,522
17892,524
17893,524
17894,522
17895,524
17896,516
17897,524
17898,524
17899,514
17900,526
17901,524
17902,546
17903,522
17904,526
17905,528
17906,514
17907,520
17908,516
17909,526
17910,528
17911,524
17912,524
17913,516
17914,522
17915,522
17916,516
17917,520
17918,526
17919,526
17920,522
17921,520
17922,512
17923,522
17924,524
17925,516
17926,522
17927,522
17928,518
17929,522
17930,518
17931,516
17932,522
17933,522
17934,520
17935,518
17936,520
17937,518
17938,524
17939,524
17940,520
17941,524
17942,522
17943,514
17944,520
17945,520
17946,518
17947,522
17948,520
17949,512
17950,520
17951,516
17952,514
17953,524
17954,518
17955,516
17956,522
17957,524
17958,518
17959,562
17960,516
17961,512
17962,520
17963,520
17964,512
17965,516
17966,522
17967,516
17968,524
17969,522
17970,514
17971,518
17972,524
17973,520
17974,518
17975,518
17976,516
17977,526
17978,520
17979,522
17980,518
17981,516
17982,522
17983,518
17984,522
17985,518
17986,524
17987,516
17988,522
17989,524
17990,522
17991,518
17992,522
17993,526
17994,520
17995,522
17996,522
17997,522
17998,522
17999,520
18000,520
18001,522
18002,524
18003,522
18004,522
18005,520
18006,522
18007,518
18008,524
18009,516
18010,522
18011,524
18012,516
18013,524
18014,520
18015,516
18016,520
18017,526
18018,516
18019,524
18020,520
18021,558
18022,522
18023,518
18024,516
18025,520
18026,522
18027,514
18028,522
18029,520
18030,518
18031,526
18032,518
18033,518
18034,524
18035,520
18036,518
18037,516
18038,518
18039,518
18040,522
18041,518
18042,516
18043,520
18044,522
18045,522
18046,516
18047,516
18048,522
18049,524
18050,520
18051,514
18052,518
18053,522
18054,516
18055,524
18056,524
18057,518
18058,522
18059,524
18060,516
18061,524
18062,522
18063,516
18064,520
18065,524
18066,518
18067,522
18068,520
18069,520
18070,524
18071,520
18072,516
18073,522
18074,524
18075,514
18076,524
18077,518
18078,516
18079,524
18080,522
18081,518
18082,520
18083,524
18084,554
18085,524
18086,518
18087,520
18088,528
18089,522
18090,518
18091,516
18092,518
18093,520
18094,524
18095,522
18096,516
18097,524
18098,524
18099,522
18100,522
18101,518
18102,514
18103,520
18104,524
18105,516
18106,516
18107,522
18108,522
18109,520
18110,522
18111,518
18112,520
18113,520
18114,520
18115,524
18116,524
18117,520
18118,520
18119,518
18120,516
18121,526
18122,526
18123,520
18124,524
18125,518
18126,514
18127,526
18128,522
18129,520
18130,522
18131,524
18132,522
18133,522
18134,522
18135,520
18136,520
18137,520
18138,520
18139,520
18140,526
18141,520
18142,522
18143,524
18144,520
18145,520
18146,522
18147,520
18148,518
18149,518
18150,514
18151,522
18152,524
18153,522
18154,524
18155,516
18156,518
18157,520
18158,524
18159,518
18160,524
18161,518
18162,524
18163,520
18164,524
18165,518
18166,522
18167,520
18168,518
18169,520
18170,520
18171,512
18172,522
18173,516
18174,514
18175,522
18176,520
18177,518
18178,524
18179,520
18180,520
18181,524
18182,522
18183,516
18184,524
18185,518
18186,516
18187,518
18188,524
18189,514
18190,520
18191,520
18192,518
18193,564
18194,522
18195,512
18196,524
18197,522
18198,520
18199,524
18200,522
18201,514
18202,516
18203,522
18204,518
18205,524
18206,518
18207,520
18208,518
18209,518
18210,512
18211,522
18212,522
18213,516
18214,520
18215,522
18216,516
18217,520
18218,524
18219,518
18220,518
18221,526
18222,522
18223,520
18224,518
18225,518
18226,520
18227,518
18228,518
18229,524
18230,520
18231,518
18232,528
18233,524
18234,516
18235,524
18236,520
18237,518
18238,522
18239,524
18240,514
18241,522
18242,524
18243,514
18244,524
18245,522
18246,520
18247,520
18248,522
18249,518
18250,520
18251,526
18252,516
18253,526
18254,526
18255,516
18256,522
18257,524
18258,516
18259,524
18260,544
18261,516
18262,520
18263,520
18264,518
18265,524
18266,524
18267,522
18268,526
18269,522
18270,516
18271,518
18272,516
18273,522
18274,522
18275,520
18276,522
18277,522
18278,522
18279,522
18280,518
18281,520
18282,520
18283,522
18284,522
18285,520
18286,518
18287,514
18288,516
18289,522
18290,522
18291,518
18292,524
18293,520
18294,516
18295,526
18296,520
18297,516
18298,520
18299,524
18300,520
18301,522
18302,524
18303,518
18304,518
18305,516
18306,520
18307,522
18308,522
18309,520
18310,518
18311,520
18312,566
18313,518
18314,520
18315,520
18316,520
18317,520
18318,524
18319,522
18320,520
18321,518
18322,518
18323,522
18324,514
18325,518
18326,520
18327,518
18328,524
18329,520
18330,518
18331,518
18332,522
18333,516
18334,524
18335,516
18336,522
18337,524
18338,522
18339,518
18340,524
18341,518
18342,516
18343,522
18344,522
18345,518
18346,524
18347,520
18348,512
18349,526
18350,520
18351,518
18352,520
18353,524
18354,518
18355,522
18356,524
18357,518
18358,522
18359,524
18360,518
18361,524
18362,524
18363,522
18364,562
18365,524
18366,522
18367,524
18368,522
18369,520
18370,520
18371,520
18372,516
18373,524
18374,522
18375,520
18376,522
18377,526
18378,520
18379,528
18380,518
18381,518
18382,526
18383,522
18384,514
18385,518
18386,520
18387,522
18388,520
18389,520
18390,520
18391,522
18392,522
18393,518
18394,522
18395,524
18396,516
18397,520
18398,520
18399,520
18400,522
18401,522
18402,518
18403,520
18404,520
18405,520
18406,520
18407,522
18408,518
18409,520
18410,524
18411,514
18412,518
18413,518
18414,520
18415,524
18416,524
18417,518
18418,524
18419,516
18420,514
18421,518
18422,518
18423,518
18424,524
18425,520
18426,518
18427,522
18428,524
18429,516
18430,522
18431,520
18432,520
18433,520
18434,524
18435,512
18436,516
18437,522
18438,512
18439,520
18440,518
18441,518
18442,518
18443,520
18444,514
18445,522
18446,524
18447,518
18448,524
18449,518
18450,560
18451,522
18452,520
18453,518
18454,522
18455,518
18456,520
18457,516
18458,520
18459,520
18460,524
18461,522
18462,514
18463,518
18464,518
18465,512
18466,520
18467,522
18468,520
18469,522
18470,524
18471,518
18472,520
18473,524
18474,518
18475,522
18476,520
18477,512
18478,522
18479,524
18480,520
18481,520
18482,522
18483,514
18484,520
18485,518
18486,522
18487,526
18488,526
18489,522
18490,522
18491,522
18492,522
18493,522
18494,524
18495,518
18496,524
18497,520
18498,516
18499,526
18500,516
18501,520
18502,522
18503,526
18504,518
18505,522
18506,522
18507,516
18508,520
18509,520
18510,554
18511,522
18512,520
18513,516
18514,526
18515,518
18516,518
18517,524
18518,524
18519,520
18520,524
18521,524
18522,520
18523,516
18524,526
18525,520
18526,520
18527,522
18528,522
18529,520
18530,520
18531,514
18532,524
18533,522
18534,516
18535,516
18536,524
18537,516
18538,522
18539,520
18540,516
18541,522
18542,524
18543,516
18544,518
18545,522
18546,520
18547,516
18548,524
18549,518
18550,522
18551,522
18552,518
18553,522
18554,518
18555,520
18556,522
18557,516
18558,514
18559,516
18560,524
18561,514
18562,516
18563,520
18564,518
18565,522
18566,524
18567,520
18568,520
18569,518
18570,520
18571,522
18572,520
18573,516
18574,524
18575,524
18576,522
18577,560
18578,518
18579,516
18580,524
18581,524
18582,518
18583,520
18584,524
18585,518
18586,528
18587,520
18588,510
18589,524
18590,526
18591,520
18592,524
18593,522
18594,520
18595,522
18596,522
18597,520
18598,520
18599,518
18600,520
18601,520
18602,520
18603,518
18604,520
18605,518
18606,516
18607,526
18608,524
18609,516
18610,518
18611,522
18612,520
18613,520
18614,522
18615,522
18616,520
18617,518
18618,518
18619,524
18620,520
18621,522
18622,524
18623,526
18624,522
18625,518
18626,522
18627,516
18628,522
18629,526
18630,514
18631,526
18632,522
18633,516
18634,524
18635,522
18636,516
18637,518
18638,520
18639,518
18640,520
18641,520
18642,516
18643,524
18644,522
18645,514
18646,526
18647,526
18648,514
18649,522
18650,562
18651,520
18652,522
18653,522
18654,522
18655,522
18656,524
18657,516
18658,520
18659,524
18660,520
18661,522
18662,520
18663,520
18664,522
18665,518
18666,514
18667,522
18668,518
18669,514
18670,520
18671,520
18672,518
18673,522
18674,518
18675,514
18676,520
18677,522
18678,518
18679,520
18680,516
18681,516
18682,518
18683,516
18684,516
18685,516
18686,522
18687,514
18688,516
18689,522
18690,512
18691,520
18692,518
18693,514
18694,520
18695,522
18696,514
18697,518
18698,520
18699,518
18700,518
18701,518
18702,520
18703,522
18704,522
18705,516
18706,524
18707,522
18708,520
18709,580
18710,520
18711,514
18712,528
18713,526
18714,516
18715,522
18716,518
18717,520
18718,520
18719,520
18720,514
18721,520
18722,566
18723,540
18724,524
18725,526
18726,520
18727,526
18728,520
18729,516
18730,520
18731,522
18732,520
18733,520
18734,520
18735,526
18736,524
18737,526
18738,526
18739,516
18740,516
18741,526
18742,516
18743,518
18744,520
18745,522
18746,524
18747,520
18748,522
18749,524
18750,524
18751,514
18752,520
18753,526
18754,518
18755,522
18756,544
18757,516
18758,522
18759,524
18760,520
18761,522
18762,522
18763,520
18764,516
18765,524
18766,516
18767,518
18768,524
18769,520
18770,524
18771,520
18772,520
18773,520
18774,520
18775,516
18776,524
18777,516
18778,516
18779,522
18780,518
18781,518
18782,516
18783,518
18784,518
18785,520
18786,520
18787,512
18788,520
18789,520
18790,516
18791,524
18792,516
18793,518
18794,522
18795,522
18796,518
18797,520
18798,522
18799,516
18800,522
18801,524
18802,518
18803,524
18804,516
18805,520
18806,520
18807,516
18808,518
18809,522
18810,520
18811,520
18812,526
18813,518
18814,512
18815,560
18816,522
18817,520
18818,516
18819,518
18820,520
18821,524
18822,524
18823,514
18824,522
18825,518
18826,514
18827,518
18828,524
18829,518
18830,524
18831,522
18832,516
18833,520
18834,520
18835,520
18836,522
18837,518
18838,514
18839,522
18840,522
18841,516
18842,524
18843,526
18844,514
18845,522
18846,524
18847,512
18848,516
18849,522
18850,520
18851,516
18852,524
18853,516
18854,518
18855,520
18856,518
18857,524
18858,520
18859,520
18860,524
18861,526
18862,520
18863,524
18864,518
18865,512
18866,524
18867,524
18868,522
18869,524
18870,522
18871,520
18872,520
18873,522
18874,522
18875,564
18876,524
18877,520
18878,520
18879,522
18880,514
18881,524
18882,524
18883,518
18884,518
18885,522
18886,516
18887,518
18888,522
18889,514
18890,526
18891,528
18892,522
18893,522
18894,526
18895,516
18896,518
18897,518
18898,516
18899,526
18900,524
18901,520
18902,522
18903,522
18904,510
18905,524
18906,520
18907,518
18908,522
18909,522
18910,516
18911,522
18912,522
18913,514
18914,520
18915,524
18916,514
18917,520
18918,524
18919,520
18920,518
18921,520
18922,518
18923,516
18924,520
18925,518
18926,520
18927,518
18928,520
18929,520
18930,522
18931,514
18932,518
18933,522
18934,520
18935,564
18936,520
18937,512
18938,520
18939,522
18940,518
18941,520
18942,522
18943,520
18944,518
18945,518
18946,520
18947,522
18948,522
18949,516
18950,526
18951,524
18952,514
18953,522
18954,524
18955,520
18956,524
18957,518
18958,514
18959,518
18960,520
18961,520
18962,520
18963,522
18964,516
18965,520
18966,522
18967,512
18968,524
18969,522
18970,522
18971,516
18972,524
18973,520
18974,520
18975,516
18976,518
18977,524
18978,522
18979,522
18980,520
18981,524
18982,520
18983,524
18984,526
18985,518
18986,518
18987,520
18988,520
18989,524
18990,520
18991,520
18992,520
18993,524
18994,534
18995,524
18996,522
18997,520
18998,518
18999,520
19000,518
19001,518
19002,522
19003,518
19004,520
19005,522
19006,522
19007,520
19008,520
19009,522
19010,526
19011,524
19012,522
19013,520
19014,520
19015,520
19016,526
19017,524
19018,518
19019,526
19020,520
19021,520
19022,522
19023,524
19024,514
19025,520
19026,520
19027,516
19028,524
19029,522
19030,516
19031,516
19032,518
19033,514
19034,522
19035,524
19036,518
19037,522
19038,524
19039,518
19040,518
19041,518
19042,516
19043,518
19044,522
19045,520
19046,520
19047,520
19048,514
19049,522
19050,520
19051,518
19052,522
19053,516
19054,516
19055,518
19056,520
19057,518
19058,518
19059,520
19060,518
19061,520
19062,520
19063,516
19064,518
19065,520
19066,516
19067,518
19068,524
19069,518
19070,520
19071,518
19072,516
19073,522
19074,520
19075,518
19076,524
19077,526
19078,516
19079,522
19080,518
19081,518
19082,522
19083,526
19084,520
19085,524
19086,524
19087,514
19088,516
19089,518
19090,516
19091,522
19092,522
19093,516
19094,524
19095,526
19096,518
19097,520
19098,518
19099,516
19100,520
19101,518
19102,520
19103,516
19104,522
19105,520
19106,518
19107,524
19108,516
19109,520
19110,524
19111,516
19112,526
19113,522
19114,514
19115,520
19116,526
19117,518
19118,526
19119,524
19120,516
19121,528
19122,524
19123,520
19124,520
19125,524
19126,516
19127,518
19128,520
19129,518
19130,524
19131,562
19132,516
19133,524
19134,524
19135,524
19136,520
19137,570
19138,520
19139,522
19140,530
19141,522
19142,518
19143,516
19144,518
19145,520
19146,516
19147,518
19148,520
19149,516
19150,524
19151,518
19152,516
19153,520
19154,518
19155,520
19156,518
19157,520
19158,518
19159,516
19160,520
19161,512
19162,522
19163,518
19164,516
19165,524
19166,516
19167,516
19168,518
19169,520
19170,516
19171,514
19172,522
19173,516
19174,522
19175,520
19176,518
19177,520
19178,518
19179,516
19180,522
19181,522
19182,510
19183,522
19184,518
19185,516
19186,518
19187,524
19188,520
19189,516
19190,518
19191,516
19192,520
19193,522
19194,512
19195,518
19196,520
19197,554
19198,514
19199,522
19200,520
19201,524
19202,516
19203,516
19204,522
19205,520
19206,514
19207,520
19208,518
19209,520
19210,524
19211,518
19212,518
19213,524
19214,520
19215,520
19216,522
19217,518
19218,516
19219,524
19220,520
19221,518
19222,518
19223,526
19224,520
19225,524
19226,524
19227,514
19228,524
19229,522
19230,520
19231,520
19232,524
19233,520
19234,520
19235,524
19236,518
19237,518
19238,522
19239,518
19240,520
19241,524
19242,514
19243,524
19244,524
19245,522
19246,522
19247,524
19248,518
19249,520
19250,520
19251,514
19252,520
19253,518
19254,520
19255,520
19256,516
19257,518
19258,524
19259,520
19260,556
19261,520
19262,520
19263,516
19264,516
19265,518
19266,516
19267,520
19268,524
19269,518
19270,520
19271,520
19272,520
19273,522
19274,522
19275,518
19276,524
19277,522
19278,520
19279,518
19280,524
19281,514
19282,518
19283,522
19284,516
19285,520
19286,522
19287,514
19288,520
19289,520
19290,514
19291,522
19292,522
19293,514
19294,520
19295,516
19296,514
19297,520
19298,524
19299,520
19300,516
19301,514
19302,514
19303,522
19304,518
19305,518
19306,518
19307,524
19308,520
19309,522
19310,522
19311,522
19312,522
19313,522
19314,520
19315,520
19316,520
19317,520
19318,522
19319,520
19320,560
19321,516
19322,522
19323,516
19324,516
19325,518
19326,520
19327,518
19328,518
19329,512
19330,518
19331,518
19332,520
19333,526
19334,522
19335,522
19336,520
19337,518
19338,518
19339,522
19340,518
19341,516
19342,524
19343,524
19344,522
19345,520
19346,520
19347,522
19348,524
19349,522
19350,518
19351,524
19352,522
19353,516
19354,522
19355,518
19356,520
19357,524
19358,520
19359,516
19360,522
19361,526
19362,520
19363,520
19364,524
19365,518
19366,524
19367,520
19368,520
19369,522
19370,522
19371,516
19372,522
19373,522
19374,516
19375,518
19376,522
19377,520
19378,524
19379,520
19380,522
19381,524
19382,560
19383,520
19384,522
19385,520
19386,516
19387,516
19388,524
19389,520
19390,522
19391,518
19392,518
19393,518
19394,520
19395,518
19396,522
19397,522
19398,514
19399,522
19400,524
19401,522
19402,524
19403,520
19404,518
19405,524
19406,524
19407,518
19408,522
19409,518
19410,518
19411,524
19412,520
19413,516
19414,520
19415,518
19416,512
19417,518
19418,522
19419,520
19420,518
19421,516
19422,512
19423,524
19424,520
19425,514
19426,522
19427,520
19428,518
19429,522
19430,520
19431,512
19432,518
19433,522
19434,518
19435,524
19436,518
19437,512
19438,524
19439,522
19440,512
19441,516
19442,516
19443,512
19444,516
19445,520
19446,520
19447,520
19448,524
19449,520
19450,520
19451,518
19452,522
19453,524
19454,522
19455,518
19456,522
19457,518
19458,520
19459,558
19460,522
19461,520
19462,522
19463,522
19464,514
19465,520
19466,520
19467,518
19468,526
19469,526
19470,520
19471,526
19472,522
19473,520
19474,518
19475,520
19476,512
19477,524
19478,524
19479,520
19480,518
19481,522
19482,516
19483,520
19484,528
19485,512
19486,524
19487,526
19488,520
19489,526
19490,520
19491,522
19492,526
19493,524
19494,520
19495,526
19496,520
19497,522
19498,522
19499,520
19500,520
19501,520
19502,518
19503,518
19504,524
19505,516
19506,518
19507,516
19508,524
19509,518
19510,522
19511,526
19512,516
19513,520
19514,520
19515,518
19516,524
19517,524
19518,556
19519,524
19520,520
19521,520
19522,516
19523,516
19524,516
19525,518
19526,516
19527,514
19528,522
19529,516
19530,514
19531,522
19532,516
19533,512
19534,520
19535,516
19536,516
19537,518
19538,518
19539,518
19540,522
19541,564
19542,520
19543,520
19544,518
19545,538
19546,514
19547,514
19548,516
19549,522
19550,512
19551,522
19552,516
19553,518
19554,522
19555,518
19556,512
19557,524
19558,522
19559,514
19560,526
19561,516
19562,512
19563,544
19564,524
19565,514
19566,522
19567,518
19568,516
19569,522
19570,522
19571,518
19572,520
19573,522
19574,516
19575,520
19576,516
19577,518
19578,526
19579,524
19580,520
19581,520
19582,522
19583,514
19584,518
19585,518
19586,518
19587,518
19588,520
19589,516
19590,524
19591,526
19592,512
19593,518
19594,524
19595,516
19596,520
19597,524
19598,520
19599,524
19600,526
19601,518
19602,524
19603,518
19604,518
19605,524
19606,526
19607,512
19608,522
19609,526
19610,518
19611,516
19612,522
19613,520
19614,522
19615,524
19616,518
19617,522
19618,524
19619,514
19620,522
19621,514
19622,558
19623,522
19624,516
19625,520
19626,520
19627,520
19628,512
19629,524
19630,524
19631,516
19632,524
19633,516
19634,520
19635,518
19636,522
19637,512
19638,522
19639,518
19640,518
19641,518
19642,522
19643,516
19644,518
19645,524
19646,516
19647,516
19648,522
19649,514
19650,522
19651,520
19652,520
19653,520
19654,522
19655,520
19656,518
19657,518
19658,510
19659,520
19660,522
19661,518
19662,522
19663,520
19664,512
19665,522
19666,522
19667,520
19668,520
19669,516
19670,522
19671,520
19672,518
19673,512
19674,520
19675,520
19676,516
19677,524
19678,562
19679,518
19680,514
19681,518
19682,518
19683,528
19684,520
19685,514
19686,522
19687,518
19688,518
19689,516
19690,522
19691,512
19692,524
19693,520
19694,514
19695,518
19696,520
19697,518
19698,520
19699,520
19700,520
19701,522
19702,524
19703,520
19704,520
19705,522
19706,516
19707,526
19708,518
19709,516
19710,518
19711,522
19712,516
19713,518
19714,518
19715,514
19716,522
19717,518
19718,514
19719,522
19720,524
19721,516
19722,520
19723,524
19724,520
19725,522
19726,524
19727,512
19728,524
19729,522
19730,518
19731,526
19732,524
19733,516
19734,522
19735,536
19736,520
19737,516
19738,526
19739,518
19740,522
19741,524
19742,518
19743,522
19744,522
19745,514
19746,520
19747,518
19748,518
19749,520
19750,524
19751,514
19752,520
19753,522
19754,510
19755,518
19756,522
19757,516
19758,522
19759,524
19760,518
19761,524
19762,522
19763,518
19764,524
19765,520
19766,518
19767,520
19768,518
19769,516
19770,520
19771,522
19772,516
19773,520
19774,522
19775,514
19776,522
19777,522
19778,516
19779,520
19780,522
19781,520
19782,522
19783,514
19784,514
19785,522
19786,522
19787,516
19788,518
19789,518
19790,518
19791,522
19792,522
19793,514
19794,524
19795,560
19796,518
19797,520
19798,520
19799,510
19800,524
19801,522
19802,512
19803,516
19804,520
19805,518
19806,522
19807,520
19808,518
19809,524
19810,520
19811,518
19812,520
19813,522
19814,516
19815,518
19816,520
19817,514
19818,522
19819,524
19820,518
19821,516
19822,524
19823,514
19824,518
19825,522
19826,520
19827,518
19828,520
19829,520
19830,524
19831,524
19832,520
19833,522
19834,520
19835,514
19836,524
19837,518
19838,516
19839,524
19840,520
19841,518
19842,520
19843,522
19844,520
19845,524
19846,524
19847,514
19848,520
19849,520
19850,518
19851,566
19852,524
19853,514
19854,520
19855,522
19856,516
19857,520
19858,520
19859,520
19860,518
19861,524
19862,520
19863,524
19864,522
19865,522
19866,518
19867,516
19868,520
19869,522
19870,518
19871,516
19872,522
19873,524
19874,518
19875,520
19876,518
19877,514
19878,516
19879,520
19880,516
19881,522
19882,518
19883,514
19884,518
19885,522
19886,518
19887,514
19888,518
19889,520
19890,520
19891,524
19892,512
19893,522
19894,526
19895,518
19896,518
19897,516
19898,518
19899,518
19900,518
19901,518
19902,522
19903,518
19904,518
19905,518
19906,516
19907,518
19908,516
19909,564
19910,512
19911,524
19912,520
19913,518
19914,520
19915,520
19916,514
19917,524
19918,516
19919,516
19920,522
19921,524
19922,512
19923,520
19924,518
19925,516
19926,518
19927,520
19928,512
19929,518
19930,516
19931,514
19932,518
19933,520
19934,514
19935,520
19936,520
19937,514
19938,516
19939,520
19940,520
19941,524
19942,520
19943,512
19944,524
19945,522
19946,510
19947,516
19948,516
19949,520
19950,560
19951,518
19952,526
19953,520
19954,516
19955,512
19956,518
19957,540
19958,516
19959,520
19960,520
19961,516
19962,516
19963,520
19964,520
19965,520
19966,520
19967,514
19968,520
19969,526
19970,522
19971,524
19972,526
19973,514
19974,526
19975,520
19976,520
19977,522
19978,524
19979,520
19980,524
19981,522
19982,520
19983,522
19984,520
19985,520
19986,518
19987,522
19988,512
19989,522
19990,520
19991,520
19992,526
19993,516
19994,512
19995,522
19996,528
19997,514
19998,520
19999,520
20000,518
20001,520
20002,520
20003,518
20004,520
20005,562
20006,520
20007,522
20008,524
20009,520
20010,522
20011,520
20012,512
20013,522
20014,524
20015,516
20016,520
20017,520
20018,520
20019,522
20020,522
20021,520
20022,524
20023,520
20024,514
20025,520
20026,518
20027,514
20028,526
20029,522
20030,520
20031,524
20032,522
20033,518
20034,516
20035,520
20036,512
20037,524
20038,522
20039,518
20040,522
20041,520
20042,514
20043,516
20044,520
20045,512
20046,520
20047,522
20048,518
20049,516
20050,524
20051,516
20052,518
20053,518
20054,520
20055,522
20056,520
20057,516
20058,520
20059,520
20060,514
20061,520
20062,516
20063,518
20064,558
20065,522
20066,516
20067,520
20068,518
20069,518
20070,522
20071,516
20072,516
20073,520
20074,524
20075,512
20076,522
20077,518
20078,516
20079,526
20080,522
20081,518
20082,518
20083,526
20084,514
20085,520
20086,524
20087,516
20088,524
20089,520
20090,514
20091,526
20092,524
20093,520
20094,522
20095,524
20096,518
20097,522
20098,524
20099,518
20100,522
20101,524
20102,520
20103,522
20104,526
20105,520
20106,524
20107,520
20108,522
20109,520
20110,518
20111,516
20112,524
20113,516
20114,520
20115,522
20116,520
20117,520
20118,518
20119,526
20120,512
20121,524
20122,524
20123,520
20124,524
20125,522
20126,514
20127,524
20128,522
20129,512
20130,520
20131,526
20132,518
20133,518
20134,518
20135,516
20136,520
20137,518
20138,518
20139,520
20140,518
20141,516
20142,520
20143,522
20144,514
20145,518
20146,516
20147,522
20148,516
20149,520
20150,518
20151,526
20152,524
20153,520
20154,522
20155,524
20156,510
20157,520
20158,522
20159,520
20160,522
20161,522
20162,522
20163,520
20164,516
20165,514
20166,520
20167,524
20168,520
20169,518
20170,522
20171,514
20172,520
20173,518
20174,516
20175,516
20176,516
20177,520
20178,522
20179,522
20180,514
20181,522
20182,520
20183,518
20184,520
20185,524
20186,518
20187,518
20188,522
20189,518
20190,520
20191,562
20192,522
20193,520
20194,522
20195,520
20196,518
20197,520
20198,520
20199,522
20200,520
20201,520
20202,518
20203,518
20204,514
20205,518
20206,524
20207,516
20208,520
20209,522
20210,520
20211,522
20212,518
20213,516
20214,518
20215,520
20216,518
20217,524
20218,520
20219,518
20220,522
20221,524
20222,516
20223,522
20224,520
20225,518
20226,522
20227,524
20228,516
20229,524
20230,524
20231,516
20232,522
20233,524
20234,520
20235,520
20236,520
20237,520
20238,520
20239,522
20240,516
20241,524
20242,518
20243,518
20244,520
20245,524
20246,522
20247,520
20248,522
20249,518
20250,520
20251,560
20252,518
20253,526
20254,522
20255,520
20256,518
20257,518
20258,518
20259,520
20260,522
20261,522
20262,524
20263,520
20264,522
20265,524
20266,516
20267,514
20268,520
20269,522
20270,520
20271,518
20272,516
20273,514
20274,516
20275,524
20276,514
20277,522
20278,518
20279,514
20280,522
20281,524
20282,518
20283,518
20284,520
20285,520
20286,520
20287,522
20288,518
20289,522
20290,522
20291,518
20292,518
20293,518
20294,512
20295,520
20296,524
20297,514
20298,514
20299,518
20300,512
20301,518
20302,522
20303,518
20304,516
20305,522
20306,522
20307,522
20308,524
20309,518
20310,520
20311,516
20312,514
20313,518
20314,524
20315,520
20316,520
20317,524
20318,516
20319,522
20320,524
20321,514
20322,524
20323,518
20324,520
20325,520
20326,520
20327,512
20328,516
20329,522
20330,512
20331,522
20332,518
20333,512
20334,528
20335,520
20336,518
20337,518
20338,518
20339,520
20340,558
20341,18858
20342,540
20343,520
20344,528
20345,546
20346,518
20347,516
20348,520
20349,520
20350,514
20351,518
20352,518
20353,520
20354,522
20355,516
20356,520
20357,524
20358,522
20359,520
20360,560
20361,522
20362,516
20363,524
20364,532
20365,518
20366,518
20367,524
20368,516
20369,526
20370,522
20371,520
20372,520
20373,520
20374,512
20375,518
20376,524
20377,518
20378,522
20379,518
20380,518
20381,516
20382,524
20383,520
20384,522
20385,524
20386,516
20387,522
20388,522
20389,518
20390,524
20391,522
20392,514
20393,554
20394,516
20395,518
20396,520
20397,522
20398,516
20399,516
20400,518
20401,518
20402,524
20403,518
20404,522
20405,518
20406,516
20407,514
20408,522
20409,518
20410,512
20411,524
20412,520
20413,520
20414,524
20415,520
20416,512
20417,522
20418,522
20419,514
20420,522
20421,522
20422,520
20423,524
20424,520
20425,514
20426,518
20427,526
20428,518
20429,526
20430,518
20431,520
20432,520
20433,518
20434,516
20435,522
20436,522
20437,520
20438,526
20439,518
20440,520
20441,524
20442,520
20443,520
20444,520
20445,526
20446,514
20447,524
20448,516
20449,516
20450,524
20451,520
20452,558
20453,526
20454,522
20455,520
20456,522
20457,518
20458,516
20459,522
20460,520
20461,520
20462,524
20463,520
20464,520
20465,516
20466,524
20467,520
20468,518
20469,518
20470,516
20471,520
20472,518
20473,522
20474,520
20475,520
20476,512
20477,516
20478,518
20479,518
20480,520
20481,518
20482,514
20483,522
20484,524
20485,516
20486,516
20487,522
20488,518
20489,522
20490,522
20491,512
20492,518
20493,524
20494,514
20495,524
20496,516
20497,514
20498,520
20499,516
20500,518
20501,524
20502,522
20503,518
20504,522
20505,518
20506,512
20507,522
20508,516
20509,518
20510,558
20511,522
20512,516
20513,518
20514,524
20515,518
20516,522
20517,524
20518,514
20519,522
20520,518
20521,516
20522,518
20523,522
20524,516
20525,518
20526,518
20527,516
20528,518
20529,522
20530,516
20531,516
20532,520
20533,518
20534,518
20535,520
20536,512
20537,520
20538,520
20539,518
20540,516
20541,520
20542,518
20543,522
20544,520
20545,514
20546,524
20547,522
20548,516
20549,524
20550,520
20551,516
20552,524
20553,520
20554,518
20555,522
20556,522
20557,516
20558,522
20559,520
20560,514
20561,518
20562,520
20563,518
20564,524
20565,522
20566,520
20567,518
20568,558
20569,520
20570,522
20571,526
20572,518
20573,518
20574,524
20575,514
20576,526
20577,518
20578,522
20579,520
20580,524
20581,516
20582,524
20583,522
20584,520
20585,520
20586,520
20587,522
20588,520
20589,524
20590,514
20591,518
20592,522
20593,518
20594,516
20595,520
20596,518
20597,520
20598,524
20599,514
20600,522
20601,520
20602,516
20603,518
20604,520
20605,518
20606,518
20607,518
20608,516
20609,520
20610,518
20611,516
20612,516
20613,520
20614,518
20615,518
20616,518
20617,518
20618,522
20619,520
20620,512
20621,518
20622,522
20623,512
20624,520
20625,522
20626,518
20627,560
20628,518
20629,516
20630,522
20631,518
20632,520
20633,518
20634,524
20635,514
20636,520
20637,516
20638,516
20639,516
20640,520
20641,518
20642,518
20643,518
20644,514
20645,516
20646,522
20647,512
20648,526
20649,524
20650,518
20651,522
20652,520
20653,518
20654,520
20655,518
20656,520
20657,516
20658,516
20659,514
20660,518
20661,524
20662,520
20663,526
20664,518
20665,518
20666,516
20667,520
20668,516
20669,518
20670,524
20671,518
20672,522
20673,518
20674,512
20675,520
20676,520
20677,520
20678,520
20679,518
20680,518
20681,520
20682,524
20683,522
20684,522
20685,518
20686,514
20687,528
20688,540
20689,518
20690,522
20691,522
20692,522
20693,522
20694,522
20695,520
20696,516
20697,522
20698,518
20699,526
20700,526
20701,520
20702,520
20703,526
20704,516
20705,518
20706,526
20707,514
20708,522
20709,518
20710,520
20711,518
20712,520
20713,518
20714,520
20715,518
20716,514
20717,526
20718,520
20719,516
20720,524
20721,520
20722,516
20723,522
20724,526
20725,520
20726,520
20727,524
20728,516
20729,522
20730,522
20731,518
20732,522
20733,520
20734,516
20735,520
20736,516
20737,510
20738,518
20739,524
20740,522
20741,520
20742,522
20743,514
20744,516
20745,524
20746,514
20747,556
20748,518
20749,518
20750,520
20751,524
20752,520
20753,516
20754,516
20755,518
20756,516
20757,520
20758,516
20759,514
20760,520
20761,518
20762,524
20763,518
20764,514
20765,520
20766,522
20767,516
20768,520
20769,562
20770,520
20771,524
20772,538
20773,518
20774,524
20775,524
20776,528
20777,516
20778,518
20779,522
20780,520
20781,514
20782,524
20783,518
20784,516
20785,518
20786,522
20787,518
20788,516
20789,524
20790,518
20791,518
20792,524
20793,514
20794,522
20795,518
20796,518
20797,520
20798,522
20799,514
20800,520
20801,520
20802,520
20803,524
20804,526
20805,520
20806,520
20807,524
20808,520
20809,524
20810,524
20811,518
20812,524
20813,526
20814,520
20815,524
20816,526
20817,524
20818,528
20819,524
20820,560
20821,524
20822,520
20823,514
20824,526
20825,526
20826,518
20827,524
20828,526
20829,516
20830,524
20831,522
20832,518
20833,520
20834,518
20835,518
20836,524
20837,524
20838,516
20839,520
20840,522
20841,516
20842,520
20843,522
20844,518
20845,522
20846,524
20847,518
20848,524
20849,518
20850,522
20851,524
20852,522
20853,518
20854,526
20855,516
20856,518
20857,522
20858,518
20859,514
20860,520
20861,522
20862,520
20863,518
20864,524
20865,514
20866,524
20867,516
20868,516
20869,516
20870,520
20871,518
20872,520
20873,522
20874,514
20875,524
20876,516
20877,514
20878,522
20879,518
20880,518
20881,520
20882,524
20883,514
20884,522
20885,522
20886,558
20887,518
20888,518
20889,516
20890,516
20891,516
20892,516
20893,524
20894,516
20895,520
20896,516
20897,524
20898,520
20899,524
20900,526
20901,522
20902,526
20903,518
20904,520
20905,516
20906,528
20907,520
20908,524
20909,524
20910,522
20911,522
20912,524
20913,518
20914,524
20915,526
20916,520
20917,526
20918,524
20919,520
20920,522
20921,522
20922,522
20923,526
20924,520
20925,522
20926,524
20927,520
20928,522
20929,520
20930,524
20931,518
20932,528
20933,522
20934,518
20935,526
20936,524
20937,516
20938,524
20939,528
20940,520
20941,520
20942,520
20943,514
20944,524
20945,526
20946,580
20947,520
20948,526
20949,514
20950,522
20951,522
20952,516
20953,526
20954,524
20955,516
20956,524
20957,526
20958,522
20959,524
20960,524
20961,518
20962,522
20963,520
20964,522
20965,520
20966,524
20967,516
20968,524
20969,520
20970,514
20971,520
20972,518
20973,520
20974,520
20975,516
20976,516
20977,524
20978,524
20979,514
20980,522
20981,516
20982,520
20983,522
20984,522
20985,520
20986,524
20987,522
20988,520
20989,524
20990,516
20991,514
20992,524
20993,518
20994,516
20995,522
20996,520
20997,514
20998,524
20999,520
21000,514
21001,518
21002,516
21003,514
21004,522
21005,518
21006,516
21007,516
21008,518
21009,518
21010,518
21011,562
21012,514
21013,522
21014,524
21015,522
21016,518
21017,524
21018,516
21019,522
21020,522
21021,518
21022,518
21023,524
21024,520
21025,528
21026,522
21027,520
21028,520
21029,518
21030,518
21031,522
21032,520
21033,518
21034,526
21035,520
21036,522
21037,522
21038,524
21039,518
21040,522
21041,518
21042,518
21043,522
21044,518
21045,514
21046,524
21047,522
21048,522
21049,526
21050,520
21051,518
21052,520
21053,518
21054,516
21055,518
21056,520
21057,516
21058,524
21059,526
21060,516
21061,526
21062,526
21063,516
21064,526
21065,522
21066,518
21067,522
21068,522
21069,516
21070,522
21071,560
21072,518
21073,520
21074,520
21075,516
21076,524
21077,526
21078,520
21079,526
21080,520
21081,514
21082,520
21083,524
21084,516
21085,520
21086,518
21087,518
21088,524
21089,526
21090,522
21091,520
21092,518
21093,514
21094,522
21095,524
21096,516
21097,524
21098,520
21099,516
21100,524
21101,524
21102,522
21103,524
21104,524
21105,516
21106,518
21107,524
21108,516
21109,516
21110,524
21111,518
21112,518
21113,522
21114,522
21115,524
21116,518
21117,512
21118,516
21119,522
21120,516
21121,524
21122,520
21123,518
21124,522
21125,518
21126,520
21127,518
21128,516
21129,520
21130,522
21131,522
21132,520
21133,520
21134,522
21135,514
21136,518
21137,522
21138,518
21139,558
21140,522
21141,518
21142,524
21143,520
21144,514
21145,524
21146,524
21147,516
21148,522
21149,522
21150,516
21151,524
21152,518
21153,520
21154,522
21155,524
21156,520
21157,526
21158,524
21159,524
21160,520
21161,524
21162,522
21163,518
21164,526
21165,518
21166,528
21167,524
21168,514
21169,522
21170,518
21171,518
21172,524
21173,524
21174,516
21175,524
21176,518
21177,518
21178,524
21179,570
21180,522
21181,518
21182,512
21183,528
21184,524
21185,518
21186,544
21187,522
21188,518
21189,528
21190,522
21191,518
21192,518
21193,518
21194,518
21195,522
21196,522
21197,522
21198,526
21199,522
21200,518
21201,522
21202,524
21203,518
21204,520
21205,522
21206,518
21207,518
21208,518
21209,520
21210,518
21211,526
21212,518
21213,522
21214,520
21215,522
21216,524
21217,520
21218,520
21219,526
21220,522
21221,514
21222,522
21223,524
21224,516
21225,518
21226,522
21227,522
21228,518
21229,524
21230,520
21231,558
21232,522
21233,514
21234,524
21235,522
21236,514
21237,522
21238,520
21239,520
21240,522
21241,516
21242,520
21243,520
21244,520
21245,514
21246,524
21247,520
21248,520
21249,516
21250,518
21251,512
21252,520
21253,522
21254,522
21255,524
21256,518
21257,518
21258,520
21259,522
21260,516
21261,524
21262,518
21263,520
21264,522
21265,518
21266,520
21267,520
21268,524
21269,520
21270,520
21271,522
21272,518
21273,522
21274,520
21275,520
21276,526
21277,526
21278,524
21279,524
21280,524
21281,522
21282,520
21283,524
21284,518
21285,520
21286,520
21287,520
21288,524
21289,518
21290,556
21291,524
21292,518
21293,522
21294,524
21295,524
21296,516
21297,524
21298,518
21299,516
21300,528
21301,522
21302,522
21303,518
21304,522
21305,520
21306,524
21307,526
21308,514
21309,526
21310,524
21311,512
21312,524
21313,522
21314,518
21315,524
21316,522
21317,514
21318,522
21319,528
21320,518
21321,520
21322,520
21323,516
21324,520
21325,522
21326,514
21327,522
21328,522
21329,516
21330,524
21331,520
21332,514
21333,518
21334,520
21335,518
21336,522
21337,524
21338,518
21339,516
21340,524
21341,518
21342,524
21343,518
21344,518
21345,516
21346,526
21347,556
21348,518
21349,522
21350,518
21351,520
21352,526
21353,516
21354,520
21355,522
21356,518
21357,522
21358,520
21359,520
21360,524
21361,524
21362,514
21363,518
21364,524
21365,512
21366,520
21367,516
21368,516
21369,518
21370,522
21371,518
21372,522
21373,520
21374,520
21375,518
21376,518
21377,518
21378,520
21379,524
21380,518
21381,524
21382,524
21383,520
21384,518
21385,528
21386,518
21387,526
21388,524
21389,518
21390,520
21391,526
21392,520
21393,518
21394,518
21395,516
21396,522
21397,520
21398,520
21399,524
21400,522
21401,514
21402,518
21403,564
21404,516
21405,520
21406,528
21407,514
21408,520
21409,518
21410,520
21411,518
21412,516
21413,520
21414,522
21415,518
21416,520
21417,520
21418,526
21419,516
21420,524
21421,516
21422,522
21423,524
21424,524
21425,516
21426,524
21427,520
21428,520
21429,520
21430,522
21431,520
21432,526
21433,524
21434,524
21435,518
21436,526
21437,514
21438,524
21439,520
21440,514
21441,522
21442,516
21443,520
21444,524
21445,524
21446,520
21447,524
21448,526
21449,514
21450,522
21451,524
21452,514
21453,524
21454,524
21455,516
21456,560
21457,520
21458,522
21459,524
21460,518
21461,514
21462,520
21463,526
21464,522
21465,520
21466,520
21467,516
21468,522
21469,524
21470,514
21471,524
21472,524
21473,518
21474,522
21475,524
21476,518
21477,516
21478,524
21479,514
21480,526
21481,522
21482,514
21483,522
21484,518
21485,516
21486,524
21487,522
21488,516
21489,518
21490,520
21491,510
21492,520
21493,520
21494,520
21495,518
21496,522
21497,520
21498,518
21499,522
21500,520
21501,520
21502,524
21503,520
21504,526
21505,522
21506,518
21507,518
21508,522
21509,520
21510,520
21511,518
21512,514
21513,524
21514,520
21515,520
21516,522
21517,524
21518,516
21519,524
21520,526
21521,522
21522,526
21523,528
21524,512
21525,518
21526,562
21527,518
21528,520
21529,524
21530,518
21531,520
21532,524
21533,518
21534,520
21535,520
21536,520
21537,520
21538,516
21539,514
21540,526
21541,524
21542,518
21543,520
21544,524
21545,516
21546,524
21547,524
21548,518
21549,522
21550,518
21551,512
21552,518
21553,520
21554,520
21555,524
21556,522
21557,522
21558,522
21559,516
21560,514
21561,520
21562,522
21563,518
21564,520
21565,522
21566,520
21567,520
21568,526
21569,520
21570,524
21571,520
21572,522
21573,524
21574,520
21575,520
21576,522
21577,528
21578,522
21579,520
21580,526
21581,516
21582,520
21583,524
21584,514
21585,564
21586,522
21587,516
21588,522
21589,564
21590,516
21591,522
21592,528
21593,522
21594,522
21595,514
21596,520
21597,524
21598,520
21599,516
21600,520
21601,522
21602,520
21603,516
21604,520
21605,522
21606,518
21607,522
21608,520
21609,520
21610,520
21611,524
21612,516
21613,522
21614,522
21615,512
21616,518
21617,522
21618,518
21619,518
21620,522
21621,520
21622,524
21623,524
21624,520
21625,516
21626,518
21627,512
21628,522
21629,522
21630,520
21631,518
21632,522
21633,518
21634,520
21635,520
21636,520
21637,522
21638,520
21639,518
21640,518
21641,528
21642,516
21643,526
21644,524
21645,520
21646,564
21647,522
21648,516
21649,520
21650,518
21651,520
21652,524
21653,524
21654,514
21655,520
21656,524
21657,516
21658,522
21659,524
21660,518
21661,526
21662,524
21663,522
21664,518
21665,522
21666,520
21667,524
21668,518
21669,522
21670,522
21671,522
21672,518
21673,518
21674,522
21675,518
21676,522
21677,524
21678,518
21679,524
21680,524
21681,514
21682,522
21683,518
21684,524
21685,524
21686,524
21687,522
21688,520
21689,526
21690,522
21691,524
21692,522
21693,516
21694,526
21695,524
21696,524
21697,526
21698,524
21699,518
21700,528
21701,520
21702,516
21703,540
21704,520
21705,516
21706,522
21707,524
21708,520
21709,522
21710,520
21711,518
21712,520
21713,522
21714,520
21715,520
21716,518
21717,512
21718,518
21719,524
21720,516
21721,522
21722,522
21723,516
21724,524
21725,520
21726,514
21727,520
21728,522
21729,518
21730,520
21731,520
21732,514
21733,522
21734,520
21735,518
21736,518
21737,524
21738,520
21739,520
21740,520
21741,514
21742,518
21743,518
21744,514
21745,522
21746,522
21747,516
21748,520
21749,550
21750,518
21751,524
21752,526
21753,524
21754,522
21755,518
21756,520
21757,526
21758,526
21759,524
21760,518
21761,538
21762,520
21763,518
21764,518
21765,522
21766,516
21767,520
21768,524
21769,520
21770,522
21771,516
21772,522
21773,526
21774,516
21775,522
21776,524
21777,520
21778,524
21779,522
21780,520
21781,524
21782,520
21783,518
21784,518
21785,522
21786,518
21787,524
21788,524
21789,520
21790,524
21791,522
21792,522
21793,520
21794,520
21795,518
21796,520
21797,518
21798,518
21799,524
21800,522
21801,520
21802,524
21803,518
21804,524
21805,526
21806,528
21807,522
21808,520
21809,524
21810,518
21811,522
21812,524
21813,558
21814,522
21815,528
21816,512
21817,518
21818,524
21819,518
21820,518
21821,522
21822,516
21823,520
21824,520
21825,518
21826,522
21827,526
21828,514
21829,524
21830,524
21831,518
21832,524
21833,520
21834,520
21835,520
21836,520
21837,518
21838,518
21839,524
21840,516
21841,522
21842,524
21843,520
21844,522
21845,518
21846,518
21847,518
21848,522
21849,514
21850,524
21851,518
21852,516
21853,524
21854,520
21855,520
21856,520
21857,524
21858,514
21859,518
21860,522
21861,516
21862,520
21863,520
21864,520
21865,520
21866,520
21867,518
21868,520
21869,518
21870,520
21871,524
21872,518
21873,516
21874,520
21875,520
21876,516
21877,520
21878,558
21879,520
21880,526
21881,522
21882,514
21883,520
21884,520
21885,522
21886,522
21887,518
21888,516
21889,524
21890,526
21891,520
21892,524
21893,524
21894,512
21895,524
21896,518
21897,516
21898,524
21899,518
21900,516
21901,524
21902,524
21903,520
21904,520
21905,520
21906,518
21907,522
21908,524
21909,520
21910,522
21911,522
21912,518
21913,526
21914,518
21915,516
21916,524
21917,524
21918,520
21919,522
21920,524
21921,516
21922,520
21923,524
21924,520
21925,522
21926,522
21927,520
21928,524
21929,522
21930,520
21931,522
21932,524
21933,516
21934,520
21935,520
21936,516
21937,520
21938,524
21939,522
21940,582
21941,518
21942,518
21943,522
21944,520
21945,516
21946,516
21947,522
21948,514
21949,524
21950,518
21951,520
21952,526
21953,522
21954,518
21955,524
21956,520
21957,514
21958,518
21959,524
21960,520
21961,520
21962,516
21963,520
21964,524
21965,518
21966,518
21967,524
21968,520
21969,518
21970,524
21971,522
21972,512
21973,518
21974,520
21975,512
21976,520
21977,522
21978,516
21979,522
21980,516
21981,520
21982,522
21983,520
21984,520
21985,516
21986,522
21987,520
21988,524
21989,516
21990,520
21991,522
21992,524
21993,516
21994,518
21995,520
21996,516
21997,522
21998,570
21999,528
22000,526
22001,522
22002,516
22003,516
22004,518
22005,522
22006,524
22007,518
22008,516
22009,530
22010,520
22011,520
22012,518
22013,518
22014,522
22015,520
22016,514
22017,524
22018,520
22019,518
22020,518
22021,524
22022,518
22023,518
22024,522
22025,520
22026,524
22027,524
22028,522
22029,522
22030,526
22031,516
22032,524
22033,526
22034,518
22035,524
22036,524
22037,520
22038,520
22039,526
22040,558
22041,520
22042,522
22043,514
22044,520
22045,526
22046,514
22047,524
22048,520
22049,520
22050,522
22051,524
22052,520
22053,522
22054,520
22055,516
22056,522
22057,524
22058,516
22059,522
22060,518
22061,520
22062,524
22063,522
22064,520
22065,520
22066,522
22067,518
22068,520
22069,524
22070,516
22071,524
22072,524
22073,516
22074,518
22075,522
22076,520
22077,522
22078,518
22079,518
22080,518
22081,524
22082,512
22083,522
22084,520
22085,520
22086,516
22087,522
22088,520
22089,522
22090,518
22091,518
22092,518
22093,524
22094,514
22095,524
22096,520
22097,516
22098,520
22099,522
22100,516
22101,518
22102,522
22103,518
22104,524
22105,522
22106,516
22107,520
22108,520
22109,518
22110,526
22111,522
22112,518
22113,522
22114,522
22115,514
22116,520
22117,522
22118,516
22119,520
22120,524
22121,518
22122,524
22123,518
22124,518
22125,522
22126,520
22127,516
22128,520
22129,522
22130,512
22131,526
22132,522
22133,516
22134,524
22135,522
22136,520
22137,524
22138,520
22139,520
22140,518
22141,524
22142,520
22143,524
22144,516
22145,516
22146,524
22147,564
22148,520
22149,526
22150,524
22151,520
22152,526
22153,524
22154,514
22155,518
22156,522
22157,520
22158,522
22159,524
22160,516
22161,526
22162,526
22163,518
22164,526
22165,524
22166,516
22167,522
22168,520
22169,520
22170,520
22171,526
22172,516
22173,526
22174,526
22175,520
22176,522
22177,518
22178,520
22179,520
22180,520
22181,516
22182,518
22183,524
22184,522
22185,518
22186,522
22187,518
22188,522
22189,522
22190,520
22191,520
22192,520
22193,518
22194,524
22195,522
22196,514
22197,516
22198,522
22199,518
22200,522
22201,526
22202,516
22203,518
22204,522
22205,512
22206,526
22207,524
22208,520
22209,516
22210,524
22211,516
22212,518
22213,524
22214,560
22215,522
22216,518
22217,518
22218,518
22219,516
22220,516
22221,522
22222,520
22223,520
22224,522
22225,518
22226,520
22227,524
22228,520
22229,518
22230,522
22231,518
22232,516
22233,520
22234,524
22235,520
22236,520
22237,516
22238,514
22239,518
22240,522
22241,520
22242,522
22243,524
22244,522
22245,526
22246,522
22247,516
22248,518
22249,518
22250,516
22251,520
22252,526
22253,516
22254,524
22255,524
22256,518
22257,522
22258,518
22259,520
22260,518
22261,522
22262,518
22263,518
22264,524
22265,514
22266,518
22267,524
22268,520
22269,522
22270,524
22271,514
22272,524
22273,524
22274,512
22275,522
22276,524
22277,516
22278,518
22279,520
22280,518
22281,524
22282,566
22283,518
22284,526
22285,520
22286,514
22287,522
22288,524
22289,514
22290,520
22291,524
22292,516
22293,522
22294,522
22295,520
22296,522
22297,520
22298,516
22299,526
22300,516
22301,516
22302,524
22303,522
22304,514
22305,520
22306,524
22307,522
22308,518
22309,520
22310,516
22311,520
22312,520
22313,518
22314,522
22315,522
22316,518
22317,520
22318,522
22319,518
22320,518
22321,520
22322,514
22323,524
22324,520
22325,518
22326,520
22327,524
22328,518
22329,524
22330,522
22331,518
22332,524
22333,520
22334,516
22335,522
22336,518
22337,514
22338,522
22339,520
22340,556
22341,520
22342,518
22343,520
22344,522
22345,524
22346,516
22347,518
22348,518
22349,520
22350,520
22351,516
22352,518
22353,522
22354,520
22355,520
22356,522
22357,520
22358,516
22359,524
22360,520
22361,518
22362,522
22363,516
22364,516
22365,520
22366,524
22367,522
22368,518
22369,524
22370,518
22371,522
22372,524
22373,514
22374,514
22375,518
22376,516
22377,520
22378,524
22379,520
22380,518
22381,526
22382,518
22383,524
22384,522
22385,520
22386,520
22387,524
22388,520
22389,518
22390,522
22391,516
22392,518
22393,524
22394,518
22395,524
22396,518
22397,520
22398,578
22399,520
22400,520
22401,524
22402,520
22403,522
22404,520
22405,520
22406,518
22407,524
22408,568
22409,524
22410,526
22411,518
22412,526
22413,530
22414,520
22415,522
22416,522
22417,514
22418,522
22419,518
22420,516
22421,516
22422,526
22423,518
22424,524
22425,520
22426,514
22427,518
22428,518
22429,516
22430,522
22431,524
22432,518
22433,516
22434,524
22435,520
22436,524
22437,522
22438,520
22439,520
22440,524
22441,518
22442,524
22443,520
22444,518
22445,518
22446,520
22447,522
22448,520
22449,522
22450,518
22451,522
22452,516
22453,512
22454,524
22455,522
22456,516
22457,522
22458,520
22459,518
22460,518
22461,524
22462,512
22463,520
22464,520
22465,520
22466,524
22467,524
22468,516
22469,520
22470,518
22471,520
22472,518
22473,524
22474,518
22475,518
22476,520
22477,516
22478,522
22479,524
22480,514
22481,520
22482,524
22483,520
22484,522
22485,520
22486,514
22487,522
22488,522
22489,520
22490,522
22491,522
22492,518
22493,524
22494,522
22495,514
22496,522
22497,520
22498,522
22499,522
22500,524
22501,558
22502,524
22503,526
22504,520
22505,524
22506,518
22507,518
22508,520
22509,520
22510,516
22511,522
22512,522
22513,520
22514,524
22515,522
22516,516
22517,520
22518,526
22519,518
22520,518
22521,522
22522,518
22523,518
22524,524
22525,516
22526,518
22527,520
22528,514
22529,518
22530,524
22531,520
22532,518
22533,520
22534,522
22535,524
22536,522
22537,516
22538,522
22539,516
22540,518
22541,518
22542,524
22543,514
22544,526
22545,518
22546,516
22547,516
22548,522
22549,514
22550,524
22551,522
22552,520
22553,524
22554,526
22555,522
22556,520
22557,520
22558,516
22559,562
22560,524
22561,522
22562,520
22563,518
22564,518
22565,518
22566,520
22567,520
22568,522
22569,520
22570,514
22571,522
22572,524
22573,518
22574,524
22575,522
22576,520
22577,524
22578,518
22579,512
22580,524
22581,524
22582,516
22583,522
22584,520
22585,518
22586,518
22587,518
22588,520
22589,520
22590,520
22591,516
22592,524
22593,518
22594,516
22595,524
22596,524
22597,520
22598,522
22599,524
22600,520
22601,524
22602,520
22603,516
22604,524
22605,522
22606,514
22607,520
22608,520
22609,522
22610,520
22611,518
22612,520
22613,520
22614,522
22615,518
22616,524
22617,564
22618,520
22619,518
22620,524
22621,518
22622,518
22623,524
22624,514
22625,524
22626,516
22627,518
22628,522
22629,518
22630,516
22631,524
22632,524
22633,518
22634,520
22635,524
22636,520
22637,522
22638,520
22639,522
22640,522
22641,524
22642,520
22643,522
22644,526
22645,522
22646,524
22647,518
22648,520
22649,522
22650,520
22651,522
22652,518
22653,522
22654,520
22655,526
22656,518
22657,520
22658,520
22659,524
22660,516
22661,528
22662,522
22663,520
22664,524
22665,524
22666,518
22667,520
22668,518
22669,518
22670,528
22671,524
22672,520
22673,522
22674,520
22675,518
22676,522
22677,518
22678,516
22679,522
22680,524
22681,518
22682,518
22683,524
22684,518
22685,520
22686,524
22687,516
22688,520
22689,522
22690,514
22691,524
22692,526
22693,516
22694,518
22695,520
22696,518
22697,516
22698,520
22699,520
22700,524
22701,518
22702,514
22703,522
22704,520
22705,518
22706,520
22707,520
22708,514
22709,520
22710,518
22711,518
22712,518
22713,520
22714,520
22715,520
22716,522
22717,518
22718,518
22719,522
22720,518
22721,524
22722,516
22723,560
22724,520
22725,522
22726,518
22727,520
22728,518
22729,514
22730,522
22731,516
22732,518
22733,522
22734,520
22735,518
22736,518
22737,520
22738,518
22739,522
22740,524
22741,518
22742,518
22743,522
22744,514
22745,520
22746,524
22747,514
22748,520
22749,522
22750,516
22751,520
22752,526
22753,520
22754,518
22755,522
22756,520
22757,526
22758,524
22759,514
22760,520
22761,518
22762,518
22763,524
22764,524
22765,520
22766,524
22767,526
22768,522
22769,522
22770,526
22771,514
22772,520
22773,522
22774,520
22775,520
22776,526
22777,518
22778,520
22779,524
22780,520
22781,522
22782,524
22783,518
22784,524
22785,524
22786,516
22787,522
22788,562
22789,522
22790,524
22791,518
22792,524
22793,524
22794,518
22795,514
22796,522
22797,522
22798,516
22799,522
22800,526
22801,516
22802,518
22803,520
22804,520
22805,526
22806,524
22807,516
22808,520
22809,522
22810,520
22811,518
22812,516
22813,516
22814,522
22815,522
22816,520
22817,532
22818,520
22819,514
22820,516
22821,524
22822,524
22823,512
22824,522
22825,518
22826,518
22827,520
22828,522
22829,518
22830,518
22831,522
22832,522
22833,516
22834,520
22835,514
22836,520
22837,518
22838,516
22839,522
22840,520
22841,518
22842,518
22843,522
22844,516
22845,520
22846,524
22847,518
22848,524
22849,518
22850,516
22851,522
22852,518
22853,520
22854,518
22855,524
22856,518
22857,520
22858,522
22859,520
22860,522
22861,520
22862,512
22863,522
22864,524
22865,520
22866,518
22867,524
22868,516
22869,516
22870,524
22871,512
22872,524
22873,522
22874,520
22875,520
22876,518
22877,520
22878,522
22879,524
22880,520
22881,518
22882,524
22883,520
22884,524
22885,520
22886,520
22887,520
22888,526
22889,522
22890,524
22891,520
22892,562
22893,524
22894,524
22895,514
22896,526
22897,520
22898,518
22899,524
22900,522
22901,518
22902,520
22903,524
22904,520
22905,516
22906,520
22907,518
22908,526
22909,524
22910,518
22911,522
22912,520
22913,518
22914,526
22915,516
22916,516
22917,524
22918,520
22919,518
22920,522
22921,526
22922,516
22923,524
22924,516
22925,514
22926,520
22927,516
22928,514
22929,520
22930,522
22931,514
22932,522
22933,526
22934,518
22935,526
22936,524
22937,520
22938,524
22939,518
22940,520
22941,524
22942,524
22943,520
22944,520
22945,522
22946,520
22947,516
22948,524
22949,518
22950,516
22951,544
22952,518
22953,516
22954,520
22955,518
22956,522
22957,520
22958,518
22959,526
22960,522
22961,516
22962,524
22963,522
22964,516
22965,518
22966,520
22967,518
22968,524
22969,518
22970,520
22971,522
22972,522
22973,516
22974,516
22975,524
22976,522
22977,522
22978,524
22979,518
22980,524
22981,522
22982,520
22983,520
22984,520
22985,522
22986,522
22987,522
22988,518
22989,520
22990,524
22991,514
22992,520
22993,524
22994,518
22995,526
22996,522
22997,516
22998,522
22999,520
23000,516
23001,526
23002,522
23003,514
23004,524
23005,520
23006,518
23007,524
23008,524
23009,514
23010,520
23011,562
23012,518
23013,522
23014,522
23015,518
23016,524
23017,524
23018,520
23019,524
23020,520
23021,520
23022,522
23023,522
23024,516
23025,524
23026,520
23027,516
23028,524
23029,520
23030,512
23031,522
23032,526
23033,520
23034,518
23035,518
23036,516
23037,526
23038,524
23039,516
23040,522
23041,524
23042,516
23043,522
23044,526
23045,520
23046,516
23047,522
23048,518
23049,518
23050,518
23051,516
23052,520
23053,514
23054,518
23055,524
23056,516
23057,520
23058,524
23059,518
23060,514
23061,520
23062,522
23063,520
23064,522
23065,518
23066,522
23067,516
23068,524
23069,514
23070,516
23071,560
23072,516
23073,520
23074,524
23075,520
23076,518
23077,518
23078,516
23079,516
23080,518
23081,512
23082,522
23083,524
23084,514
23085,516
23086,520
23087,520
23088,520
23089,524
23090,516
23091,524
23092,522
23093,518
23094,520
23095,524
23096,514
23097,524
23098,524
23099,514
23100,520
23101,524
23102,518
23103,516
23104,518
23105,518
23106,522
23107,524
23108,522
23109,524
23110,522
23111,522
23112,524
23113,526
23114,516
23115,520
23116,520
23117,516
23118,518
23119,520
23120,514
23121,520
23122,518
23123,522
23124,522
23125,522
23126,516
23127,524
23128,522
23129,518
23130,524
23131,524
23132,512
23133,524
23134,520
23135,556
23136,522
23137,518
23138,520
23139,520
23140,516
23141,520
23142,518
23143,524
23144,522
23145,522
23146,520
23147,520
23148,526
23149,522
23150,522
23151,528
23152,522
23153,516
23154,524
23155,522
23156,520
23157,526
23158,524
23159,518
23160,522
23161,526
23162,520
23163,524
23164,522
23165,520
23166,524
23167,524
23168,520
23169,518
23170,522
23171,512
23172,520
23173,520
23174,522
23175,518
23176,524
23177,518
23178,524
23179,526
23180,518
23181,524
23182,526
23183,520
23184,520
23185,516
23186,518
23187,526
23188,518
23189,520
23190,516
23191,516
23192,516
23193,524
23194,524
23195,520
23196,518
23197,522
23198,520
23199,520
23200,516
23201,514
23202,522
23203,524
23204,516
23205,524
23206,522
23207,512
23208,522
23209,516
23210,516
23211,522
23212,518
23213,516
23214,516
23215,520
23216,514
23217,520
23218,524
23219,556
23220,520
23221,522
23222,518
23223,522
23224,526
23225,520
23226,522
23227,552
23228,526
23229,514
23230,520
23231,520
23232,524
23233,522
23234,524
23235,518
23236,520
23237,520
23238,520
23239,516
23240,520
23241,522
23242,514
23243,520
23244,524
23245,516
23246,522
23247,520
23248,516
23249,522
23250,516
23251,516
23252,524
23253,522
23254,514
23255,520
23256,526
23257,522
23258,526
23259,526
23260,518
23261,522
23262,518
23263,516
23264,520
23265,526
23266,522
23267,518
23268,518
23269,518
23270,528
23271,520
23272,516
23273,524
23274,534
23275,524
23276,520
23277,522
23278,524
23279,520
23280,528
23281,522
23282,524
23283,524
23284,520
23285,522
23286,524
23287,514
23288,524
23289,522
23290,516
23291,522
23292,524
23293,520
23294,526
23295,518
23296,518
23297,520
23298,524
23299,514
23300,524
23301,524
23302,520
23303,520
23304,516
23305,518
23306,522
23307,522
23308,520
23309,520
23310,526
23311,516
23312,522
23313,516
23314,522
23315,522
23316,518
23317,514
23318,524
23319,518
23320,520
23321,518
23322,522
23323,518
23324,522
23325,516
23326,512
23327,520
23328,518
23329,520
23330,520
23331,520
23332,520
23333,560
23334,524
23335,512
23336,522
23337,518
23338,518
23339,518
23340,518
23341,518
23342,518
23343,522
23344,520
23345,520
23346,526
23347,516
23348,518
23349,524
23350,516
23351,518
23352,520
23353,518
23354,522
23355,524
23356,518
23357,516
23358,518
23359,516
23360,524
23361,524
23362,514
23363,520
23364,520
23365,520
23366,518
23367,520
23368,514
23369,522
23370,524
23371,524
23372,520
23373,524
23374,516
23375,522
23376,524
23377,518
23378,524
23379,520
23380,522
23381,522
23382,520
23383,522
23384,522
23385,522
23386,522
23387,526
23388,518
23389,518
23390,564
23391,524
23392,518
23393,520
23394,522
23395,512
23396,522
23397,522
23398,518
23399,520
23400,522
23401,518
23402,522
23403,524
23404,518
23405,526
23406,524
23407,514
23408,518
23409,522
23410,516
23411,524
23412,520
23413,520
23414,524
23415,518
23416,516
23417,522
23418,518
23419,516
23420,522
23421,522
23422,516
23423,518
23424,522
23425,516
23426,524
23427,524
23428,514
23429,516
23430,522
23431,522
23432,522
23433,520
23434,518
23435,522
23436,520
23437,516
23438,520
23439,522
23440,514
23441,520
23442,516
23443,518
23444,518
23445,524
23446,514
23447,520
23448,524
23449,558
23450,520
23451,520
23452,512
23453,520
23454,520
23455,520
23456,522
23457,516
23458,514
23459,518
23460,522
23461,516
23462,516
23463,520
23464,514
23465,522
23466,518
23467,520
23468,520
23469,524
23470,520
23471,522
23472,520
23473,518
23474,518
23475,518
23476,518
23477,522
23478,520
23479,516
23480,524
23481,526
23482,518
23483,526
23484,524
23485,518
23486,524
23487,516
23488,516
23489,520
23490,520
23491,516
23492,526
23493,520
23494,520
23495,522
23496,516
23497,518
23498,524
23499,520
23500,516
23501,518
23502,520
23503,516
23504,518
23505,520
23506,534
23507,522
23508,524
23509,520
23510,526
23511,520
23512,518
23513,518
23514,524
23515,516
23516,522
23517,524
23518,522
23519,524
23520,522
23521,518
23522,518
23523,520
23524,522
23525,520
23526,518
23527,520
23528,524
23529,518
23530,518
23531,522
23532,518
23533,520
23534,520
23535,522
23536,520
23537,516
23538,514
23539,518
23540,520
23541,520
23542,516
23543,524
23544,522
23545,520
23546,524
23547,520
23548,514
23549,524
23550,524
23551,516
23552,524
23553,524
23554,522
23555,520
23556,522
23557,520
23558,524
23559,520
23560,514
23561,524
23562,518
23563,520
23564,524
23565,524
23566,520
23567,516
23568,526
23569,520
23570,520
23571,524
23572,520
23573,520
23574,522
23575,512
23576,520
23577,520
23578,514
23579,520
23580,522
23581,518
23582,516
23583,518
23584,510
23585,516
23586,520
23587,518
23588,522
23589,522
23590,514
23591,522
23592,522
23593,522
23594,524
23595,522
23596,518
23597,524
23598,524
23599,518
23600,524
23601,524
23602,514
23603,516
23604,520
23605,520
23606,524
23607,522
23608,520
23609,522
23610,520
23611,514
23612,518
23613,524
23614,518
23615,526
23616,518
23617,514
23618,518
23619,520
23620,514
23621,522
23622,522
23623,512
23624,526
23625,520
23626,522
23627,524
23628,522
23629,522
23630,528
23631,522
23632,518
23633,522
23634,520
23635,516
23636,524
23637,558
23638,524
23639,524
23640,520
23641,520
23642,518
23643,522
23644,520
23645,524
23646,526
23647,518
23648,522
23649,524
23650,516
23651,524
23652,520
23653,516
23654,518
23655,518
23656,522
23657,520
23658,524
23659,514
23660,522
23661,520
23662,514
23663,524
23664,520
23665,516
23666,524
23667,522
23668,514
23669,520
23670,520
23671,522
23672,518
23673,522
23674,520
23675,522
23676,524
23677,520
23678,522
23679,522
23680,514
23681,516
23682,524
23683,514
23684,520
23685,524
23686,520
23687,520
23688,522
23689,518
23690,522
23691,522
23692,514
23693,566
23694,524
23695,514
23696,516
23697,520
23698,516
23699,518
23700,516
23701,520
23702,518
23703,524
23704,518
23705,520
23706,522
23707,518
23708,522
23709,524
23710,518
23711,522
23712,522
23713,518
23714,518
23715,526
23716,514
23717,520
23718,524
23719,516
23720,522
23721,524
23722,516
23723,516
23724,520
23725,518
23726,520
23727,520
23728,520
23729,520
23730,520
23731,518
23732,518
23733,524
23734,516
23735,526
23736,518
23737,522
23738,522
23739,524
23740,522
23741,522
23742,522
23743,516
23744,524
23745,524
23746,516
23747,526
23748,526
23749,522
23750,518
23751,520
23752,514
23753,564
23754,526
23755,520
23756,522
23757,518
23758,518
23759,522
23760,524
23761,524
23762,522
23763,522
23764,522
23765,520
23766,520
23767,520
23768,524
23769,520
23770,518
23771,524
23772,526
23773,520
23774,522
23775,520
23776,520
23777,518
23778,520
23779,522
23780,520
23781,518
23782,516
23783,518
23784,524
23785,520
23786,524
23787,524
23788,516
23789,524
23790,524
23791,518
23792,522
23793,520
23794,516
23795,518
23796,526
23797,518
23798,524
23799,520
23800,520
23801,524
23802,522
23803,520
23804,522
23805,522
23806,518
23807,516
23808,520
23809,516
23810,516
23811,522
23812,516
23813,518
23814,516
23815,514
23816,518
23817,522
23818,520
23819,522
23820,520
23821,518
23822,520
23823,518
23824,514
23825,524
23826,518
23827,520
23828,522
23829,520
23830,520
23831,524
23832,522
23833,516
23834,524
23835,562
23836,518
23837,516
23838,520
23839,514
23840,522
23841,516
23842,516
23843,520
23844,522
23845,518
23846,520
23847,518
23848,520
23849,520
23850,524
23851,522
23852,518
23853,518
23854,518
23855,524
23856,526
23857,518
23858,516
23859,522
23860,522
23861,516
23862,520
23863,520
23864,522
23865,522
23866,520
23867,516
23868,518
23869,520
23870,522
23871,520
23872,516
23873,518
23874,522
23875,518
23876,526
23877,526
23878,516
23879,524
23880,526
23881,516
23882,522
23883,518
23884,520
23885,520
23886,526
23887,518
23888,524
23889,520
23890,522
23891,520
23892,526
23893,520
23894,520
23895,524
23896,516
23897,566
23898,520
23899,514
23900,518
23901,524
23902,518
23903,524
23904,520
23905,520
23906,522
23907,526
23908,520
23909,520
23910,526
23911,514
23912,522
23913,524
23914,520
23915,524
23916,518
23917,514
23918,518
23919,520
23920,518
23921,518
23922,518
23923,514
23924,524
23925,516
23926,518
23927,522
23928,524
23929,518
23930,524
23931,524
23932,518
23933,526
23934,520
23935,518
23936,522
23937,524
23938,516
23939,518
23940,524
23941,520
23942,518
23943,522
23944,516
23945,514
23946,516
23947,516
23948,524
23949,524
23950,512
23951,522
23952,522
23953,516
23954,524
23955,522
23956,512
23957,522
23958,520
23959,518
23960,560
23961,518
23962,514
23963,518
23964,524
23965,520
23966,524
23967,520
23968,518
23969,522
23970,522
23971,516
23972,518
23973,518
23974,516
23975,518
23976,522
23977,514
23978,516
23979,524
23980,516
23981,524
23982,524
23983,520
23984,518
23985,522
23986,516
23987,522
23988,526
23989,520
23990,522
23991,518
23992,518
23993,520
23994,522
23995,516
23996,526
23997,520
23998,518
23999,526
24000,522
24001,518
24002,524
24003,522
24004,514
24005,522
24006,522
24007,520
24008,522
24009,524
24010,518
24011,520
24012,530
24013,516
24014,522
24015,520
24016,518
24017,524
24018,524
24019,520
24020,520
24021,520
24022,512
24023,520
24024,522
24025,520
24026,528
24027,520
24028,522
24029,522
24030,524
24031,520
24032,524
24033,524
24034,520
24035,516
24036,522
24037,520
24038,526
24039,518
24040,516
24041,518
24042,518
24043,556
24044,518
24045,522
24046,556
24047,520
24048,518
24049,512
24050,518
24051,524
24052,520
24053,514
24054,522
24055,524
24056,516
24057,518
24058,522
24059,516
24060,526
24061,520
24062,512
24063,518
24064,520
24065,514
24066,516
24067,516
24068,520
24069,520
24070,518
24071,512
24072,522
24073,526
24074,522
24075,520
24076,520
24077,516
24078,520
24079,522
24080,516
24081,520
24082,526
24083,520
24084,522
24085,518
24086,512
24087,524
24088,522
24089,520
24090,522
24091,564
24092,522
24093,524
24094,520
24095,514
24096,520
24097,526
24098,512
24099,522
24100,518
24101,516
24102,516
24103,524
24104,514
24105,518
24106,524
24107,514
24108,520
24109,524
24110,520
24111,524
24112,524
24113,520
24114,524
24115,524
24116,516
24117,520
24118,524
24119,514
24120,526
24121,518
24122,522
24123,522
24124,518
24125,516
24126,526
24127,526
24128,518
24129,526
24130,524
24131,516
24132,526
24133,520
24134,522
24135,524
24136,526
24137,514
24138,520
24139,516
24140,520
24141,522
24142,524
24143,520
24144,516
24145,522
24146,516
24147,522
24148,526
24149,524
24150,520
24151,520
24152,518
24153,520
24154,522
24155,520
24156,524
24157,522
24158,518
24159,524
24160,528
24161,516
24162,526
24163,520
24164,520
24165,526
24166,516
24167,520
24168,516
24169,524
24170,520
24171,518
24172,516
24173,514
24174,524
24175,520
24176,512
24177,524
24178,522
24179,516
24180,522
24181,516
24182,512
24183,516
24184,522
24185,514
24186,518
24187,522
24188,516
24189,520
24190,518
24191,514
24192,522
24193,520
24194,518
24195,518
24196,524
24197,520
24198,520
24199,520
24200,512
24201,520
24202,564
24203,518
24204,520
24205,518
24206,520
24207,516
24208,518
24209,512
24210,524
24211,524
24212,518
24213,522
24214,522
24215,514
24216,524
24217,518
24218,518
24219,520
24220,516
24221,516
24222,524
24223,522
24224,522
24225,516
24226,522
24227,516
24228,522
24229,522
24230,512
24231,522
24232,520
24233,516
24234,524
24235,522
24236,520
24237,524
24238,520
24239,520
24240,524
24241,520
24242,516
24243,520
24244,522
24245,516
24246,522
24247,528
24248,522
24249,524
24250,522
24251,520
24252,526
24253,518
24254,520
24255,520
24256,524
24257,518
24258,524
24259,518
24260,518
24261,522
24262,524
24263,556
24264,524
24265,520
24266,522
24267,524
24268,526
24269,514
24270,522
24271,522
24272,514
24273,520
24274,524
24275,516
24276,520
24277,524
24278,520
24279,524
24280,520
24281,520
24282,524
24283,524
24284,520
24285,518
24286,522
24287,516
24288,518
24289,524
24290,520
24291,522
24292,516
24293,518
24294,520
24295,520
24296,516
24297,522
24298,518
24299,520
24300,520
24301,524
24302,516
24303,524
24304,520
24305,518
24306,518
24307,516
24308,516
24309,520
24310,524
24311,518
24312,522
24313,516
24314,520
24315,516
24316,520
24317,518
24318,518
24319,518
24320,520
24321,524
24322,520
24323,514
24324,562
24325,522
24326,520
24327,518
24328,522
24329,518
24330,516
24331,520
24332,516
24333,522
24334,524
24335,518
24336,520
24337,518
24338,518
24339,520
24340,524
24341,520
24342,520
24343,520
24344,516
24345,522
24346,518
24347,518
24348,524
24349,522
24350,518
24351,524
24352,522
24353,514
24354,524
24355,520
24356,518
24357,526
24358,522
24359,520
24360,526
24361,522
24362,516
24363,520
24364,524
24365,516
24366,524
24367,516
24368,522
24369,520
24370,522
24371,520
24372,524
24373,524
24374,514
24375,522
24376,524
24377,520
24378,524
24379,520
24380,518
24381,522
24382,522
24383,514
24384,524
24385,522
24386,516
24387,520
24388,534
24389,522
24390,524
24391,526
24392,520
24393,518
24394,524
24395,522
24396,526
24397,522
24398,516
24399,518
24400,520
24401,520
24402,518
24403,520
24404,518
24405,524
24406,520
24407,520
24408,524
24409,524
24410,518
24411,520
24412,522
24413,516
24414,524
24415,520
24416,520
24417,520
24418,524
24419,518
24420,520
24421,524
24422,518
24423,518
24424,520
24425,520
24426,516
24427,518
24428,518
24429,520
24430,520
24431,520
24432,524
24433,522
24434,514
24435,518
24436,520
24437,522
24438,522
24439,518
24440,518
24441,518
24442,522
24443,516
24444,522
24445,522
24446,516
24447,524
24448,516
24449,516
24450,516
24451,562
24452,516
24453,522
24454,524
24455,520
24456,554
24457,522
24458,528
24459,516
24460,522
24461,524
24462,518
24463,520
24464,526
24465,522
24466,522
24467,520
24468,514
24469,522
24470,522
24471,514
24472,524
24473,522
24474,522
24475,524
24476,518
24477,514
24478,524
24479,520
24480,514
24481,520
24482,522
24483,514
24484,522
24485,522
24486,522
24487,520
24488,522
24489,520
24490,518
24491,524
24492,518
24493,518
24494,522
24495,520
24496,564
24497,518
24498,518
24499,522
24500,528
24501,516
24502,522
24503,526
24504,520
24505,526
24506,520
24507,516
24508,526
24509,520
24510,520
24511,524
24512,518
24513,518
24514,518
24515,524
24516,518
24517,518
24518,526
24519,516
24520,526
24521,526
24522,516
24523,518
24524,524
24525,520
24526,518
24527,520
24528,520
24529,524
24530,522
24531,520
24532,520
24533,524
24534,512
24535,516
24536,524
24537,514
24538,516
24539,522
24540,520
24541,520
24542,526
24543,514
24544,522
24545,526
24546,516
24547,524
24548,524
24549,518
24550,524
24551,522
24552,554
24553,524
24554,522
24555,520
24556,518
24557,524
24558,520
24559,520
24560,522
24561,518
24562,524
24563,522
24564,514
24565,518
24566,524
24567,514
24568,520
24569,516
24570,518
24571,520
24572,524
24573,516
24574,522
24575,520
24576,516
24577,518
24578,522
24579,520
24580,520
24581,518
24582,518
24583,524
24584,524
24585,514
24586,514
24587,522
24588,518
24589,518
24590,516
24591,514
24592,524
24593,522
24594,518
24595,526
24596,526
24597,520
24598,524
24599,518
24600,520
24601,520
24602,520
24603,516
24604,524
24605,524
24606,512
24607,562
24608,518
24609,520
24610,522
24611,522
24612,522
24613,518
24614,522
24615,518
24616,526
24617,522
24618,516
24619,520
24620,526
24621,518
24622,526
24623,518
24624,514
24625,524
24626,524
24627,520
24628,528
24629,524
24630,522
24631,522
24632,518
24633,516
24634,520
24635,524
24636,522
24637,518
24638,526
24639,516
24640,520
24641,520
24642,514
24643,524
24644,526
24645,520
24646,520
24647,524
24648,524
24649,522
24650,518
24651,512
24652,522
24653,522
24654,518
24655,516
24656,522
24657,518
24658,522
24659,524
24660,520
24661,524
24662,524
24663,518
24664,524
24665,520
24666,516
24667,580
24668,522
24669,520
24670,522
24671,520
24672,516
24673,524
24674,520
24675,520
24676,520
24677,522
24678,514
24679,522
24680,522
24681,520
24682,516
24683,522
24684,520
24685,516
24686,516
24687,518
24688,516
24689,518
24690,512
24691,522
24692,516
24693,518
24694,522
24695,522
24696,516
24697,522
24698,522
24699,514
24700,518
24701,524
24702,512
24703,524
24704,524
24705,520
24706,520
24707,520
24708,514
24709,520
24710,518
24711,518
24712,522
24713,518
24714,522
24715,524
24716,522
24717,516
24718,524
24719,522
24720,516
24721,520
24722,520
24723,520
24724,522
24725,524
24726,518
24727,520
24728,522
24729,552
24730,524
24731,522
24732,520
24733,520
24734,526
24735,516
24736,522
24737,522
24738,520
24739,522
24740,524
24741,520
24742,526
24743,520
24744,516
24745,518
24746,524
24747,522
24748,520
24749,522
24750,518
24751,526
24752,524
24753,514
24754,526
24755,516
24756,518
24757,524
24758,518
24759,520
24760,518
24761,524
24762,522
24763,524
24764,522
24765,518
24766,522
24767,520
24768,522
24769,524
24770,520
24771,520
24772,522
24773,516
24774,518
24775,516
24776,522
24777,516
24778,520
24779,520
24780,518
24781,522
24782,524
24783,514
24784,522
24785,524
24786,518
24787,524
24788,520
24789,520
24790,518
24791,522
24792,520
24793,518
24794,518
24795,518
24796,518
24797,522
24798,518
24799,520
24800,520
24801,512
24802,516
24803,522
24804,522
24805,524
24806,524
24807,512
24808,516
24809,524
24810,516
24811,518
24812,520
24813,520
24814,564
24815,520
24816,520
24817,518
24818,514
24819,520
24820,522
24821,516
24822,518
24823,524
24824,522
24825,518
24826,522
24827,518
24828,512
24829,516
24830,516
24831,520
24832,518
24833,524
24834,518
24835,524
24836,524
24837,520
24838,520
24839,518
24840,516
24841,518
24842,522
24843,514
24844,522
24845,516
24846,518
24847,516
24848,520
24849,518
24850,518
24851,518
24852,512
24853,522
24854,524
24855,510
24856,524
24857,518
24858,518
24859,526
24860,524
24861,514
24862,526
24863,524
24864,518
24865,548
24866,552
24867,524
24868,522
24869,522
24870,522
24871,526
24872,522
24873,526
24874,524
24875,518
24876,524
24877,520
24878,516
24879,520
24880,524
24881,516
24882,518
24883,518
24884,520
24885,522
24886,524
24887,512
24888,520
24889,518
24890,516
24891,524
24892,526
24893,514
24894,522
24895,520
24896,518
24897,524
24898,522
24899,522
24900,518
24901,520
24902,516
24903,520
24904,524
24905,518
24906,520
24907,520
24908,518
24909,516
24910,520
24911,512
24912,524
24913,520
24914,514
24915,522
24916,524
24917,516
24918,562
24919,524
24920,520
24921,520
24922,522
24923,520
24924,524
24925,522
24926,520
24927,518
24928,518
24929,518
24930,520
24931,520
24932,516
24933,522
24934,524
24935,516
24936,524
24937,520
24938,516
24939,522
24940,516
24941,516
24942,518
24943,522
24944,520
24945,522
24946,522
24947,516
24948,522
24949,520
24950,516
24951,522
24952,524
24953,518
24954,520
24955,524
24956,514
24957,518
24958,524
24959,520
24960,520
24961,518
24962,518
24963,516
24964,522
24965,516
24966,524
24967,522
24968,518
24969,520
24970,518
24971,518
24972,524
24973,524
24974,518
24975,524
24976,518
24977,514
24978,520
24979,564
24980,522
24981,522
24982,522
24983,522
24984,520
24985,526
24986,520
24987,524
24988,526
24989,518
24990,518
24991,524
24992,522
24993,522
24994,522
24995,516
24996,526
24997,526
24998,518
24999,520
25000,526
25001,520
25002,520
25003,524
25004,516
25005,522
25006,520
25007,516
25008,518
25009,520
25010,520
25011,522
25012,524
25013,520
25014,526
25015,524
25016,516
25017,522
25018,516
25019,522
25020,524
25021,516
25022,516
25023,518
25024,522
25025,522
25026,518
25027,518
25028,516
25029,524
25030,522
25031,520
25032,518
25033,524
25034,516
25035,516
25036,524
25037,514
25038,522
25039,564
25040,512
25041,522
25042,518
25043,516
25044,520
25045,518
25046,518
25047,518
25048,518
25049,520
25050,522
25051,522
25052,518
25053,518
25054,522
25055,516
25056,522
25057,524
25058,518
25059,520
25060,520
25061,514
25062,520
25063,526
25064,512
25065,522
25066,518
25067,514
25068,522
25069,524
25070,514
25071,520
25072,522
25073,516
25074,522
25075,522
25076,520
25077,518
25078,518
25079,518
25080,526
25081,522
25082,516
25083,518
25084,522
25085,518
25086,524
25087,522
25088,518
25089,524
25090,520
25091,520
25092,526
25093,522
25094,520
25095,520
25096,520
25097,520
25098,524
25099,524
25100,522
25101,520
25102,564
25103,522
25104,526
25105,524
25106,520
25107,524
25108,520
25109,516
25110,522
25111,518
25112,520
25113,524
25114,526
25115,516
25116,526
25117,522
25118,520
25119,518
25120,526
25121,514
25122,522
25123,524
25124,514
25125,524
25126,524
25127,522
25128,524
25129,526
25130,516
25131,524
25132,520
25133,522
25134,524
25135,524
25136,520
25137,524
25138,524
25139,520
25140,522
25141,516
25142,518
25143,524
25144,522
25145,516
25146,520
25147,524
25148,514
25149,518
25150,518
25151,518
25152,520
25153,522
25154,518
25155,522
25156,520
25157,520
25158,522
25159,524
25160,516
25161,522
25162,526
25163,520
25164,566
25165,522
25166,514
25167,522
25168,518
25169,522
25170,518
25171,520
25172,514
25173,522
25174,518
25175,520
25176,516
25177,522
25178,514
25179,522
25180,522
25181,518
25182,520
25183,522
25184,514
25185,516
25186,522
25187,518
25188,524
25189,518
25190,520
25191,518
25192,524
25193,512
25194,522
25195,518
25196,518
25197,520
25198,524
25199,516
25200,524
25201,524
25202,518
25203,524
25204,516
25205,520
25206,522
25207,522
25208,514
25209,522
25210,524
25211,520
25212,520
25213,524
25214,516
25215,522
25216,524
25217,518
25218,522
25219,522
25220,520
25221,522
25222,518
25223,520
25224,520
25225,562
25226,520
25227,522
25228,518
25229,518
25230,518
25231,524
25232,522
25233,518
25234,522
25235,514
25236,518
25237,522
25238,516
25239,520
25240,526
25241,516
25242,524
25243,522
25244,516
25245,524
25246,520
25247,514
25248,524
25249,518
25250,518
25251,522
25252,522
25253,520
25254,520
25255,522
25256,516
25257,524
25258,520
25259,520
25260,520
25261,520
25262,516
25263,526
25264,526
25265,516
25266,524
25267,518
25268,518
25269,526
25270,524
25271,512
25272,520
25273,524
25274,516
25275,558
25276,522
25277,520
25278,520
25279,522
25280,522
25281,518
25282,522
25283,522
25284,514
25285,522
25286,522
25287,514
25288,522
25289,514
25290,518
25291,520
25292,518
25293,518
25294,518
25295,520
25296,520
25297,520
25298,522
25299,516
25300,522
25301,522
25302,520
25303,522
25304,522
25305,520
25306,524
25307,518
25308,518
25309,522
25310,518
25311,520
25312,522
25313,522
25314,514
25315,520
25316,522
25317,516
25318,522
25319,522
25320,520
25321,520
25322,522
25323,518
25324,522
25325,566
25326,518
25327,522
25328,522
25329,516
25330,520
25331,524
25332,520
25333,518
25334,524
25335,520
25336,520
25337,518
25338,520
25339,522
25340,516
25341,520
25342,524
25343,514
25344,520
25345,522
25346,518
25347,516
25348,524
25349,518
25350,520
25351,518
25352,518
25353,518
25354,520
25355,526
25356,518
25357,522
25358,524
25359,520
25360,516
25361,520
25362,516
25363,520
25364,520
25365,520
25366,520
25367,522
25368,520
25369,518
25370,522
25371,522
25372,522
25373,524
25374,518
25375,530
25376,522
25377,516
25378,520
25379,522
25380,516
25381,518
25382,520
25383,512
25384,524
25385,524
25386,514
25387,522
25388,522
25389,516
25390,522
25391,522
25392,520
25393,522
25394,526
25395,518
25396,522
25397,524
25398,514
25399,520
25400,520
25401,518
25402,518
25403,524
25404,516
25405,522
25406,516
25407,518
25408,516
25409,518
25410,516
25411,524
25412,526
25413,514
25414,518
25415,522
25416,512
25417,524
25418,522
25419,514
25420,520
25421,522
25422,520
25423,560
25424,520
25425,512
25426,524
25427,524
25428,520
25429,520
25430,520
25431,518
25432,522
25433,522
25434,518
25435,520
25436,518
25437,512
25438,514
25439,516
25440,514
25441,524
25442,518
25443,516
25444,522
25445,524
25446,514
25447,518
25448,524
25449,516
25450,520
25451,522
25452,516
25453,518
25454,526
25455,520
25456,520
25457,524
25458,514
25459,524
25460,524
25461,522
25462,526
25463,522
25464,520
25465,526
25466,518
25467,520
25468,522
25469,522
25470,520
25471,520
25472,526
25473,522
25474,522
25475,518
25476,520
25477,522
25478,524
25479,520
25480,524
25481,518
25482,522
25483,524
25484,522
25485,514
25486,524
25487,518
25488,518
25489,524
25490,560
25491,520
25492,522
25493,524
25494,520
25495,520
25496,520
25497,520
25498,524
25499,520
25500,516
25501,524
25502,520
25503,520
25504,518
25505,526
25506,518
25507,524
25508,520
25509,514
25510,526
25511,524
25512,516
25513,520
25514,518
25515,520
25516,522
25517,522
25518,516
25519,524
25520,520
25521,518
25522,522
25523,524
25524,516
25525,516
25526,522
25527,518
25528,526
25529,520
25530,514
25531,522
25532,516
25533,520
25534,520
25535,522
25536,520
25537,526
25538,522
25539,518
25540,518
25541,520
25542,514
25543,520
25544,520
25545,518
25546,518
25547,524
25548,516
25549,536
25550,520
25551,508
25552,522
25553,522
25554,514
25555,524
25556,520
25557,520
25558,524
25559,520
25560,512
25561,522
25562,524
25563,516
25564,524
25565,522
25566,516
25567,522
25568,520
25569,518
25570,524
25571,520
25572,514
25573,524
25574,522
25575,516
25576,516
25577,520
25578,518
25579,518
25580,516
25581,514
25582,522
25583,522
25584,520
25585,522
25586,518
25587,512
25588,524
25589,522
25590,514
25591,522
25592,524
25593,516
25594,524
25595,520
25596,520
25597,520
25598,522
25599,520
25600,522
25601,524
25602,518
25603,522
25604,522
25605,520
25606,522
25607,518
25608,522
25609,524
25610,524
25611,516
25612,520
25613,520
25614,516
25615,520
25616,518
25617,520
25618,518
25619,524
25620,518
25621,528
25622,520
25623,518
25624,524
25625,520
25626,558
25627,518
25628,520
25629,516
25630,524
25631,520
25632,518
25633,518
25634,524
25635,518
25636,524
25637,522
25638,514
25639,522
25640,518
25641,514
25642,522
25643,522
25644,518
25645,526
25646,524
25647,522
25648,518
25649,516
25650,518
25651,522
25652,522
25653,514
25654,516
25655,524
25656,516
25657,518
25658,522
25659,518
25660,522
25661,522
25662,518
25663,518
25664,520
25665,520
25666,520
25667,520
25668,514
25669,514
25670,526
25671,514
25672,516
25673,522
25674,520
25675,516
25676,520
25677,522
25678,522
25679,520
25680,520
25681,524
25682,522
25683,514
25684,518
25685,560
25686,522
25687,524
25688,512
25689,518
25690,528
25691,518
25692,524
25693,514
25694,518
25695,520
25696,524
25697,520
25698,522
25699,522
25700,522
25701,522
25702,518
25703,514
25704,522
25705,522
25706,520
25707,520
25708,524
25709,518
25710,520
25711,524
25712,520
25713,524
25714,518
25715,520
25716,520
25717,526
25718,514
25719,522
25720,522
25721,516
25722,526
25723,524
25724,520
25725,522
25726,522
25727,516
25728,520
25729,520
25730,516
25731,524
25732,528
25733,514
25734,564
25735,528
25736,522
25737,522
25738,524
25739,520
25740,520
25741,526
25742,514
25743,526
25744,526
25745,520
25746,522
25747,518
25748,516
25749,520
25750,518
25751,522
25752,524
25753,522
25754,520
25755,524
25756,526
25757,520
25758,524
25759,522
25760,518
25761,522
25762,518
25763,522
25764,522
25765,520
25766,514
25767,526
25768,522
25769,514
25770,524
25771,520
25772,520
25773,516
25774,522
25775,514
25776,520
25777,516
25778,518
25779,522
25780,526
25781,516
25782,524
25783,520
25784,518
25785,522
25786,520
25787,520
25788,522
25789,522
25790,520
25791,526
25792,522
25793,514
25794,560
25795,524
25796,516
25797,524
25798,518
25799,520
25800,524
25801,524
25802,520
25803,522
25804,522
25805,518
25806,524
25807,516
25808,522
25809,524
25810,524
25811,516
25812,520
25813,522
25814,518
25815,524
25816,524
25817,516
25818,524
25819,516
25820,522
25821,524
25822,518
25823,520
25824,526
25825,520
25826,514
25827,522
25828,516
25829,518
25830,522
25831,522
25832,518
25833,522
25834,526
25835,514
25836,518
25837,518
25838,520
25839,524
25840,524
25841,520
25842,520
25843,520
25844,520
25845,518
25846,526
25847,540
25848,526
25849,514
25850,522
25851,520
25852,524
25853,528
25854,524
25855,522
25856,542
25857,524
25858,524
25859,518
25860,524
25861,520
25862,518
25863,522
25864,524
25865,518
25866,518
25867,522
25868,522
25869,520
25870,524
25871,518
25872,516
25873,520
25874,516
25875,518
25876,514
25877,518
25878,518
25879,524
25880,518
25881,520
25882,518
25883,518
25884,518
25885,526
25886,520
25887,518
25888,522
25889,518
25890,522
25891,522
25892,518
25893,522
25894,524
25895,514
25896,520
25897,520
25898,518
25899,524
25900,522
25901,512
25902,524
25903,516
25904,518
25905,560
25906,524
25907,522
25908,520
25909,518
25910,520
25911,518
25912,516
25913,518
25914,516
25915,522
25916,518
25917,520
25918,522
25919,514
25920,524
25921,516
25922,520
25923,524
25924,520
25925,512
25926,526
25927,524
25928,518
25929,522
25930,518
25931,518
25932,518
25933,518
25934,520
25935,524
25936,522
25937,516
25938,524
25939,520
25940,516
25941,518
25942,524
25943,514
25944,520
25945,518
25946,518
25947,526
25948,520
25949,520
25950,524
25951,518
25952,520
25953,522
25954,522
25955,522
25956,526
25957,522
25958,520
25959,518
25960,522
25961,520
25962,524
25963,520
25964,520
25965,524
25966,526
25967,558
25968,526
25969,524
25970,522
25971,520
25972,524
25973,516
25974,520
25975,526
25976,520
25977,524
25978,524
25979,520
25980,518
25981,518
25982,516
25983,524
25984,522
25985,518
25986,522
25987,516
25988,520
25989,522
25990,522
25991,520
25992,526
25993,518
25994,524
25995,522
25996,518
25997,520
25998,520
25999,520
26000,518
26001,524
26002,524
26003,516
26004,524
26005,524
26006,516
26007,520
26008,520
26009,520
26010,518
26011,522
26012,520
26013,518
26014,520
26015,516
26016,522
26017,522
26018,518
26019,524
26020,524
26021,518
26022,522
26023,516
26024,512
26025,524
26026,522
26027,516
26028,570
26029,516
26030,520
26031,518
26032,522
26033,520
26034,520
26035,518
26036,516
26037,518
26038,518
26039,520
26040,524
26041,522
26042,518
26043,522
26044,524
26045,520
26046,520
26047,518
26048,520
26049,520
26050,520
26051,518
26052,522
26053,524
26054,518
26055,522
26056,522
26057,516
26058,516
26059,524
26060,520
26061,518
26062,520
26063,518
26064,522
26065,526
26066,520
26067,520
26068,524
26069,514
26070,522
26071,522
26072,516
26073,520
26074,522
26075,518
26076,524
26077,520
26078,520
26079,524
26080,524
26081,518
26082,524
26083,516
26084,516
26085,526
26086,522
26087,518
26088,564
26089,524
26090,520
26091,526
26092,526
26093,518
26094,550
26095,520
26096,522
26097,520
26098,522
26099,524
26100,524
26101,532
26102,516
26103,524
26104,518
26105,518
26106,524
26107,516
26108,518
26109,524
26110,520
26111,516
26112,520
26113,524
26114,518
26115,518
26116,518
26117,520
26118,524
26119,518
26120,520
26121,522
26122,528
26123,520
26124,520
26125,524
26126,512
26127,516
26128,516
26129,520
26130,520
26131,522
26132,518
26133,520
26134,522
26135,518
26136,520
26137,524
26138,558
26139,520
26140,522
26141,514
26142,522
26143,524
26144,516
26145,522
26146,522
26147,512
26148,516
26149,522
26150,516
26151,522
26152,520
26153,516
26154,520
26155,526
26156,518
26157,524
26158,518
26159,518
26160,524
26161,524
26162,520
26163,524
26164,518
26165,520
26166,518
26167,520
26168,518
26169,522
26170,524
26171,514
26172,518
26173,526
26174,520
26175,524
26176,524
26177,518
26178,524
26179,520
26180,518
26181,522
26182,522
26183,520
26184,518
26185,524
26186,518
26187,522
26188,524
26189,518
26190,522
26191,522
26192,522
26193,558
26194,518
26195,520
26196,524
26197,520
26198,516
26199,524
26200,524
26201,522
26202,520
26203,520
26204,516
26205,522
26206,522
26207,520
26208,524
26209,520
26210,514
26211,522
26212,520
26213,518
26214,520
26215,522
26216,516
26217,522
26218,524
26219,516
26220,524
26221,524
26222,522
26223,520
26224,524
26225,518
26226,520
26227,522
26228,518
26229,522
26230,522
26231,518
26232,526
26233,522
26234,520
26235,522
26236,518
26237,522
26238,520
26239,522
26240,518
26241,520
26242,528
26243,518
26244,528
26245,516
26246,518
26247,524
26248,518
26249,518
26250,524
26251,520
26252,516
26253,520
26254,562
26255,520
26256,522
26257,518
26258,514
26259,518
26260,524
26261,514
26262,520
26263,524
26264,514
26265,518
26266,520
26267,514
26268,522
26269,522
26270,516
26271,518
26272,520
26273,518
26274,522
26275,518
26276,518
26277,526
26278,522
26279,516
26280,522
26281,524
26282,520
26283,524
26284,520
26285,520
26286,518
26287,520
26288,518
26289,520
26290,518
26291,518
26292,518
26293,524
26294,516
26295,518
26296,522
26297,522
26298,518
26299,522
26300,522
26301,522
26302,524
26303,516
26304,522
26305,526
26306,520
26307,520
26308,520
26309,520
26310,522
26311,524
26312,558
26313,526
26314,522
26315,518
26316,524
26317,524
26318,514
26319,524
26320,520
26321,522
26322,518
26323,516
26324,520
26325,520
26326,524
26327,522
26328,524
26329,526
26330,520
26331,528
26332,520
26333,520
26334,522
26335,522
26336,524
26337,524
26338,524
26339,520
26340,522
26341,522
26342,516
26343,524
26344,524
26345,520
26346,524
26347,518
26348,516
26349,526
26350,524
26351,512
26352,518
26353,518
26354,518
26355,520
26356,520
26357,520
26358,522
26359,522
26360,520
26361,526
26362,520
26363,516
26364,524
26365,524
26366,516
26367,526
26368,520
26369,516
26370,562
26371,522
26372,516
26373,520
26374,518
26375,520
26376,522
26377,524
26378,516
26379,522
26380,524
26381,518
26382,524
26383,520
26384,518
26385,522
26386,520
26387,520
26388,524
26389,520
26390,518
26391,522
26392,522
26393,516
26394,518
26395,522
26396,518
26397,520
26398,522
26399,518
26400,520
26401,522
26402,514
26403,522
26404,524
26405,518
26406,522
26407,518
26408,516
26409,520
26410,520
26411,520
26412,522
26413,520
26414,514
26415,524
26416,522
26417,514
26418,516
26419,524
26420,516
26421,522
26422,518
26423,520
26424,524
26425,524
26426,518
26427,520
26428,556
26429,518
26430,524
26431,520
26432,518
26433,522
26434,520
26435,516
26436,516
26437,520
26438,520
26439,522
26440,522
26441,520
26442,520
26443,522
26444,518
26445,526
26446,526
26447,514
26448,522
26449,522
26450,520
26451,520
26452,520
26453,514
26454,524
26455,518
26456,518
26457,520
26458,524
26459,520
26460,522
26461,524
26462,516
26463,520
26464,520
26465,518
26466,524
26467,522
26468,518
26469,522
26470,524
26471,516
26472,520
26473,522
26474,520
26475,520
26476,526
26477,514
26478,522
26479,520
26480,514
26481,520
26482,524
26483,518
26484,522
26485,524
26486,554
26487,524
26488,518
26489,518
26490,520
26491,518
26492,514
26493,518
26494,520
26495,516
26496,520
26497,520
26498,510
26499,522
26500,518
26501,518
26502,520
26503,518
26504,560
26505,522
26506,520
26507,522
26508,524
26509,526
26510,512
26511,522
26512,520
26513,516
26514,516
26515,522
26516,514
26517,516
26518,524
26519,518
26520,516
26521,524
26522,516
26523,522
26524,522
26525,514
26526,520
26527,520
26528,516
26529,524
26530,518
26531,514
26532,520
26533,520
26534,554
26535,520
26536,522
26537,518
26538,526
26539,518
26540,518
26541,518
26542,518
26543,514
26544,518
26545,522
26546,518
26547,522
26548,522
26549,518
26550,522
26551,520
26552,518
26553,524
26554,520
26555,520
26556,518
26557,520
26558,516
26559,528
26560,526
26561,520
26562,520
26563,520
26564,514
26565,522
26566,518
26567,516
26568,524
26569,524
26570,516
26571,518
26572,528
26573,518
26574,516
26575,528
26576,518
26577,520
26578,518
26579,516
26580,520
26581,518
26582,520
26583,518
26584,522
26585,522
26586,524
26587,522
26588,514
26589,518
26590,526
26591,520
26592,522
26593,524
26594,516
26595,524
26596,528
26597,514
26598,520
26599,524
26600,520
26601,520
26602,524
26603,520
26604,522
26605,526
26606,518
26607,524
26608,524
26609,520
26610,516
26611,524
26612,516
26613,520
26614,516
26615,516
26616,524
26617,516
26618,512
26619,524
26620,522
26621,514
26622,524
26623,522
26624,518
26625,524
26626,524
26627,512
26628,524
26629,522
26630,518
26631,522
26632,516
26633,514
26634,520
26635,518
26636,556
26637,524
26638,522
26639,516
26640,520
26641,520
26642,514
26643,522
26644,524
26645,514
26646,524
26647,520
26648,516
26649,522
26650,518
26651,518
26652,520
26653,520
26654,522
26655,522
26656,516
26657,518
26658,520
26659,522
26660,514
26661,520
26662,526
26663,520
26664,522
26665,522
26666,516
26667,518
26668,522
26669,520
26670,524
26671,518
26672,518
26673,524
26674,522
26675,514
26676,520
26677,520
26678,522
26679,520
26680,526
26681,516
26682,522
26683,522
26684,516
26685,524
26686,520
26687,514
26688,520
26689,522
26690,514
26691,524
26692,520
26693,516
26694,524
26695,520
26696,514
26697,522
26698,526
26699,520
26700,520
26701,524
26702,516
26703,524
26704,526
26705,516
26706,526
26707,522
26708,522
26709,518
26710,524
26711,520
26712,520
26713,524
26714,514
26715,522
26716,520
26717,520
26718,524
26719,524
26720,518
26721,522
26722,526
26723,522
26724,520
26725,516
26726,518
26727,518
26728,524
26729,520
26730,524
26731,526
26732,518
26733,522
26734,518
26735,522
26736,522
26737,524
26738,520
26739,524
26740,518
26741,518
26742,520
26743,524
26744,514
26745,518
26746,522
26747,514
26748,522
26749,522
26750,520
26751,522
26752,524
26753,514
26754,562
26755,516
26756,518
26757,522
26758,518
26759,514
26760,520
26761,516
26762,520
26763,516
26764,516
26765,516
26766,520
26767,518
26768,512
26769,520
26770,522
26771,518
26772,518
26773,522
26774,514
26775,522
26776,524
26777,518
26778,524
26779,524
26780,516
26781,520
26782,524
26783,520
26784,522
26785,524
26786,518
26787,522
26788,522
26789,514
26790,526
26791,522
26792,514
26793,524
26794,526
26795,514
26796,522
26797,520
26798,516
26799,526
26800,524
26801,516
26802,524
26803,516
26804,514
26805,518
26806,522
26807,514
26808,524
26809,522
26810,516
26811,524
26812,522
26813,520
26814,522
26815,518
26816,520
26817,520
26818,518
26819,516
26820,522
26821,518
26822,518
26823,520
26824,528
26825,516
26826,522
26827,520
26828,520
26829,520
26830,526
26831,524
26832,522
26833,526
26834,514
26835,520
26836,522
26837,520
26838,524
26839,526
26840,520
26841,524
26842,526
26843,524
26844,520
26845,524
26846,516
26847,522
26848,518
26849,514
26850,522
26851,520
26852,520
26853,520
26854,522
26855,516
26856,518
26857,522
26858,518
26859,522
26860,522
26861,514
26862,524
26863,520
26864,514
26865,518
26866,520
26867,520
26868,522
26869,520
26870,518
26871,526
26872,524
26873,518
26874,518
26875,524
26876,518
26877,516
26878,522
26879,514
26880,520
26881,520
26882,520
26883,522
26884,522
26885,512
26886,518
26887,518
26888,512
26889,516
26890,514
26891,514
26892,516
26893,516
26894,514
26895,522
26896,524
26897,516
26898,522
26899,522
26900,512
26901,524
26902,516
26903,516
26904,520
26905,522
26906,518
26907,518
26908,522
26909,514
26910,520
26911,520
26912,516
26913,540
26914,520
26915,516
26916,516
26917,516
26918,520
26919,518
26920,526
26921,512
26922,528
26923,522
26924,524
26925,516
26926,522
26927,520
26928,520
26929,522
26930,518
26931,518
26932,526
26933,522
26934,514
26935,524
26936,522
26937,516
26938,524
26939,524
26940,518
26941,524
26942,520
26943,522
26944,522
26945,520
26946,520
26947,524
26948,518
26949,520
26950,528
26951,520
26952,520
26953,520
26954,520
26955,518
26956,520
26957,524
26958,516
26959,522
26960,522
26961,516
26962,524
26963,522
26964,518
26965,524
26966,520
26967,520
26968,520
26969,518
26970,558
26971,526
26972,518
26973,522
26974,518
26975,520
26976,520
26977,520
26978,520
26979,520
26980,518
26981,518
26982,522
26983,526
26984,528
26985,522
26986,526
26987,522
26988,516
26989,516
26990,520
26991,520
26992,522
26993,520
26994,518
26995,516
26996,524
26997,514
26998,524
26999,518
27000,514
27001,518
27002,524
27003,520
27004,516
27005,524
27006,516
27007,520
27008,520
27009,520
27010,516
27011,520
27012,514
27013,518
27014,518
27015,512
27016,516
27017,522
27018,516
27019,524
27020,520
27021,514
27022,520
27023,524
27024,520
27025,524
27026,520
27027,556
27028,518
27029,526
27030,516
27031,524
27032,522
27033,520
27034,520
27035,524
27036,522
27037,520
27038,522
27039,520
27040,526
27041,520
27042,520
27043,524
27044,524
27045,512
27046,524
27047,524
27048,522
27049,524
27050,520
27051,514
27052,524
27053,526
27054,516
27055,526
27056,522
27057,520
27058,524
27059,524
27060,520
27061,526
27062,528
27063,516
27064,516
27065,520
27066,516
27067,526
27068,526
27069,516
27070,522
27071,516
27072,522
27073,524
27074,522
27075,522
27076,518
27077,522
27078,516
27079,524
27080,522
27081,520
27082,518
27083,520
27084,518
27085,522
27086,524
27087,518
27088,522
27089,518
27090,516
27091,524
27092,528
27093,520
27094,526
27095,524
27096,522
27097,520
27098,518
27099,516
27100,520
27101,560
27102,522
27103,524
27104,520
27105,516
27106,524
27107,520
27108,512
27109,526
27110,524
27111,522
27112,520
27113,516
27114,514
27115,522
27116,520
27117,518
27118,522
27119,524
27120,518
27121,524
27122,522
27123,518
27124,518
27125,524
27126,518
27127,518
27128,520
27129,512
27130,518
27131,522
27132,520
27133,524
27134,516
27135,520
27136,520
27137,524
27138,514
27139,516
27140,524
27141,516
27142,520
27143,514
27144,520
27145,524
27146,518
27147,518
27148,524
27149,518
27150,520
27151,516
27152,524
27153,518
27154,520
27155,522
27156,518
27157,520
27158,564
27159,516
27160,520
27161,520
27162,516
27163,526
27164,522
27165,512
27166,522
27167,524
27168,518
27169,518
27170,518
27171,516
27172,526
27173,522
27174,518
27175,518
27176,518
27177,518
27178,520
27179,522
27180,516
27181,524
27182,524
27183,516
27184,518
27185,524
27186,516
27187,522
27188,522
27189,516
27190,524
27191,518
27192,522
27193,520
27194,524
27195,518
27196,524
27197,524
27198,516
27199,524
27200,522
27201,522
27202,520
27203,518
27204,522
27205,526
27206,522
27207,518
27208,522
27209,526
27210,522
27211,562
27212,522
27213,518
27214,520
27215,524
27216,518
27217,528
27218,524
27219,520
27220,522
27221,520
27222,516
27223,524
27224,518
27225,512
27226,528
27227,526
27228,518
27229,518
27230,522
27231,514
27232,520
27233,518
27234,520
27235,520
27236,522
27237,516
27238,518
27239,518
27240,516
27241,522
27242,522
27243,518
27244,524
27245,522
27246,516
27247,518
27248,522
27249,514
27250,518
27251,518
27252,514
27253,520
27254,516
27255,512
27256,522
27257,524
27258,516
27259,518
27260,522
27261,522
27262,520
27263,522
27264,520
27265,518
27266,522
27267,532
27268,526
27269,520
27270,520
27271,522
27272,520
27273,514
27274,518
27275,518
27276,518
27277,520
27278,520
27279,520
27280,520
27281,518
27282,520
27283,522
27284,526
27285,518
27286,524
27287,522
27288,512
27289,520
27290,526
27291,518
27292,524
27293,522
27294,516
27295,520
27296,520
27297,516
27298,518
27299,524
27300,516
27301,522
27302,518
27303,516
27304,520
27305,526
27306,518
27307,522
27308,520
27309,518
27310,518
27311,524
27312,520
27313,520
27314,520
27315,522
27316,524
27317,524
27318,522
27319,516
27320,524
27321,520
27322,524
27323,556
27324,526
27325,526
27326,520
27327,520
27328,540
27329,516
27330,520
27331,522
27332,516
27333,520
27334,526
27335,514
27336,524
27337,518
27338,518
27339,522
27340,528
27341,520
27342,524
27343,522
27344,522
27345,520
27346,518
27347,518
27348,524
27349,522
27350,520
27351,524
27352,522
27353,520
27354,518
27355,520
27356,516
27357,522
27358,522
27359,520
27360,518
27361,522
27362,516
27363,522
27364,526
27365,512
27366,522
27367,520
27368,560
27369,520
27370,520
27371,518
27372,516
27373,522
27374,514
27375,520
27376,522
27377,516
27378,516
27379,522
27380,514
27381,522
27382,518
27383,518
27384,522
27385,524
27386,512
27387,518
27388,518
27389,514
27390,524
27391,524
27392,518
27393,516
27394,520
27395,512
27396,522
27397,520
27398,514
27399,522
27400,520
27401,520
27402,520
27403,522
27404,514
27405,524
27406,522
27407,514
27408,528
27409,520
27410,520
27411,520
27412,524
27413,514
27414,526
27415,522
27416,520
27417,518
27418,518
27419,518
27420,528
27421,524
27422,520
27423,524
27424,520
27425,522
27426,522
27427,528
27428,522
27429,518
27430,518
27431,522
27432,522
27433,524
27434,522
27435,518
27436,520
27437,556
27438,526
27439,526
27440,516
27441,524
27442,526
27443,520
27444,19146
27445,522
27446,524
27447,530
27448,522
27449,520
27450,522
27451,524
27452,522
27453,518
27454,516
27455,516
27456,528
27457,524
27458,520
27459,522
27460,516
27461,514
27462,524
27463,518
27464,520
27465,522
27466,524
27467,514
27468,524
27469,518
27470,514
27471,516
27472,524
27473,518
27474,524
27475,518
27476,520
27477,522
27478,522
27479,512
27480,520
27481,522
27482,518
27483,518
27484,522
27485,518
27486,520
27487,520
27488,518
27489,518
27490,522
27491,518
27492,524
27493,520
27494,518
27495,522
27496,524
27497,520
27498,524
27499,518
27500,520
27501,520
27502,520
27503,518
27504,522
27505,566
27506,514
27507,526
27508,526
27509,514
27510,520
27511,518
27512,520
27513,520
27514,522
27515,516
27516,522
27517,524
27518,514
27519,520
27520,522
27521,520
27522,526
27523,520
27524,520
27525,524
27526,524
27527,522
27528,522
27529,518
27530,512
27531,524
27532,522
27533,520
27534,524
27535,526
27536,514
27537,526
27538,522
27539,522
27540,526
27541,524
27542,518
27543,526
27544,524
27545,514
27546,518
27547,522
27548,518
27549,522
27550,524
27551,512
27552,522
27553,524
27554,518
27555,522
27556,522
27557,516
27558,518
27559,524
27560,518
27561,522
27562,524
27563,520
27564,560
27565,518
27566,518
27567,520
27568,516
27569,516
27570,522
27571,520
27572,518
27573,526
27574,522
27575,522
27576,526
27577,526
27578,520
27579,520
27580,524
27581,512
27582,522
27583,522
27584,520
27585,518
27586,520
27587,514
27588,520
27589,520
27590,516
27591,518
27592,522
27593,520
27594,522
27595,516
27596,518
27597,524
27598,518
27599,518
27600,524
27601,522
27602,516
27603,522
27604,518
27605,520
27606,522
27607,520
27608,518
27609,522
27610,516
27611,518
27612,518
27613,522
27614,514
27615,520
27616,524
27617,518
27618,522
27619,522
27620,520
27621,518
27622,518
27623,516
27624,516
27625,520
27626,516
27627,520
27628,560
27629,514
27630,524
27631,524
27632,520
27633,526
27634,526
27635,520
27636,518
27637,524
27638,520
27639,524
27640,524
27641,516
27642,520
27643,520
27644,520
27645,524
27646,518
27647,522
27648,522
27649,524
27650,522
27651,520
27652,520
27653,518
27654,526
27655,522
27656,522
27657,520
27658,526
27659,518
27660,524
27661,518
27662,522
27663,526
27664,516
27665,522
27666,524
27667,526
27668,512
27669,524
27670,528
27671,516
27672,522
27673,518
27674,518
27675,528
27676,524
27677,520
27678,524
27679,522
27680,516
27681,520
27682,524
27683,516
27684,524
27685,520
27686,520
27687,518
27688,526
27689,516
27690,522
27691,524
27692,516
27693,520
27694,524
27695,520
27696,520
27697,524
27698,518
27699,522
27700,524
27701,518
27702,518
27703,524
27704,520
27705,522
27706,520
27707,518
27708,520
27709,522
27710,518
27711,520
27712,518
27713,520
27714,520
27715,520
27716,556
27717,522
27718,522
27719,518
27720,518
27721,524
27722,520
27723,516
27724,522
27725,514
27726,524
27727,520
27728,518
27729,520
27730,522
27731,510
27732,538
27733,520
27734,524
27735,526
27736,514
27737,522
27738,524
27739,522
27740,518
27741,520
27742,522
27743,514
27744,520
27745,520
27746,516
27747,522
27748,524
27749,516
27750,526
27751,518
27752,518
27753,524
27754,526
27755,516
27756,526
27757,522
27758,520
27759,520
27760,522
27761,512
27762,518
27763,518
27764,518
27765,522
27766,524
27767,520
27768,522
27769,520
27770,524
27771,524
27772,524
27773,520
27774,518
27775,522
27776,558
27777,524
27778,526
27779,514
27780,524
27781,526
27782,524
27783,522
27784,518
27785,518
27786,524
27787,522
27788,514
27789,518
27790,522
27791,514
27792,522
27793,516
27794,520
27795,524
27796,520
27797,522
27798,518
27799,520
27800,516
27801,526
27802,520
27803,514
27804,520
27805,524
27806,520
27807,522
27808,522
27809,516
27810,516
27811,524
27812,520
27813,522
27814,522
27815,516
27816,518
27817,524
27818,520
27819,522
27820,522
27821,516
27822,518
27823,520
27824,520
27825,520
27826,520
27827,518
27828,522
27829,524
27830,518
27831,518
27832,518
27833,516
27834,518
27835,520
27836,520
27837,522
27838,522
27839,514
27840,524
27841,524
27842,520
27843,522
27844,522
27845,514
27846,520
27847,522
27848,514
27849,520
27850,518
27851,516
27852,522
27853,516
27854,522
27855,522
27856,518
27857,516
27858,522
27859,524
27860,514
27861,526
27862,522
27863,516
27864,514
27865,520
27866,514
27867,518
27868,520
27869,514
27870,524
27871,526
27872,518
27873,522
27874,520
27875,520
27876,524
27877,524
27878,520
27879,518
27880,524
27881,520
27882,520
27883,522
27884,522
27885,520
27886,522
27887,522
27888,518
27889,560
27890,518
27891,522
27892,522
27893,520
27894,522
27895,520
27896,518
27897,518
27898,524
27899,516
27900,522
27901,526
27902,524
27903,518
27904,516
27905,518
27906,524
27907,524
27908,514
27909,524
27910,524
27911,518
27912,522
27913,518
27914,512
27915,520
27916,518
27917,522
27918,524
27919,516
27920,512
27921,524
27922,524
27923,520
27924,522
27925,526
27926,518
27927,524
27928,522
27929,518
27930,524
27931,520
27932,516
27933,518
27934,518
27935,518
27936,526
27937,526
27938,516
27939,520
27940,522
27941,520
27942,520
27943,522
27944,520
27945,520
27946,522
27947,514
27948,518
27949,522
27950,518
27951,520
27952,524
27953,520
27954,522
27955,562
27956,518
27957,514
27958,522
27959,512
27960,520
27961,524
27962,518
27963,520
27964,518
27965,518
27966,516
27967,524
27968,516
27969,524
27970,524
27971,514
27972,520
27973,516
27974,518
27975,522
27976,518
27977,510
27978,518
27979,522
27980,516
27981,524
27982,524
27983,520
27984,516
27985,524
27986,518
27987,518
27988,518
27989,514
27990,524
27991,518
27992,518
27993,526
27994,518
27995,520
27996,518
27997,516
27998,516
27999,524
28000,520
28001,512
28002,518
28003,524
28004,516
28005,518
28006,522
28007,516
28008,524
28009,520
28010,514
28011,524
28012,518
28013,518
28014,518
28015,520
28016,516
28017,524
28018,524
28019,522
28020,526
28021,522
28022,520
28023,524
28024,522
28025,530
28026,524
28027,518
28028,524
28029,520
28030,524
28031,518
28032,522
28033,520
28034,518
28035,518
28036,524
28037,516
28038,522
28039,520
28040,514
28041,524
28042,520
28043,514
28044,520
28045,520
28046,520
28047,520
28048,522
28049,516
28050,522
28051,520
28052,518
28053,522
28054,522
28055,512
28056,516
28057,516
28058,516
28059,522
28060,522
28061,520
28062,522
28063,524
28064,514
28065,524
28066,524
28067,514
28068,516
28069,518
28070,516
28071,520
28072,524
28073,514
28074,524
28075,522
28076,518
28077,520
28078,522
28079,514
28080,516
28081,520
28082,518
28083,520
28084,522
28085,518
28086,518
28087,522
28088,516
28089,520
28090,518
28091,520
28092,522
28093,532
28094,516
28095,524
28096,520
28097,514
28098,520
28099,518
28100,518
28101,522
28102,520
28103,514
28104,522
28105,522
28106,520
28107,514
28108,522
28109,516
28110,516
28111,524
28112,518
28113,520
28114,518
28115,514
28116,516
28117,524
28118,516
28119,522
28120,518
28121,518
28122,520
28123,522
28124,518
28125,524
28126,524
28127,516
28128,520
28129,522
28130,520
28131,520
28132,522
28133,518
28134,520
28135,522
28136,522
28137,520
28138,516
28139,522
28140,524
28141,528
28142,536
28143,526
28144,522
28145,516
28146,522
28147,520
28148,522
28149,524
28150,520
28151,518
28152,522
28153,522
28154,518
28155,520
28156,522
28157,522
28158,522
28159,524
28160,518
28161,520
28162,526
28163,514
28164,516
28165,524
28166,520
28167,522
28168,522
28169,520
28170,520
28171,524
28172,516
28173,520
28174,518
28175,518
28176,520
28177,524
28178,518
28179,522
28180,516
28181,520
28182,520
28183,522
28184,522
28185,522
28186,522
28187,516
28188,524
28189,518
28190,516
28191,522
28192,518
28193,518
28194,518
28195,522
28196,514
28197,522
28198,518
28199,518
28200,516
28201,520
28202,558
28203,520
28204,524
28205,518
28206,520
28207,516
28208,516
28209,518
28210,520
28211,520
28212,524
28213,522
28214,520
28215,516
28216,524
28217,514
28218,518
28219,524
28220,514
28221,522
28222,522
28223,514
28224,522
28225,518
28226,520
28227,524
28228,520
28229,520
28230,520
28231,520
28232,522
28233,524
28234,516
28235,522
28236,526
28237,522
28238,516
28239,522
28240,522
28241,522
28242,518
28243,522
28244,518
28245,522
28246,522
28247,518
28248,520
28249,520
28250,522
28251,520
28252,528
28253,518
28254,524
28255,524
28256,516
28257,518
28258,518
28259,514
28260,518
28261,520
28262,562
28263,520
28264,526
28265,520
28266,518
28267,522
28268,522
28269,518
28270,522
28271,518
28272,522
28273,526
28274,522
28275,520
28276,522
28277,520
28278,520
28279,522
28280,516
28281,522
28282,520
28283,520
28284,524
28285,520
28286,522
28287,522
28288,526
28289,516
28290,520
28291,516
28292,518
28293,524
28294,520
28295,516
28296,520
28297,516
28298,518
28299,522
28300,520
28301,518
28302,520
28303,526
28304,514
28305,522
28306,520
28307,514
28308,520
28309,520
28310,514
28311,526
28312,518
28313,516
28314,522
28315,524
28316,520
28317,522
28318,518
28319,518
28320,518
28321,518
28322,560
28323,524
28324,520
28325,514
28326,520
28327,518
28328,512
28329,524
28330,522
28331,516
28332,518
28333,520
28334,516
28335,520
28336,522
28337,518
28338,522
28339,524
28340,520
28341,526
28342,522
28343,518
28344,518
28345,522
28346,520
28347,524
28348,524
28349,522
28350,520
28351,522
28352,514
28353,524
28354,526
28355,520
28356,524
28357,518
28358,520
28359,526
28360,516
28361,518
28362,520
28363,526
28364,520
28365,526
28366,518
28367,518
28368,520
28369,524
28370,516
28371,522
28372,524
28373,518
28374,516
28375,524
28376,514
28377,522
28378,524
28379,520
28380,528
28381,518
28382,520
28383,522
28384,524
28385,516
28386,520
28387,562
28388,514
28389,520
28390,520
28391,520
28392,524
28393,526
28394,520
28395,526
28396,516
28397,518
28398,516
28399,522
28400,518
28401,520
28402,520
28403,520
28404,518
28405,518
28406,516
28407,518
28408,520
28409,516
28410,524
28411,526
28412,520
28413,520
28414,520
28415,514
28416,524
28417,518
28418,518
28419,520
28420,520
28421,522
28422,518
28423,522
28424,518
28425,524
28426,518
28427,520
28428,524
28429,522
28430,520
28431,518
28432,524
28433,520
28434,522
28435,520
28436,518
28437,518
28438,522
28439,512
28440,518
28441,522
28442,514
28443,520
28444,520
28445,516
28446,560
28447,522
28448,512
28449,522
28450,518
28451,512
28452,520
28453,518
28454,514
28455,520
28456,520
28457,516
28458,520
28459,524
28460,520
28461,522
28462,522
28463,518
28464,522
28465,524
28466,518
28467,524
28468,522
28469,514
28470,524
28471,522
28472,516
28473,524
28474,518
28475,520
28476,520
28477,522
28478,516
28479,518
28480,524
28481,518
28482,522
28483,516
28484,516
28485,518
28486,518
28487,516
28488,520
28489,524
28490,518
28491,518
28492,518
28493,518
28494,522
28495,524
28496,516
28497,524
28498,522
28499,520
28500,522
28501,518
28502,518
28503,520
28504,522
28505,520
28506,526
28507,520
28508,558
28509,524
28510,524
28511,516
28512,520
28513,524
28514,520
28515,520
28516,522
28517,520
28518,524
28519,522
28520,522
28521,526
28522,522
28523,516
28524,520
28525,524
28526,516
28527,524
28528,522
28529,516
28530,524
28531,524
28532,518
28533,520
28534,524
28535,520
28536,524
28537,520
28538,520
28539,524
28540,520
28541,512
28542,524
28543,520
28544,520
28545,524
28546,520
28547,514
28548,520
28549,518
28550,520
28551,522
28552,562
28553,522
28554,524
28555,536
28556,512
28557,524
28558,524
28559,514
28560,522
28561,520
28562,518
28563,520
28564,524
28565,520
28566,524
28567,518
28568,516
28569,520
28570,526
28571,520
28572,524
28573,522
28574,520
28575,522
28576,530
28577,520
28578,526
28579,520
28580,518
28581,520
28582,516
28583,512
28584,522
28585,520
28586,516
28587,522
28588,518
28589,522
28590,520
28591,518
28592,512
28593,526
28594,520
28595,520
28596,558
28597,522
28598,518
28599,518
28600,522
28601,514
28602,518
28603,516
28604,518
28605,518
28606,524
28607,520
28608,524
28609,516
28610,520
28611,518
28612,520
28613,518
28614,522
28615,518
28616,516
28617,522
28618,524
28619,518
28620,524
28621,524
28622,516
28623,524
28624,524
28625,520
28626,524
28627,520
28628,520
28629,520
28630,524
28631,514
28632,518
28633,522
28634,516
28635,516
28636,522
28637,520
28638,524
28639,526
28640,516
28641,524
28642,524
28643,518
28644,522
28645,518
28646,522
28647,522
28648,524
28649,520
28650,520
28651,522
28652,520
28653,526
28654,522
28655,520
28656,522
28657,522
28658,520
28659,518
28660,526
28661,520
28662,520
28663,518
28664,554
28665,522
28666,520
28667,518
28668,520
28669,520
28670,516
28671,520
28672,522
28673,520
28674,518
28675,522
28676,518
28677,518
28678,524
28679,516
28680,524
28681,524
28682,514
28683,522
28684,524
28685,516
28686,524
28687,518
28688,518
28689,524
28690,522
28691,514
28692,520
28693,524
28694,518
28695,520
28696,524
28697,520
28698,520
28699,520
28700,520
28701,522
28702,524
28703,516
28704,522
28705,518
28706,514
28707,520
28708,520
28709,512
28710,520
28711,518
28712,516
28713,518
28714,516
28715,518
28716,516
28717,522
28718,520
28719,524
28720,520
28721,512
28722,520
28723,522
28724,520
28725,520
28726,518
28727,556
28728,522
28729,520
28730,512
28731,522
28732,522
28733,518
28734,522
28735,520
28736,516
28737,516
28738,520
28739,518
28740,520
28741,524
28742,514
28743,526
28744,518
28745,518
28746,524
28747,520
28748,514
28749,520
28750,524
28751,516
28752,522
28753,522
28754,516
28755,524
28756,522
28757,514
28758,520
28759,522
28760,516
28761,518
28762,520
28763,522
28764,522
28765,524
28766,518
28767,522
28768,518
28769,520
28770,524
28771,524
28772,520
28773,528
28774,524
28775,520
28776,518
28777,522
28778,520
28779,526
28780,524
28781,520
28782,524
28783,524
28784,516
28785,524
28786,520
28787,518
28788,520
28789,522
28790,518
28791,518
28792,516
28793,524
28794,522
28795,522
28796,514
28797,522
28798,516
28799,520
28800,518
28801,522
28802,520
28803,520
28804,524
28805,516
28806,522
28807,516
28808,514
28809,524
28810,518
28811,516
28812,524
28813,520
28814,556
28815,520
28816,520
28817,514
28818,524
28819,522
28820,518
28821,516
28822,520
28823,520
28824,520
28825,520
28826,514
28827,522
28828,524
28829,514
28830,518
28831,526
28832,516
28833,522
28834,518
28835,518
28836,524
28837,524
28838,514
28839,522
28840,520
28841,514
28842,522
28843,522
28844,518
28845,518
28846,522
28847,518
28848,516
28849,526
28850,516
28851,522
28852,522
28853,518
28854,520
28855,522
28856,516
28857,526
28858,524
28859,512
28860,524
28861,522
28862,514
28863,524
28864,520
28865,520
28866,522
28867,522
28868,512
28869,526
28870,522
28871,516
28872,524
28873,520
28874,522
28875,532
28876,522
28877,518
28878,518
28879,522
28880,520
28881,520
28882,522
28883,516
28884,524
28885,526
28886,520
28887,522
28888,524
28889,520
28890,526
28891,524
28892,520
28893,524
28894,522
28895,520
28896,524
28897,526
28898,522
28899,522
28900,522
28901,516
28902,522
28903,518
28904,516
28905,522
28906,524
28907,516
28908,526
28909,520
28910,522
28911,522
28912,520
28913,514
28914,522
28915,520
28916,516
28917,522
28918,520
28919,516
28920,518
28921,524
28922,520
28923,520
28924,522
28925,520
28926,522
28927,520
28928,518
28929,524
28930,522
28931,518
28932,524
28933,518
28934,554
28935,516
28936,520
28937,516
28938,522
28939,516
28940,518
28941,518
28942,518
28943,512
28944,522
28945,522
28946,514
28947,522
28948,522
28949,514
28950,522
28951,518
28952,514
28953,518
28954,522
28955,514
28956,518
28957,518
28958,514
28959,514
28960,524
28961,556
28962,520
28963,516
28964,518
28965,522
28966,528
28967,522
28968,524
28969,524
28970,522
28971,522
28972,526
28973,518
28974,518
28975,522
28976,514
28977,524
28978,526
28979,520
28980,520
28981,522
28982,520
28983,520
28984,526
28985,532
28986,522
28987,526
28988,516
28989,518
28990,524
28991,520
28992,520
28993,520
28994,518
28995,526
28996,526
28997,522
28998,522
28999,524
29000,520
29001,518
29002,528
29003,514
29004,522
29005,526
29006,520
29007,522
29008,522
29009,518
29010,516
29011,520
29012,514
29013,520
29014,520
29015,556
29016,522
29017,524
29018,514
29019,522
29020,518
29021,520
29022,518
29023,520
29024,520
29025,518
29026,524
29027,518
29028,522
29029,520
29030,518
29031,522
29032,526
29033,520
29034,518
29035,522
29036,516
29037,524
29038,524
29039,518
29040,522
29041,522
29042,516
29043,518
29044,526
29045,520
29046,522
29047,524
29048,516
29049,522
29050,526
29051,516
29052,520
29053,516
29054,514
29055,522
29056,518
29057,518
29058,526
29059,524
29060,514
29061,522
29062,520
29063,512
29064,524
29065,518
29066,512
29067,514
29068,520
29069,518
29070,520
29071,518
29072,554
29073,524
29074,522
29075,518
29076,520
29077,524
29078,514
29079,522
29080,518
29081,516
29082,520
29083,522
29084,520
29085,518
29086,522
29087,518
29088,522
29089,522
29090,518
29091,522
29092,522
29093,518
29094,522
29095,522
29096,520
29097,520
29098,518
29099,520
29100,518
29101,524
29102,516
29103,522
29104,520
29105,516
29106,522
29107,526
29108,516
29109,520
29110,520
29111,516
29112,524
29113,524
29114,520
29115,520
29116,524
29117,516
29118,522
29119,526
29120,516
29121,520
29122,520
29123,524
29124,520
29125,522
29126,524
29127,526
29128,528
29129,520
29130,522
29131,564
29132,514
29133,522
29134,516
29135,522
29136,524
29137,520
29138,514
29139,524
29140,524
29141,520
29142,520
29143,526
29144,516
29145,520
29146,522
29147,512
29148,520
29149,524
29150,520
29151,518
29152,522
29153,510
29154,524
29155,524
29156,520
29157,520
29158,524
29159,514
29160,518
29161,518
29162,518
29163,524
29164,518
29165,512
29166,524
29167,522
29168,516
29169,520
29170,524
29171,520
29172,518
29173,522
29174,518
29175,518
29176,524
29177,514
29178,522
29179,520
29180,516
29181,518
29182,524
29183,514
29184,522
29185,520
29186,518
29187,560
29188,520
29189,514
29190,520
29191,516
29192,516
29193,522
29194,522
29195,520
29196,518
29197,518
29198,512
29199,524
29200,518
29201,512
29202,522
29203,516
29204,512
29205,520
29206,520
29207,520
29208,518
29209,518
29210,518
29211,518
29212,522
29213,516
29214,524
29215,526
29216,516
29217,520
29218,522
29219,518
29220,520
29221,524
29222,520
29223,518
29224,520
29225,520
29226,524
29227,524
29228,518
29229,526
29230,524
29231,516
29232,522
29233,520
29234,518
29235,522
29236,524
29237,520
29238,520
29239,524
29240,520
29241,518
29242,522
29243,514
29244,518
29245,524
29246,558
29247,524
29248,524
29249,520
29250,520
29251,524
29252,518
29253,520
29254,524
29255,518
29256,526
29257,522
29258,522
29259,522
29260,524
29261,520
29262,524
29263,528
29264,522
29265,524
29266,522
29267,516
29268,522
29269,522
29270,520
29271,526
29272,524
29273,516
29274,526
29275,520
29276,516
29277,524
29278,524
29279,516
29280,524
29281,524
29282,514
29283,518
29284,522
29285,518
29286,522
29287,518
29288,520
29289,520
29290,524
29291,518
29292,518
29293,518
29294,518
29295,518
29296,518
29297,516
29298,522
29299,520
29300,518
29301,524
29302,522
29303,518
29304,520
29305,562
29306,520
29307,518
29308,522
29309,516
29310,518
29311,518
29312,514
29313,522
29314,520
29315,514
29316,520
29317,524
29318,516
29319,520
29320,520
29321,514
29322,524
29323,522
29324,516
29325,522
29326,522
29327,518
29328,516
29329,524
29330,514
29331,514
29332,520
29333,514
29334,520
29335,526
29336,520
29337,522
29338,520
29339,520
29340,518
29341,524
29342,518
29343,520
29344,520
29345,520
29346,522
29347,520
29348,520
29349,524
29350,524
29351,522
29352,524
29353,524
29354,516
29355,516
29356,524
29357,522
29358,520
29359,524
29360,522
29361,522
29362,522
29363,556
29364,524
29365,524
29366,514
29367,522
29368,518
29369,516
29370,524
29371,556
29372,524
29373,520
29374,520
29375,524
29376,524
29377,516
29378,518
29379,520
29380,514
29381,522
29382,518
29383,520
29384,518
29385,524
29386,516
29387,524
29388,522
29389,522
29390,522
29391,524
29392,522
29393,522
29394,522
29395,516
29396,522
29397,524
29398,512
29399,524
29400,522
29401,518
29402,524
29403,522
29404,516
29405,522
29406,522
29407,516
29408,520
29409,516
29410,518
29411,526
29412,524
29413,520
29414,518
29415,520
29416,518
29417,520
29418,520
29419,518
29420,518
29421,520
29422,512
29423,522
29424,520
29425,520
29426,520
29427,522
29428,514
29429,518
29430,520
29431,514
29432,526
29433,560
29434,512
29435,522
29436,524
29437,514
29438,522
29439,522
29440,514
29441,522
29442,518
29443,514
29444,522
29445,516
29446,520
29447,520
29448,518
29449,516
29450,514
29451,518
29452,518
29453,524
29454,518
29455,516
29456,520
29457,522
29458,518
29459,518
29460,518
29461,522
29462,524
29463,524
29464,520
29465,526
29466,524
29467,516
29468,520
29469,522
29470,520
29471,524
29472,520
29473,522
29474,518
29475,524
29476,518
29477,520
29478,526
29479,520
29480,520
29481,522
29482,514
29483,522
29484,526
29485,520
29486,522
29487,526
29488,514
29489,520
29490,524
29491,516
29492,522
29493,526
29494,518
29495,526
29496,520
29497,518
29498,518
29499,522
29500,520
29501,562
29502,522
29503,520
29504,522
29505,526
29506,522
29507,520
29508,520
29509,518
29510,526
29511,524
29512,522
29513,526
29514,518
29515,520
29516,522
29517,522
29518,518
29519,524
29520,522
29521,520
29522,522
29523,520
29524,518
29525,518
29526,518
29527,514
29528,524
29529,520
29530,516
29531,520
29532,520
29533,520
29534,520
29535,520
29536,516
29537,518
29538,524
29539,520
29540,518
29541,522
29542,518
29543,520
29544,518
29545,516
29546,516
29547,518
29548,518
29549,524
29550,520
29551,518
29552,518
29553,518
29554,518
29555,520
29556,520
29557,518
29558,524
29559,522
29560,518
29561,554
29562,518
29563,514
29564,516
29565,522
29566,512
29567,526
29568,520
29569,520
29570,518
29571,520
29572,510
29573,520
29574,518
29575,514
29576,522
29577,520
29578,514
29579,520
29580,524
29581,514
29582,518
29583,520
29584,516
29585,522
29586,520
29587,520
29588,522
29589,520
29590,514
29591,524
29592,528
29593,522
29594,520
29595,524
29596,520
29597,522
29598,524
29599,516
29600,520
29601,518
29602,518
29603,518
29604,524
29605,518
29606,524
29607,524
29608,516
29609,520
29610,522
29611,520
29612,518
29613,526
29614,520
29615,520
29616,522
29617,520
29618,524
29619,516
29620,522
29621,520
29622,526
29623,516
29624,522
29625,516
29626,518
29627,564
29628,518
29629,514
29630,522
29631,522
29632,522
29633,520
29634,522
29635,518
29636,520
29637,522
29638,518
29639,524
29640,520
29641,520
29642,524
29643,520
29644,518
29645,524
29646,524
29647,518
29648,520
29649,522
29650,520
29651,524
29652,518
29653,518
29654,524
29655,526
29656,522
29657,528
29658,522
29659,514
29660,518
29661,524
29662,520
29663,522
29664,520
29665,516
29666,524
29667,520
29668,520
29669,520
29670,520
29671,516
29672,524
29673,522
29674,520
29675,520
29676,518
29677,520
29678,522
29679,522
29680,514
29681,518
29682,516
29683,516
29684,516
29685,522
29686,520
29687,522
29688,536
29689,516
29690,520
29691,518
29692,516
29693,518
29694,520
29695,514
29696,522
29697,522
29698,512
29699,522
29700,520
29701,514
29702,520
29703,520
29704,516
29705,518
29706,522
29707,518
29708,520
29709,524
29710,520
29711,522
29712,524
29713,516
29714,520
29715,518
29716,516
29717,526
29718,524
29719,514
29720,524
29721,524
29722,514
29723,524
29724,528
29725,514
29726,524
29727,520
29728,514
29729,520
29730,526
29731,520
29732,522
29733,524
29734,518
29735,520
29736,520
29737,520
29738,524
29739,520
29740,524
29741,520
29742,518
29743,516
29744,524
29745,522
29746,520
29747,520
29748,542
29749,520
29750,522
29751,520
29752,518
29753,520
29754,520
29755,516
29756,518
29757,526
29758,518
29759,526
29760,526
29761,522
29762,522
29763,524
29764,514
29765,526
29766,522
29767,520
29768,524
29769,518
29770,516
29771,520
29772,526
29773,516
29774,522
29775,524
29776,520
29777,516
29778,518
29779,520
29780,548
29781,518
29782,520
29783,520
29784,530
29785,520
29786,518
29787,518
29788,520
29789,516
29790,522
29791,518
29792,524
29793,514
29794,518
29795,560
29796,516
29797,520
29798,518
29799,518
29800,522
29801,516
29802,520
29803,524
29804,522
29805,518
29806,524
29807,516
29808,514
29809,520
29810,522
29811,514
29812,520
29813,522
29814,518
29815,524
29816,518
29817,512
29818,518
29819,520
29820,516
29821,522
29822,524
29823,522
29824,518
29825,522
29826,518
29827,522
29828,522
29829,520
29830,518
29831,518
29832,512
29833,520
29834,524
29835,516
29836,518
29837,520
29838,512
29839,522
29840,522
29841,520
29842,524
29843,520
29844,518
29845,520
29846,524
29847,514
29848,524
29849,524
29850,518
29851,520
29852,522
29853,516
29854,524
29855,562
29856,518
29857,520
29858,526
29859,516
29860,524
29861,526
29862,518
29863,524
29864,518
29865,520
29866,520
29867,524
29868,520
29869,524
29870,524
29871,518
29872,518
29873,524
29874,522
29875,526
29876,526
29877,520
29878,526
29879,520
29880,518
29881,520
29882,520
29883,520
29884,524
29885,516
29886,516
29887,520
29888,526
29889,518
29890,520
29891,518
29892,520
29893,524
29894,520
29895,520
29896,522
29897,524
29898,516
29899,520
29900,520
29901,36522
29902,524
29903,522
29904,526
29905,514
29906,516
29907,518
29908,520
29909,520
29910,520
29911,516
29912,512
29913,516
29914,524
29915,518
29916,520
29917,524
29918,520
29919,522
29920,526
29921,530
29922,524
29923,522
29924,518
29925,520
29926,520
29927,518
29928,524
29929,520
29930,514
29931,520
29932,524
29933,520
29934,522
29935,524
29936,522
29937,522
29938,526
29939,522
29940,524
29941,520
29942,514
29943,526
29944,518
29945,520
29946,524
29947,520
29948,516
29949,516
29950,520
29951,518
29952,524
29953,524
29954,516
29955,526
29956,518
29957,520
29958,514
29959,518
29960,516
29961,526
29962,524
29963,518
29964,524
29965,520
29966,522
29967,518
29968,520
29969,518
29970,522
29971,520
29972,522
29973,516
29974,522
29975,516
29976,522
29977,524
29978,514
29979,524
29980,524
29981,520
29982,520
29983,522
29984,518
29985,520
29986,522
29987,520
29988,522
29989,524
29990,518
29991,522
29992,520
29993,510
29994,520
29995,518
29996,514
29997,522
29998,524
29999,558
30000,522
30001,522
30002,512
30003,524
30004,520
30005,516
30006,520
30007,524
30008,516
30009,524
30010,524
30011,518
30012,520
30013,522
30014,518
30015,518
30016,520
30017,516
30018,520
30019,526
30020,518
30021,520
30022,524
30023,520
30024,522
30025,524
30026,522
30027,522
30028,520
30029,520
30030,524
30031,524
30032,516
30033,520
30034,524
30035,524
30036,520
30037,522
30038,516
30039,522
30040,520
30041,514
30042,520
30043,520
30044,520
30045,520
30046,520
30047,522
30048,522
30049,524
30050,514
30051,524
30052,522
30053,514
30054,524
30055,522
30056,514
30057,524
30058,522
30059,520
30060,526
30061,520
30062,522
30063,522
30064,562
30065,518
30066,526
30067,522
30068,522
30069,518
30070,524
30071,518
30072,526
30073,524
30074,518
30075,522
30076,524
30077,520
30078,524
30079,518
30080,516
30081,524
30082,520
30083,514
30084,520
30085,524
30086,520
30087,522
30088,516
30089,516
30090,524
30091,516
30092,514
30093,518
30094,520
30095,516
30096,524
30097,522
30098,514
30099,524
30100,518
30101,514
30102,522
30103,524
30104,520
30105,522
30106,522
30107,516
30108,522
30109,522
30110,512
30111,520
30112,524
30113,518
30114,520
30115,522
30116,520
30117,520
30118,516
30119,512
30120,518
30121,518
30122,516
30123,522
30124,520
30125,520
30126,514
30127,520
30128,518
30129,522
30130,524
30131,516
30132,518
30133,524
30134,520
30135,520
30136,522
30137,510
30138,524
30139,516
30140,518
30141,524
30142,524
30143,514
30144,562
30145,520
30146,520
30147,524
30148,524
30149,514
30150,520
30151,520
30152,516
30153,520
30154,524
30155,516
30156,524
30157,520
30158,522
30159,522
30160,524
30161,520
30162,520
30163,524
30164,520
30165,524
30166,520
30167,520
30168,518
30169,518
30170,514
30171,522
30172,524
30173,520
30174,524
30175,522
30176,518
30177,522
30178,524
30179,514
30180,520
30181,522
30182,520
30183,526
30184,524
30185,522
30186,526
30187,518
30188,522
30189,524
30190,550
30191,534
30192,526
30193,512
30194,522
30195,518
30196,524
30197,524
30198,518
30199,518
30200,526
30201,524
30202,520
30203,522
30204,518
30205,524
30206,520
30207,516
30208,522
30209,524
30210,516
30211,518
30212,518
30213,514
30214,522
30215,516
30216,518
30217,524
30218,516
30219,518
30220,520
30221,516
30222,516
30223,518
30224,518
30225,518
30226,522
30227,522
30228,520
30229,518
30230,516
30231,512
30232,520
30233,520
30234,520
30235,518
30236,522
30237,516
30238,518
30239,518
30240,560
30241,516
30242,524
30243,514
30244,516
30245,524
30246,518
30247,524
30248,516
30249,518
30250,522
30251,518
30252,514
30253,524
30254,524
30255,518
30256,522
30257,526
30258,514
30259,518
30260,520
30261,520
30262,522
30263,524
30264,520
30265,520
30266,524
30267,514
30268,524
30269,520
30270,522
30271,520
30272,520
30273,518
30274,522
30275,516
30276,520
30277,520
30278,524
30279,520
30280,522
30281,520
30282,520
30283,524
30284,524
30285,518
30286,526
30287,522
30288,524
30289,524
30290,522
30291,516
30292,526
30293,522
30294,516
30295,526
30296,522
30297,518
30298,518
30299,520
30300,556
30301,526
30302,522
30303,518
30304,522
30305,526
30306,518
30307,522
30308,526
30309,516
30310,526
30311,522
30312,522
30313,520
30314,526
30315,516
30316,520
30317,524
30318,518
30319,526
30320,520
30321,516
30322,522
30323,520
30324,522
30325,518
30326,520
30327,520
30328,520
30329,520
30330,518
30331,520
30332,522
30333,518
30334,522
30335,522
30336,514
30337,518
30338,520
30339,518
30340,522
30341,520
30342,522
30343,520
30344,524
30345,512
30346,518
30347,520
30348,516
30349,524
30350,518
30351,514
30352,522
30353,522
30354,514
30355,522
30356,518
30357,518
30358,522
30359,520
30360,560
30361,520
30362,524
30363,516
30364,522
30365,524
30366,514
30367,516
30368,516
30369,514
30370,518
30371,518
30372,514
30373,518
30374,520
30375,518
30376,522
30377,522
30378,518
30379,518
30380,518
30381,514
30382,524
30383,518
30384,516
30385,520
30386,526
30387,516
30388,524
30389,518
30390,522
30391,518
30392,522
30393,512
30394,516
30395,520
30396,520
30397,518
30398,518
30399,520
30400,516
30401,526
30402,524
30403,524
30404,524
30405,520
30406,522
30407,518
30408,514
30409,520
30410,522
30411,518
30412,522
30413,520
30414,522
30415,520
30416,520
30417,518
30418,524
30419,522
30420,516
30421,562
30422,524
30423,520
30424,522
30425,520
30426,522
30427,526
30428,522
30429,516
30430,524
30431,520
30432,516
30433,522
30434,518
30435,516
30436,520
30437,520
30438,516
30439,524
30440,522
30441,514
30442,526
30443,520
30444,522
30445,520
30446,524
30447,520
30448,520
30449,516
30450,524
30451,524
30452,520
30453,518
30454,524
30455,520
30456,520
30457,524
30458,518
30459,518
30460,522
30461,524
30462,512
30463,516
30464,520
30465,514
30466,516
30467,522
30468,518
30469,518
30470,520
30471,520
30472,518
30473,524
30474,514
30475,522
30476,520
30477,520
30478,514
30479,518
30480,514
30481,526
30482,524
30483,514
30484,524
30485,520
30486,516
30487,520
30488,520
30489,520
30490,520
30491,516
30492,514
30493,524
30494,522
30495,514
30496,522
30497,524
30498,518
30499,518
30500,520
30501,520
30502,516
30503,516
30504,512
30505,518
30506,524
30507,516
30508,522
30509,520
30510,518
30511,522
30512,524
30513,520
30514,524
30515,516
30516,558
30517,524
30518,520
30519,520
30520,522
30521,520
30522,512
30523,516
30524,524
30525,516
30526,524
30527,520
30528,514
30529,518
30530,518
30531,518
30532,518
30533,522
30534,516
30535,524
30536,530
30537,518
30538,522
30539,524
30540,520
30541,524
30542,526
30543,518
30544,524
30545,524
30546,514
30547,520
30548,520
30549,520
30550,524
30551,526
30552,516
30553,516
30554,520
30555,522
30556,520
30557,518
30558,516
30559,526
30560,524
30561,524
30562,526
30563,518
30564,522
30565,518
30566,524
30567,516
30568,520
30569,520
30570,520
30571,516
30572,520
30573,516
30574,522
30575,528
30576,554
30577,526
30578,520
30579,514
30580,518
30581,524
30582,514
30583,520
30584,524
30585,522
30586,526
30587,522
30588,520
30589,522
30590,524
30591,520
30592,520
30593,518
30594,520
30595,524
30596,518
30597,516
30598,526
30599,562
30600,518
30601,526
30602,518
30603,516
30604,514
30605,516
30606,520
30607,520
30608,512
30609,518
30610,518
30611,522
30612,518
30613,522
30614,518
30615,516
30616,518
30617,516
30618,512
30619,516
30620,522
30621,516
30622,524
30623,522
30624,520
30625,524
30626,516
30627,516
30628,520
30629,518
30630,520
30631,522
30632,518
30633,514
30634,524
30635,520
30636,514
30637,524
30638,518
30639,512
30640,520
30641,518
30642,516
30643,522
30644,520
30645,514
30646,516
30647,520
30648,518
30649,520
30650,520
30651,518
30652,522
30653,524
30654,558
30655,522
30656,518
30657,520
30658,524
30659,526
30660,522
30661,518
30662,522
30663,516
30664,520
30665,520
30666,516
30667,518
30668,524
30669,522
30670,524
30671,526
30672,520
30673,518
30674,522
30675,518
30676,524
30677,524
30678,518
30679,520
30680,520
30681,522
30682,520
30683,520
30684,520
30685,520
30686,526
30687,522
30688,526
30689,518
30690,520
30691,520
30692,520
30693,520
30694,520
30695,522
30696,520
30697,520
30698,522
30699,516
30700,520
30701,520
30702,516
30703,522
30704,520
30705,520
30706,522
30707,520
30708,520
30709,524
30710,518
30711,516
30712,524
30713,558
30714,518
30715,526
30716,522
30717,516
30718,520
30719,520
30720,516
30721,520
30722,516
30723,516
30724,520
30725,522
30726,520
30727,524
30728,520
30729,516
30730,524
30731,522
30732,520
30733,520
30734,520
30735,512
30736,516
30737,520
30738,514
30739,516
30740,520
30741,520
30742,518
30743,524
30744,518
30745,516
30746,524
30747,516
30748,522
30749,518
30750,516
30751,520
30752,522
30753,514
30754,524
30755,526
30756,516
30757,520
30758,520
30759,518
30760,524
30761,522
30762,516
30763,522
30764,522
30765,520
30766,524
30767,526
30768,518
30769,524
30770,520
30771,540
30772,520
30773,520
30774,522
30775,522
30776,524
30777,514
30778,518
30779,524
30780,516
30781,518
30782,518
30783,516
30784,518
30785,516
30786,518
30787,522
30788,524
30789,514
30790,522
30791,524
30792,522
30793,520
30794,524
30795,516
30796,520
30797,524
30798,514
30799,520
30800,524
30801,514
30802,522
30803,520
30804,522
30805,524
30806,522
30807,522
30808,524
30809,530
30810,512
30811,522
30812,524
30813,520
30814,520
30815,522
30816,520
30817,522
30818,518
30819,518
30820,518
30821,524
30822,514
30823,520
30824,520
30825,512
30826,522
30827,524
30828,520
30829,524
30830,558
30831,518
30832,520
30833,524
30834,520
30835,522
30836,522
30837,520
30838,522
30839,524
30840,516
30841,524
30842,522
30843,516
30844,526
30845,516
30846,514
30847,526
30848,522
30849,518
30850,522
30851,522
30852,520
30853,522
30854,516
30855,518
30856,516
30857,520
30858,518
30859,518
30860,522
30861,520
30862,516
30863,520
30864,516
30865,518
30866,516
30867,516
30868,518
30869,522
30870,514
30871,522
30872,522
30873,514
30874,524
30875,522
30876,518
30877,520
30878,520
30879,520
30880,522
30881,524
30882,516
30883,522
30884,516
30885,518
30886,520
30887,520
30888,518
30889,534
30890,524
30891,512
30892,524
30893,516
30894,512
30895,524
30896,526
30897,516
30898,524
30899,522
30900,520
30901,520
30902,520
30903,520
30904,526
30905,524
30906,520
30907,524
30908,524
30909,518
30910,518
30911,524
30912,522
30913,524
30914,524
30915,522
30916,526
30917,520
30918,514
30919,522
30920,522
30921,518
30922,528
30923,524
30924,516
30925,526
30926,520
30927,518
30928,524
30929,524
30930,516
30931,524
30932,524
30933,516
30934,522
30935,522
30936,514
30937,518
30938,526
30939,514
30940,524
30941,522
30942,522
30943,520
30944,526
30945,512
30946,524
30947,518
30948,554
30949,520
30950,524
30951,518
30952,524
30953,522
30954,518
30955,520
30956,522
30957,518
30958,522
30959,518
30960,518
30961,520
30962,520
30963,518
30964,516
30965,520
30966,516
30967,524
30968,518
30969,518
30970,518
30971,520
30972,514
30973,524
30974,518
30975,510
30976,520
30977,518
30978,514
30979,526
30980,522
30981,518
30982,520
30983,518
30984,516
30985,524
30986,522
30987,520
30988,518
30989,514
30990,518
30991,522
30992,518
30993,518
30994,520
30995,518
30996,518
30997,522
30998,524
30999,516
31000,514
31001,520
31002,518
31003,522
31004,518
31005,512
31006,562
31007,524
31008,518
31009,568
31010,522
31011,520
31012,518
31013,534
31014,516
31015,520
31016,524
31017,530
31018,518
31019,522
31020,518
31021,516
31022,528
31023,522
31024,516
31025,522
31026,526
31027,518
31028,516
31029,518
31030,512
31031,520
31032,518
31033,514
31034,524
31035,524
31036,518
31037,520
31038,520
31039,514
31040,522
31041,526
31042,516
31043,516
31044,520
31045,518
31046,524
31047,520
31048,520
31049,528
31050,520
31051,514
31052,524
31053,524
31054,512
31055,520
31056,564
31057,516
31058,518
31059,524
31060,516
31061,518
31062,526
31063,514
31064,526
31065,518
31066,520
31067,518
31068,522
31069,520
31070,520
31071,524
31072,516
31073,524
31074,524
31075,514
31076,524
31077,522
31078,516
31079,520
31080,518
31081,518
31082,516
31083,518
31084,518
31085,518
31086,522
31087,518
31088,522
31089,522
31090,522
31091,524
31092,520
31093,514
31094,520
31095,522
31096,514
31097,522
31098,516
31099,516
31100,522
31101,520
31102,516
31103,516
31104,518
31105,518
31106,522
31107,520
31108,516
31109,518
31110,522
31111,518
31112,522
31113,522
31114,520
31115,524
31116,560
31117,518
31118,520
31119,520
31120,520
31121,522
31122,518
31123,516
31124,518
31125,518
31126,516
31127,520
31128,520
31129,516
31130,520
31131,522
31132,514
31133,522
31134,522
31135,516
31136,522
31137,518
31138,514
31139,522
31140,522
31141,518
31142,524
31143,520
31144,518
31145,522
31146,522
31147,514
31148,518
31149,526
31150,520
31151,526
31152,518
31153,520
31154,520
31155,526
31156,516
31157,522
31158,524
31159,516
31160,524
31161,526
31162,520
31163,522
31164,522
31165,520
31166,526
31167,524
31168,520
31169,516
31170,524
31171,518
31172,522
31173,564
31174,522
31175,526
31176,522
31177,516
31178,526
31179,526
31180,522
31181,520
31182,520
31183,520
31184,520
31185,520
31186,520
31187,518
31188,524
31189,514
31190,520
31191,522
31192,516
31193,524
31194,522
31195,516
31196,526
31197,518
31198,520
31199,520
31200,522
31201,518
31202,524
31203,524
31204,520
31205,520
31206,520
31207,516
31208,518
31209,520
31210,514
31211,518
31212,516
31213,514
31214,524
31215,524
31216,522
31217,522
31218,522
31219,516
31220,522
31221,518
31222,514
31223,520
31224,522
31225,520
31226,522
31227,522
31228,512
31229,568
31230,518
31231,516
31232,518
31233,518
31234,518
31235,520
31236,520
31237,514
31238,518
31239,520
31240,516
31241,520
31242,520
31243,518
31244,522
31245,520
31246,518
31247,516
31248,518
31249,520
31250,514
31251,522
31252,514
31253,522
31254,518
31255,516
31256,520
31257,522
31258,516
31259,524
31260,524
31261,518
31262,518
31263,524
31264,520
31265,526
31266,524
31267,522
31268,520
31269,518
31270,516
31271,522
31272,520
31273,518
31274,524
31275,520
31276,516
31277,520
31278,522
31279,516
31280,524
31281,524
31282,522
31283,522
31284,520
31285,520
31286,526
31287,526
31288,558
31289,522
31290,522
31291,522
31292,520
31293,522
31294,520
31295,522
31296,522
31297,518
31298,522
31299,522
31300,520
31301,524
31302,522
31303,518
31304,526
31305,526
31306,518
31307,518
31308,520
31309,520
31310,520
31311,526
31312,522
31313,518
31314,524
31315,520
31316,520
31317,526
31318,520
31319,524
31320,524
31321,514
31322,528
31323,524
31324,520
31325,524
31326,520
31327,516
31328,526
31329,522
31330,516
31331,524
31332,518
31333,522
31334,524
31335,518
31336,516
31337,524
31338,522
31339,520
31340,518
31341,522
31342,518
31343,522
31344,562
31345,520
31346,520
31347,522
31348,522
31349,518
31350,522
31351,516
31352,516
31353,520
31354,514
31355,520
31356,520
31357,514
31358,522
31359,520
31360,516
31361,518
31362,522
31363,514
31364,522
31365,520
31366,514
31367,524
31368,524
31369,520
31370,522
31371,518
31372,520
31373,526
31374,518
31375,512
31376,518
31377,518
31378,512
31379,518
31380,526
31381,518
31382,522
31383,524
31384,516
31385,522
31386,516
31387,518
31388,522
31389,520
31390,518
31391,522
31392,522
31393,520
31394,524
31395,522
31396,518
31397,516
31398,524
31399,516
31400,524
31401,524
31402,520
31403,562
31404,518
31405,520
31406,522
31407,520
31408,520
31409,526
31410,520
31411,518
31412,518
31413,520
31414,516
31415,522
31416,518
31417,520
31418,524
31419,566
31420,522
31421,524
31422,516
31423,520
31424,524
31425,522
31426,520
31427,518
31428,522
31429,524
31430,520
31431,520
31432,518
31433,520
31434,518
31435,518
31436,518
31437,526
31438,516
31439,544
31440,520
31441,520
31442,518
31443,520
31444,512
31445,520
31446,520
31447,514
31448,520
31449,524
31450,518
31451,522
31452,518
31453,518
31454,520
31455,516
31456,518
31457,520
31458,520
31459,514
31460,518
31461,518
31462,518
31463,518
31464,522
31465,512
31466,524
31467,518
31468,514
31469,520
31470,522
31471,518
31472,524
31473,522
31474,512
31475,562
31476,518
31477,518
31478,522
31479,520
31480,520
31481,520
31482,524
31483,518
31484,518
31485,524
31486,516
31487,516
31488,520
31489,516
31490,522
31491,522
31492,518
31493,516
31494,524
31495,516
31496,518
31497,522
31498,516
31499,520
31500,524
31501,518
31502,518
31503,524
31504,518
31505,522
31506,524
31507,518
31508,520
31509,524
31510,522
31511,524
31512,522
31513,520
31514,522
31515,524
31516,520
31517,524
31518,520
31519,514
31520,526
31521,524
31522,514
31523,524
31524,524
31525,518
31526,522
31527,520
31528,514
31529,524
31530,524
31531,522
31532,522
31533,524
31534,516
31535,518
31536,522
31537,518
31538,558
31539,524
31540,520
31541,520
31542,524
31543,518
31544,524
31545,526
31546,522
31547,522
31548,520
31549,514
31550,522
31551,524
31552,516
31553,522
31554,516
31555,520
31556,526
31557,520
31558,518
31559,520
31560,522
31561,522
31562,524
31563,522
31564,518
31565,516
31566,524
31567,514
31568,522
31569,522
31570,520
31571,522
31572,522
31573,518
31574,522
31575,524
31576,520
31577,518
31578,524
31579,516
31580,522
31581,518
31582,518
31583,522
31584,524
31585,520
31586,518
31587,518
31588,516
31589,520
31590,522
31591,516
31592,522
31593,520
31594,516
31595,518
31596,516
31597,518
31598,534
31599,520
31600,518
31601,516
31602,520
31603,514
31604,524
31605,524
31606,516
31607,522
31608,518
31609,512
31610,518
31611,524
31612,512
31613,518
31614,522
31615,518
31616,518
31617,518
31618,518
31619,522
31620,524
31621,516
31622,522
31623,522
31624,520
31625,520
31626,524
31627,516
31628,516
31629,518
31630,518
31631,520
31632,520
31633,516
31634,522
31635,528
31636,518
31637,520
31638,524
31639,518
31640,524
31641,516
31642,512
31643,524
31644,524
31645,518
31646,524
31647,520
31648,522
31649,524
31650,522
31651,524
31652,520
31653,524
31654,520
31655,520
31656,526
31657,520
31658,522
31659,518
31660,520
31661,538
31662,522
31663,516
31664,524
31665,520
31666,518
31667,524
31668,526
31669,518
31670,518
31671,520
31672,516
31673,520
31674,516
31675,524
31676,516
31677,522
31678,518
31679,524
31680,524
31681,516
31682,520
31683,522
31684,516
31685,522
31686,524
31687,520
31688,524
31689,522
31690,516
31691,522
31692,520
31693,520
31694,526
31695,522
31696,520
31697,524
31698,520
31699,516
31700,518
31701,524
31702,512
31703,516
31704,518
31705,520
31706,526
31707,518
31708,518
31709,524
31710,522
31711,516
31712,524
31713,524
31714,518
31715,520
31716,522
31717,516
31718,516
31719,522
31720,554
31721,526
31722,522
31723,518
31724,516
31725,514
31726,514
31727,520
31728,516
31729,512
31730,516
31731,518
31732,514
31733,516
31734,528
31735,514
31736,522
31737,520
31738,520
31739,524
31740,526
31741,516
31742,518
31743,526
31744,514
31745,524
31746,520
31747,512
31748,524
31749,524
31750,512
31751,522
31752,522
31753,518
31754,522
31755,526
31756,524
31757,524
31758,518
31759,518
31760,522
31761,518
31762,518
31763,518
31764,524
31765,520
31766,516
31767,522
31768,514
31769,524
31770,522
31771,522
31772,520
31773,518
31774,520
31775,522
31776,526
31777,520
31778,560
31779,520
31780,516
31781,526
31782,526
31783,518
31784,522
31785,524
31786,524
31787,518
31788,520
31789,520
31790,526
31791,524
31792,518
31793,522
31794,520
31795,518
31796,524
31797,528
31798,520
31799,524
31800,524
31801,516
31802,520
31803,518
31804,518
31805,524
31806,522
31807,520
31808,522
31809,518
31810,516
31811,522
31812,522
31813,516
31814,524
31815,516
31816,518
31817,522
31818,522
31819,520
31820,520
31821,522
31822,516
31823,520
31824,522
31825,522
31826,522
31827,518
31828,566
31829,546
31830,518
31831,522
31832,514
31833,518
31834,522
31835,520
31836,514
31837,516
31838,516
31839,518
31840,518
31841,542
31842,516
31843,520
31844,522
31845,518
31846,516
31847,582
31848,512
31849,522
31850,520
31851,520
31852,520
31853,518
31854,520
31855,522
31856,520
31857,518
31858,522
31859,526
31860,520
31861,518
31862,522
31863,520
31864,522
31865,520
31866,518
31867,518
31868,518
31869,518
31870,520
31871,520
31872,512
31873,518
31874,522
31875,522
31876,522
31877,520
31878,520
31879,520
31880,524
31881,514
31882,518
31883,518
31884,514
31885,524
31886,522
31887,558
31888,522
31889,520
31890,518
31891,524
31892,520
31893,516
31894,522
31895,520
31896,518
31897,518
31898,524
31899,516
31900,516
31901,522
31902,520
31903,520
31904,524
31905,516
31906,518
31907,518
31908,518
31909,524
31910,520
31911,518
31912,522
31913,520
31914,518
31915,520
31916,524
31917,514
31918,526
31919,524
31920,516
31921,520
31922,524
31923,518
31924,520
31925,520
31926,518
31927,518
31928,518
31929,520
31930,520
31931,516
31932,518
31933,522
31934,520
31935,518
31936,526
31937,516
31938,516
31939,518
31940,518
31941,516
31942,522
31943,560
31944,514
31945,520
31946,520
31947,520
31948,520
31949,522
31950,516
31951,522
31952,524
31953,514
31954,522
31955,522
31956,516
31957,524
31958,524
31959,520
31960,522
31961,524
31962,520
31963,518
31964,524
31965,514
31966,516
31967,524
31968,518
31969,524
31970,518
31971,516
31972,522
31973,524
31974,518
31975,518
31976,522
31977,512
31978,520
31979,518
31980,512
31981,516
31982,518
31983,516
31984,524
31985,518
31986,516
31987,518
31988,522
31989,516
31990,522
31991,518
31992,520
31993,516
31994,514
31995,514
31996,516
31997,526
31998,516
31999,542
32000,522
32001,520
32002,524
32003,524
32004,512
32005,524
32006,520
32007,520
32008,520
32009,526
32010,516
32011,526
32012,524
32013,512
32014,526
32015,524
32016,514
32017,518
32018,524
32019,520
32020,522
32021,526
32022,520
32023,524
32024,518
32025,516
32026,520
32027,526
32028,514
32029,518
32030,520
32031,520
32032,518
32033,528
32034,516
32035,522
32036,524
32037,516
32038,520
32039,522
32040,516
32041,522
32042,516
32043,518
32044,526
32045,520
32046,520
32047,522
32048,522
32049,516
32050,518
32051,516
32052,520
32053,520
32054,522
32055,518
32056,522
32057,518
32058,556
32059,518
32060,520
32061,512
32062,522
32063,522
32064,520
32065,520
32066,522
32067,516
32068,522
32069,520
32070,518
32071,516
32072,520
32073,518
32074,520
32075,520
32076,518
32077,516
32078,516
32079,520
32080,518
32081,516
32082,514
32083,516
32084,516
32085,516
32086,520
32087,518
32088,520
32089,520
32090,516
32091,514
32092,518
32093,522
32094,510
32095,518
32096,520
32097,518
32098,520
32099,520
32100,518
32101,518
32102,520
32103,514
32104,520
32105,524
32106,516
32107,522
32108,520
32109,516
32110,518
32111,518
32112,518
32113,516
32114,520
32115,554
32116,518
32117,520
32118,518
32119,520
32120,520
32121,520
32122,516
32123,520
32124,512
32125,524
32126,518
32127,516
32128,516
32129,518
32130,518
32131,524
32132,516
32133,516
32134,524
32135,520
32136,512
32137,518
32138,522
32139,520
32140,524
32141,522
32142,520
32143,520
32144,520
32145,520
32146,524
32147,522
32148,516
32149,524
32150,522
32151,518
32152,522
32153,520
32154,516
32155,522
32156,526
32157,518
32158,520
32159,522
32160,520
32161,524
32162,516
32163,518
32164,522
32165,520
32166,514
32167,522
32168,516
32169,512
32170,524
32171,558
32172,520
32173,522
32174,518
32175,520
32176,520
32177,522
32178,516
32179,516
32180,524
32181,520
32182,518
32183,516
32184,520
32185,520
32186,520
32187,520
32188,524
32189,518
32190,518
32191,514
32192,524
32193,514
32194,520
32195,518
32196,518
32197,518
32198,518
32199,516
32200,524
32201,520
32202,516
32203,522
32204,518
32205,512
32206,518
32207,516
32208,510
32209,516
32210,516
32211,518
32212,520
32213,516
32214,514
32215,520
32216,516
32217,510
32218,522
32219,520
32220,514
32221,522
32222,516
32223,518
32224,520
32225,522
32226,514
32227,524
32228,518
32229,520
32230,520
32231,522
32232,514
32233,520
32234,516
32235,516
32236,522
32237,522
32238,562
32239,524
32240,514
32241,526
32242,518
32243,522
32244,528
32245,520
32246,520
32247,520
32248,524
32249,516
32250,516
32251,522
32252,520
32253,524
32254,522
32255,520
32256,518
32257,524
32258,520
32259,520
32260,520
32261,526
32262,520
32263,520
32264,518
32265,524
32266,526
32267,516
32268,524
32269,518
32270,516
32271,518
32272,524
32273,520
32274,526
32275,524
32276,512
32277,522
32278,526
32279,512
32280,526
32281,522
32282,518
32283,526
32284,522
32285,520
32286,520
32287,522
32288,516
32289,524
32290,520
32291,520
32292,522
32293,518
32294,564
32295,522
32296,524
32297,514
32298,524
32299,520
32300,522
32301,522
32302,526
32303,518
32304,522
32305,522
32306,516
32307,520
32308,518
32309,514
32310,522
32311,522
32312,518
32313,524
32314,520
32315,520
32316,518
32317,518
32318,514
32319,520
32320,522
32321,514
32322,522
32323,522
32324,520
32325,522
32326,522
32327,516
32328,518
32329,516
32330,520
32331,522
32332,518
32333,518
32334,522
32335,514
32336,514
32337,522
32338,522
32339,518
32340,524
32341,520
32342,516
32343,522
32344,520
32345,512
32346,516
32347,524
32348,516
32349,522
32350,520
32351,518
32352,516
32353,522
32354,516
32355,522
32356,520
32357,514
32358,520
32359,518
32360,512
32361,516
32362,516
32363,518
32364,518
32365,524
32366,518
32367,526
32368,520
32369,518
32370,524
32371,522
32372,518
32373,522
32374,524
32375,516
32376,526
32377,520
32378,516
32379,516
32380,520
32381,518
32382,524
32383,516
32384,516
32385,562
32386,520
32387,520
32388,518
32389,516
32390,518
32391,520
32392,526
32393,516
32394,522
32395,516
32396,516
32397,524
32398,528
32399,522
32400,526
32401,522
32402,520
32403,520
32404,522
32405,518
32406,524
32407,520
32408,522
32409,524
32410,524
32411,516
32412,518
32413,524
32414,520
32415,526
32416,522
32417,512
32418,524
32419,520
32420,516
32421,520
32422,522
32423,516
32424,524
32425,518
32426,516
32427,518
32428,526
32429,514
32430,518
32431,520
32432,512
32433,518
32434,522
32435,516
32436,522
32437,522
32438,514
32439,522
32440,516
32441,520
32442,526
32443,520
32444,518
32445,522
32446,516
32447,518
32448,522
32449,518
32450,520
32451,520
32452,522
32453,516
32454,522
32455,516
32456,518
32457,524
32458,518
32459,520
32460,520
32461,522
32462,512
32463,524
32464,522
32465,516
32466,518
32467,518
32468,520
32469,522
32470,522
32471,518
32472,522
32473,524
32474,520
32475,522
32476,522
32477,518
32478,520
32479,520
32480,518
32481,520
32482,522
32483,518
32484,520
32485,522
32486,518
32487,518
32488,524
32489,520
32490,526
32491,520
32492,516
32493,518
32494,520
32495,516
32496,522
32497,526
32498,520
32499,524
32500,518
32501,520
32502,524
32503,522
32504,514
32505,522
32506,524
32507,514
32508,520
32509,526
32510,514
32511,520
32512,518
32513,520
32514,520
32515,522
32516,520
32517,520
32518,524
32519,516
32520,526
32521,524
32522,512
32523,522
32524,524
32525,518
32526,518
32527,524
32528,522
32529,522
32530,524
32531,518
32532,520
32533,520
32534,518
32535,520
32536,520
32537,512
32538,524
32539,522
32540,516
32541,520
32542,526
32543,516
32544,526
32545,518
32546,518
32547,520
32548,518
32549,514
32550,520
32551,520
32552,518
32553,522
32554,518
32555,514
32556,520
32557,560
32558,516
32559,518
32560,516
32561,520
32562,520
32563,522
32564,520
32565,524
32566,522
32567,516
32568,522
32569,518
32570,518
32571,522
32572,524
32573,518
32574,522
32575,518
32576,514
32577,522
32578,520
32579,518
32580,522
32581,514
32582,520
32583,520
32584,524
32585,518
32586,522
32587,520
32588,518
32589,522
32590,524
32591,516
32592,524
32593,514
32594,516
32595,518
32596,520
32597,516
32598,516
32599,522
32600,518
32601,518
32602,518
32603,514
32604,518
32605,522
32606,520
32607,522
32608,522
32609,518
32610,520
32611,520
32612,514
32613,524
32614,520
32615,520
32616,516
32617,522
32618,520
32619,524
32620,524
32621,518
32622,562
32623,520
32624,512
32625,522
32626,524
32627,520
32628,520
32629,518
32630,518
32631,524
32632,524
32633,514
32634,524
32635,522
32636,520
32637,516
32638,520
32639,516
32640,518
32641,524
32642,518
32643,526
32644,520
32645,520
32646,516
32647,562
32648,524
32649,520
32650,512
32651,526
32652,522
32653,518
32654,516
32655,516
32656,524
32657,526
32658,520
32659,524
32660,522
32661,520
32662,516
32663,522
32664,530
32665,526
32666,516
32667,526
32668,522
32669,512
32670,516
32671,520
32672,518
32673,520
32674,520
32675,514
32676,520
32677,522
32678,512
32679,522
32680,516
32681,516
32682,522
32683,518
32684,512
32685,520
32686,520
32687,510
32688,520
32689,518
32690,514
32691,520
32692,516
32693,514
32694,522
32695,516
32696,514
32697,522
32698,520
32699,516
32700,524
32701,524
32702,514
32703,518
32704,516
32705,514
32706,518
32707,522
32708,512
32709,562
32710,520
32711,512
32712,516
32713,520
32714,518
32715,514
32716,516
32717,512
32718,522
32719,520
32720,516
32721,520
32722,520
32723,516
32724,520
32725,518
32726,518
32727,520
32728,516
32729,516
32730,516
32731,518
32732,514
32733,520
32734,516
32735,520
32736,524
32737,520
32738,518
32739,522
32740,518
32741,520
32742,524
32743,518
32744,518
32745,518
32746,526
32747,516
32748,520
32749,516
32750,514
32751,524
32752,524
32753,512
32754,524
32755,520
32756,518
32757,516
32758,522
32759,512
32760,524
32761,520
32762,516
32763,524
32764,524
32765,520
32766,522
32767,522
32768,516
32769,566
32770,520
32771,522
32772,522
32773,524
32774,514
32775,524
32776,524
32777,520
32778,522
32779,522
32780,518
32781,522
32782,522
32783,514
32784,526
32785,522
32786,514
32787,520
32788,526
32789,520
32790,520
32791,518
32792,520
32793,522
32794,522
32795,516
32796,520
32797,524
32798,518
32799,520
32800,526
32801,520
32802,518
32803,522
32804,516
32805,518
32806,520
32807,514
32808,524
32809,518
32810,510
32811,524
32812,520
32813,520
32814,524
32815,520
32816,514
32817,518
32818,524
32819,512
32820,522
32821,518
32822,516
32823,518
32824,522
32825,518
32826,520
32827,524
32828,520
32829,520
32830,540
32831,518
32832,522
32833,524
32834,516
32835,522
32836,522
32837,514
32838,524
32839,518
32840,518
32841,516
32842,518
32843,520
32844,522
32845,522
32846,516
32847,516
32848,518
32849,518
32850,524
32851,516
32852,514
32853,520
32854,520
32855,514
32856,516
32857,524
32858,520
32859,520
32860,516
32861,516
32862,518
32863,518
32864,512
32865,520
32866,520
32867,512
32868,520
32869,520
32870,514
32871,524
32872,524
32873,520
32874,524
32875,522
32876,512
32877,522
32878,524
32879,518
32880,520
32881,526
32882,516
32883,518
32884,522
32885,522
32886,524
32887,518
32888,522
32889,564
32890,520
32891,514
32892,524
32893,520
32894,514
32895,518
32896,524
32897,516
32898,520
32899,524
32900,518
32901,526
32902,520
32903,520
32904,526
32905,520
32906,518
32907,524
32908,522
32909,520
32910,520
32911,522
32912,514
32913,522
32914,522
32915,520
32916,516
32917,518
32918,520
32919,524
32920,522
32921,518
32922,522
32923,522
32924,520
32925,524
32926,518
32927,520
32928,518
32929,516
32930,514
32931,522
32932,522
32933,520
32934,518
32935,518
32936,512
32937,520
32938,522
32939,518
32940,524
32941,524
32942,514
32943,520
32944,522
32945,518
32946,518
32947,518
32948,516
32949,516
32950,522
32951,558
32952,522
32953,518
32954,514
32955,520
32956,516
32957,518
32958,518
32959,524
32960,516
32961,522
32962,516
32963,512
32964,522
32965,518
32966,518
32967,518
32968,520
32969,520
32970,518
32971,514
32972,516
32973,520
32974,522
32975,516
32976,522
32977,520
32978,518
32979,520
32980,520
32981,514
32982,526
32983,518
32984,516
32985,524
32986,520
32987,516
32988,524
32989,524
32990,512
32991,522
32992,522
32993,520
32994,524
32995,518
32996,518
32997,520
32998,524
32999,518
33000,518
33001,524
33002,518
33003,522
33004,516
33005,520
33006,518
33007,524
33008,514
33009,524
33010,520
33011,520
33012,524
33013,520
33014,514
33015,526
33016,520
33017,518
33018,516
33019,516
33020,516
33021,526
33022,524
33023,520
33024,520
33025,522
33026,516
33027,526
33028,520
33029,514
33030,518
33031,524
33032,520
33033,520
33034,526
33035,520
33036,520
33037,522
33038,518
33039,522
33040,520
33041,514
33042,522
33043,516
33044,520
33045,524
33046,522
33047,512
33048,518
33049,560
33050,520
33051,522
33052,522
33053,520
33054,522
33055,524
33056,520
33057,568
33058,524
33059,524
33060,518
33061,524
33062,518
33063,514
33064,522
33065,516
33066,518
33067,522
33068,522
33069,518
33070,522
33071,520
33072,520
33073,522
33074,520
33075,516
33076,518
33077,524
33078,512
33079,522
33080,522
33081,520
33082,518
33083,516
33084,518
33085,520
33086,520
33087,514
33088,522
33089,528
33090,518
33091,522
33092,520
33093,514
33094,518
33095,522
33096,518
33097,564
33098,516
33099,512
33100,520
33101,524
33102,516
33103,522
33104,526
33105,518
33106,518
33107,516
33108,514
33109,518
33110,520
33111,520
33112,520
33113,520
33114,514
33115,522
33116,524
33117,518
33118,520
33119,520
33120,522
33121,522
33122,526
33123,516
33124,524
33125,520
33126,518
33127,526
33128,518
33129,522
33130,518
33131,524
33132,522
33133,520
33134,524
33135,518
33136,518
33137,522
33138,518
33139,524
33140,520
33141,516
33142,522
33143,526
33144,518
33145,524
33146,520
33147,518
33148,518
33149,524
33150,522
33151,518
33152,520
33153,516
33154,522
33155,524
33156,518
33157,518
33158,562
33159,520
33160,520
33161,524
33162,514
33163,528
33164,522
33165,516
33166,526
33167,520
33168,514
33169,526
33170,522
33171,516
33172,526
33173,520
33174,520
33175,524
33176,518
33177,520
33178,522
33179,524
33180,520
33181,516
33182,520
33183,522
33184,520
33185,524
33186,516
33187,522
33188,524
33189,512
33190,522
33191,518
33192,518
33193,516
33194,524
33195,518
33196,524
33197,522
33198,518
33199,516
33200,522
33201,518
33202,522
33203,522
33204,518
33205,524
33206,520
33207,510
33208,518
33209,516
33210,516
33211,518
33212,518
33213,514
33214,518
33215,518
33216,516
33217,522
33218,520
33219,514
33220,524
33221,520
33222,518
33223,516
33224,520
33225,516
33226,520
33227,522
33228,518
33229,518
33230,518
33231,514
33232,518
33233,518
33234,520
33235,522
33236,524
33237,520
33238,522
33239,520
33240,520
33241,518
33242,524
33243,520
33244,518
33245,522
33246,512
33247,520
33248,524
33249,514
33250,524
33251,520
33252,520
33253,522
33254,520
33255,516
33256,524
33257,526
33258,516
33259,524
33260,520
33261,520
33262,518
33263,520
33264,518
33265,520
33266,518
33267,514
33268,520
33269,524
33270,520
33271,518
33272,524
33273,520
33274,522
33275,518
33276,514
33277,520
33278,522
33279,518
33280,524
33281,526
33282,516
33283,518
33284,522
33285,520
33286,520
33287,520
33288,522
33289,518
33290,526
33291,518
33292,524
33293,520
33294,516
33295,516
33296,524
33297,520
33298,562
33299,518
33300,514
33301,524
33302,524
33303,516
33304,516
33305,524
33306,518
33307,524
33308,522
33309,516
33310,520
33311,522
33312,520
33313,520
33314,520
33315,522
33316,524
33317,520
33318,516
33319,518
33320,518
33321,516
33322,524
33323,518
33324,514
33325,526
33326,520
33327,518
33328,518
33329,516
33330,514
33331,518
33332,522
33333,514
33334,522
33335,520
33336,510
33337,522
33338,518
33339,516
33340,516
33341,520
33342,516
33343,520
33344,522
33345,516
33346,522
33347,520
33348,514
33349,522
33350,518
33351,512
33352,518
33353,524
33354,510
33355,518
33356,564
33357,518
33358,518
33359,516
33360,516
33361,524
33362,520
33363,520
33364,520
33365,518
33366,516
33367,516
33368,524
33369,514
33370,524
33371,520
33372,512
33373,524
33374,524
33375,518
33376,522
33377,518
33378,520
33379,518
33380,526
33381,522
33382,522
33383,524
33384,522
33385,524
33386,526
33387,522
33388,516
33389,524
33390,514
33391,520
33392,522
33393,520
33394,520
33395,526
33396,518
33397,522
33398,522
33399,518
33400,526
33401,524
33402,518
33403,518
33404,524
33405,518
33406,518
33407,520
33408,522
33409,526
33410,520
33411,516
33412,520
33413,520
33414,554
33415,520
33416,518
33417,518
33418,522
33419,520
33420,518
33421,516
33422,522
33423,518
33424,524
33425,520
33426,516
33427,516
33428,516
33429,516
33430,520
33431,522
33432,522
33433,522
33434,522
33435,522
33436,524
33437,516
33438,514
33439,520
33440,516
33441,518
33442,524
33443,524
33444,516
33445,516
33446,518
33447,518
33448,522
33449,520
33450,514
33451,522
33452,518
33453,516
33454,518
33455,514
33456,512
33457,522
33458,524
33459,518
33460,518
33461,522
33462,520
33463,520
33464,518
33465,514
33466,520
33467,566
33468,518
33469,524
33470,532
33471,518
33472,518
33473,514
33474,522
33475,516
33476,520
33477,522
33478,520
33479,520
33480,514
33481,524
33482,518
33483,518
33484,522
33485,514
33486,526
33487,524
33488,520
33489,520
33490,522
33491,516
33492,518
33493,524
33494,518
33495,520
33496,522
33497,516
33498,522
33499,524
33500,514
33501,522
33502,518
33503,520
33504,524
33505,518
33506,514
33507,526
33508,522
33509,514
33510,520
33511,524
33512,516
33513,526
33514,562
33515,518
33516,518
33517,524
33518,518
33519,518
33520,524
33521,516
33522,516
33523,518
33524,522
33525,524
33526,518
33527,520
33528,526
33529,522
33530,512
33531,520
33532,522
33533,520
33534,520
33535,520
33536,520
33537,524
33538,520
33539,516
33540,522
33541,522
33542,520
33543,520
33544,524
33545,520
33546,518
33547,516
33548,516
33549,518
33550,524
33551,518
33552,520
33553,516
33554,512
33555,522
33556,518
33557,518
33558,520
33559,516
33560,514
33561,520
33562,524
33563,514
33564,522
33565,520
33566,518
33567,518
33568,518
33569,514
33570,522
33571,520
33572,516
33573,518
33574,520
33575,558
33576,520
33577,520
33578,518
33579,524
33580,520
33581,512
33582,522
33583,518
33584,518
33585,516
33586,520
33587,514
33588,518
33589,522
33590,510
33591,516
33592,522
33593,518
33594,518
33595,524
33596,514
33597,524
33598,518
33599,516
33600,522
33601,518
33602,516
33603,516
33604,518
33605,516
33606,522
33607,520
33608,516
33609,522
33610,524
33611,516
33612,522
33613,518
33614,518
33615,522
33616,520
33617,514
33618,520
33619,524
33620,516
33621,524
33622,522
33623,520
33624,520
33625,520
33626,516
33627,520
33628,524
33629,516
33630,516
33631,518
33632,520
33633,518
33634,524
33635,514
33636,518
33637,520
33638,518
33639,520
33640,522
33641,514
33642,520
33643,522
33644,518
33645,524
33646,524
33647,520
33648,522
33649,520
33650,522
33651,522
33652,522
33653,516
33654,520
33655,524
33656,560
33657,522
33658,520
33659,518
33660,516
33661,516
33662,514
33663,522
33664,522
33665,518
33666,524
33667,526
33668,516
33669,518
33670,518
33671,514
33672,522
33673,524
33674,514
33675,524
33676,520
33677,516
33678,520
33679,518
33680,514
33681,520
33682,516
33683,516
33684,522
33685,520
33686,512
33687,516
33688,522
33689,520
33690,520
33691,518
33692,520
33693,522
33694,516
33695,514
33696,522
33697,520
33698,516
33699,522
33700,520
33701,512
33702,522
33703,514
33704,518
33705,522
33706,520
33707,518
33708,520
33709,522
33710,516
33711,524
33712,518
33713,516
33714,516
33715,518
33716,514
33717,522
33718,518
33719,520
33720,522
33721,520
33722,520
33723,522
33724,516
33725,516
33726,518
33727,522
33728,516
33729,520
33730,524
33731,514
33732,522
33733,520
33734,516
33735,524
33736,522
33737,516
33738,516
33739,564
33740,514
33741,516
33742,522
33743,514
33744,520
33745,518
33746,520
33747,522
33748,526
33749,512
33750,524
33751,524
33752,520
33753,520
33754,516
33755,522
33756,522
33757,522
33758,520
33759,520
33760,520
33761,520
33762,518
33763,520
33764,516
33765,524
33766,522
33767,518
33768,526
33769,524
33770,516
33771,526
33772,522
33773,514
33774,520
33775,522
33776,522
33777,524
33778,522
33779,516
33780,518
33781,518
33782,518
33783,522
33784,520
33785,516
33786,526
33787,520
33788,516
33789,524
33790,520
33791,520
33792,524
33793,524
33794,516
33795,516
33796,518
33797,520
33798,524
33799,518
33800,558
33801,518
33802,520
33803,518
33804,518
33805,524
33806,514
33807,524
33808,522
33809,514
33810,522
33811,524
33812,520
33813,522
33814,520
33815,520
33816,520
33817,518
33818,518
33819,522
33820,522
33821,514
33822,520
33823,518
33824,518
33825,514
33826,522
33827,516
33828,520
33829,516
33830,512
33831,522
33832,520
33833,518
33834,522
33835,524
33836,514
33837,524
33838,524
33839,514
33840,520
33841,518
33842,516
33843,518
33844,522
33845,516
33846,524
33847,516
33848,516
33849,516
33850,520
33851,518
33852,516
33853,522
33854,516
33855,520
33856,522
33857,520
33858,518
33859,522
33860,516
33861,520
33862,518
33863,520
33864,558
33865,518
33866,516
33867,518
33868,518
33869,516
33870,520
33871,520
33872,518
33873,522
33874,524
33875,516
33876,568
33877,518
33878,524
33879,526
33880,512
33881,520
33882,518
33883,518
33884,526
33885,518
33886,540
33887,522
33888,522
33889,518
33890,526
33891,524
33892,520
33893,516
33894,522
33895,522
33896,522
33897,522
33898,520
33899,526
33900,524
33901,518
33902,524
33903,524
33904,512
33905,520
33906,524
33907,520
33908,522
33909,524
33910,516
33911,522
33912,518
33913,516
33914,522
33915,522
33916,514
33917,520
33918,520
33919,516
33920,518
33921,518
33922,520
33923,522
33924,520
33925,534
33926,520
33927,520
33928,510
33929,520
33930,524
33931,510
33932,518
33933,524
33934,516
33935,516
33936,524
33937,518
33938,518
33939,524
33940,516
33941,522
33942,522
33943,518
33944,522
33945,522
33946,518
33947,518
33948,524
33949,512
33950,522
33951,526
33952,516
33953,522
33954,524
33955,518
33956,516
33957,524
33958,520
33959,522
33960,546
33961,546
33962,520
33963,524
33964,516
33965,516
33966,520
33967,522
33968,520
33969,524
33970,516
33971,516
33972,526
33973,522
33974,520
33975,524
33976,522
33977,520
33978,524
33979,522
33980,520
33981,518
33982,518
33983,526
33984,524
33985,516
33986,520
33987,526
33988,520
33989,522
33990,536
33991,522
33992,524
33993,518
33994,520
33995,522
33996,524
33997,516
33998,518
33999,522
34000,518
34001,520
34002,524
34003,520
34004,524
34005,524
34006,516
34007,520
34008,522
34009,522
34010,524
34011,524
34012,518
34013,520
34014,564
34015,512
34016,518
34017,520
34018,520
34019,520
34020,524
34021,522
34022,520
34023,522
34024,520
34025,518
34026,518
34027,520
34028,520
34029,524
34030,520
34031,520
34032,524
34033,520
34034,520
34035,524
34036,514
34037,522
34038,524
34039,516
34040,516
34041,520
34042,512
34043,522
34044,518
34045,520
34046,526
34047,522
34048,518
34049,518
34050,522
34051,516
34052,522
34053,518
34054,518
34055,522
34056,518
34057,518
34058,522
34059,518
34060,518
34061,522
34062,522
34063,520
34064,524
34065,520
34066,518
34067,516
34068,518
34069,514
34070,518
34071,520
34072,514
34073,522
34074,520
34075,516
34076,520
34077,518
34078,516
34079,520
34080,520
34081,520
34082,524
34083,524
34084,516
34085,518
34086,516
34087,522
34088,524
34089,524
34090,516
34091,522
34092,522
34093,518
34094,524
34095,526
34096,514
34097,520
34098,520
34099,520
34100,524
34101,528
34102,520
34103,524
34104,522
34105,516
34106,518
34107,528
34108,514
34109,522
34110,518
34111,516
34112,520
34113,524
34114,520
34115,520
34116,524
34117,518
34118,520
34119,526
34120,514
34121,522
34122,524
34123,514
34124,524
34125,520
34126,520
34127,526
34128,526
34129,514
34130,520
34131,526
34132,516
34133,522
34134,562
34135,520
34136,520
34137,522
34138,516
34139,522
34140,524
34141,522
34142,526
34143,524
34144,520
34145,520
34146,522
34147,514
34148,524
34149,524
34150,516
34151,524
34152,520
34153,518
34154,520
34155,522
34156,520
34157,524
34158,518
34159,522
34160,518
34161,522
34162,516
34163,516
34164,518
34165,520
34166,522
34167,520
34168,516
34169,520
34170,524
34171,520
34172,520
34173,520
34174,516
34175,516
34176,522
34177,514
34178,518
34179,524
34180,518
34181,522
34182,520
34183,516
34184,518
34185,516
34186,516
34187,520
34188,522
34189,516
34190,524
34191,522
34192,516
34193,520
34194,524
34195,522
34196,518
34197,560
34198,520
34199,518
34200,522
34201,518
34202,516
34203,524
34204,516
34205,526
34206,520
34207,522
34208,522
34209,514
34210,516
34211,526
34212,518
34213,514
34214,522
34215,522
34216,516
34217,520
34218,524
34219,516
34220,520
34221,524
34222,518
34223,522
34224,522
34225,516
34226,522
34227,522
34228,518
34229,526
34230,518
34231,518
34232,520
34233,522
34234,518
34235,518
34236,518
34237,516
34238,524
34239,518
34240,522
34241,518
34242,526
34243,520
34244,518
34245,524
34246,518
34247,526
34248,524
34249,520
34250,524
34251,518
34252,514
34253,524
34254,524
34255,520
34256,522
34257,522
34258,516
34259,562
34260,520
34261,514
34262,522
34263,520
34264,518
34265,524
34266,522
34267,516
34268,518
34269,522
34270,522
34271,522
34272,522
34273,516
34274,520
34275,522
34276,518
34277,520
34278,520
34279,516
34280,520
34281,526
34282,522
34283,520
34284,518
34285,520
34286,566
34287,522
34288,524
34289,518
34290,514
34291,518
34292,522
34293,516
34294,528
34295,516
34296,520
34297,524
34298,520
34299,520
34300,520
34301,520
34302,520
34303,522
34304,512
34305,518
34306,524
34307,514
34308,516
34309,522
34310,516
34311,518
34312,516
34313,518
34314,516
34315,518
34316,518
34317,524
34318,522
34319,518
34320,524
34321,520
34322,516
34323,522
34324,524
34325,522
34326,524
34327,524
34328,518
34329,520
34330,526
34331,520
34332,520
34333,520
34334,518
34335,520
34336,524
34337,530
34338,520
34339,524
34340,514
34341,524
34342,520
34343,518
34344,520
34345,528
34346,522
34347,524
34348,522
34349,524
34350,524
34351,518
34352,518
34353,520
34354,524
34355,520
34356,524
34357,522
34358,522
34359,518
34360,520
34361,518
34362,520
34363,528
34364,522
34365,524
34366,524
34367,518
34368,520
34369,520
34370,518
34371,520
34372,520
34373,516
34374,524
34375,520
34376,516
34377,518
34378,516
34379,516
34380,522
34381,520
34382,516
34383,522
34384,524
34385,518
34386,518
34387,520
34388,520
34389,520
34390,516
34391,516
34392,520
34393,522
34394,520
34395,524
34396,560
34397,516
34398,512
34399,516
34400,518
34401,518
34402,520
34403,522
34404,520
34405,518
34406,516
34407,524
34408,522
34409,520
34410,524
34411,520
34412,520
34413,520
34414,518
34415,514
34416,518
34417,524
34418,512
34419,522
34420,520
34421,512
34422,518
34423,518
34424,512
34425,520
34426,520
34427,514
34428,526
34429,518
34430,518
34431,516
34432,520
34433,518
34434,524
34435,520
34436,518
34437,518
34438,520
34439,514
34440,518
34441,516
34442,516
34443,522
34444,526
34445,514
34446,522
34447,524
34448,514
34449,522
34450,524
34451,512
34452,520
34453,522
34454,558
34455,522
34456,520
34457,512
34458,524
34459,516
34460,526
34461,522
34462,520
34463,520
34464,522
34465,524
34466,518
34467,522
34468,520
34469,516
34470,522
34471,526
34472,520
34473,518
34474,524
34475,520
34476,526
34477,520
34478,514
34479,522
34480,520
34481,522
34482,520
34483,518
34484,516
34485,526
34486,520
34487,516
34488,524
34489,522
34490,518
34491,524
34492,524
34493,514
34494,524
34495,518
34496,520
34497,520
34498,518
34499,520
34500,516
34501,518
34502,516
34503,520
34504,524
34505,518
34506,524
34507,518
34508,518
34509,518
34510,524
34511,514
34512,522
34513,518
34514,514
34515,518
34516,520
34517,512
34518,522
34519,518
34520,520
34521,516
34522,522
34523,520
34524,516
34525,524
34526,516
34527,558
34528,516
34529,520
34530,518
34531,520
34532,518
34533,522
34534,524
34535,518
34536,522
34537,518
34538,516
34539,520
34540,522
34541,516
34542,518
34543,518
34544,516
34545,522
34546,520
34547,516
34548,520
34549,524
34550,514
34551,518
34552,522
34553,520
34554,524
34555,518
34556,514
34557,524
34558,518
34559,514
34560,524
34561,522
34562,516
34563,518
34564,518
34565,518
34566,520
34567,522
34568,520
34569,526
34570,524
34571,516
34572,520
34573,520
34574,516
34575,524
34576,524
34577,522
34578,520
34579,520
34580,520
34581,524
34582,518
34583,520
34584,522
34585,524
34586,516
34587,560
34588,524
34589,520
34590,520
34591,520
34592,518
34593,520
34594,516
34595,518
34596,516
34597,526
34598,518
34599,522
34600,518
34601,516
34602,522
34603,524
34604,518
34605,526
34606,522
34607,520
34608,520
34609,522
34610,522
34611,518
34612,522
34613,522
34614,524
34615,524
34616,520
34617,520
34618,516
34619,514
34620,526
34621,524
34622,516
34623,524
34624,518
34625,518
34626,524
34627,524
34628,520
34629,524
34630,520
34631,518
34632,524
34633,524
34634,516
34635,518
34636,524
34637,518
34638,524
34639,522
34640,518
34641,520
34642,522
34643,518
34644,524
34645,520
34646,514
34647,528
34648,520
34649,514
34650,518
34651,518
34652,554
34653,522
34654,518
34655,516
34656,518
34657,522
34658,518
34659,522
34660,524
34661,522
34662,516
34663,518
34664,518
34665,522
34666,524
34667,516
34668,524
34669,520
34670,520
34671,524
34672,524
34673,524
34674,516
34675,516
34676,522
34677,522
34678,522
34679,518
34680,520
34681,518
34682,518
34683,522
34684,522
34685,514
34686,524
34687,524
34688,518
34689,518
34690,516
34691,518
34692,520
34693,524
34694,522
34695,548
34696,552
34697,526
34698,516
34699,518
34700,516
34701,520
34702,516
34703,520
34704,520
34705,520
34706,562
34707,524
34708,516
34709,520
34710,524
34711,524
34712,524
34713,520
34714,516
34715,524
34716,526
34717,514
34718,520
34719,522
34720,520
34721,526
34722,522
34723,518
34724,520
34725,528
34726,514
34727,524
34728,524
34729,516
34730,518
34731,520
34732,518
34733,520
34734,526
34735,516
34736,518
34737,522
34738,522
34739,522
34740,524
34741,518
34742,520
34743,520
34744,518
34745,522
34746,524
34747,518
34748,518
34749,520
34750,514
34751,516
34752,520
34753,512
34754,520
34755,522
34756,518
34757,520
34758,516
34759,516
34760,520
34761,522
34762,514
34763,524
34764,516
34765,556
34766,524
34767,516
34768,518
34769,524
34770,520
34771,518
34772,518
34773,518
34774,516
34775,520
34776,522
34777,516
34778,518
34779,520
34780,512
34781,520
34782,524
34783,514
34784,524
34785,520
34786,520
34787,522
34788,522
34789,520
34790,514
34791,524
34792,512
34793,514
34794,524
34795,520
34796,520
34797,522
34798,516
34799,522
34800,518
34801,516
34802,524
34803,522
34804,518
34805,518
34806,520
34807,516
34808,520
34809,520
34810,516
34811,520
34812,520
34813,516
34814,520
34815,522
34816,516
34817,518
34818,520
34819,520
34820,520
34821,520
34822,514
34823,524
34824,564
34825,522
34826,520
34827,526
34828,520
34829,524
34830,520
34831,522
34832,516
34833,526
34834,520
34835,522
34836,524
34837,518
34838,526
34839,518
34840,514
34841,522
34842,526
34843,518
34844,524
34845,518
34846,516
34847,524
34848,520
34849,520
34850,520
34851,526
34852,516
34853,528
34854,520
34855,516
34856,518
34857,518
34858,522
34859,516
34860,526
34861,514
34862,520
34863,526
34864,518
34865,524
34866,520
34867,514
34868,518
34869,524
34870,516
34871,520
34872,524
34873,518
34874,520
34875,524
34876,516
34877,520
34878,524
34879,516
34880,520
34881,524
34882,520
34883,564
34884,524
34885,518
34886,524
34887,524
34888,516
34889,518
34890,520
34891,514
34892,522
34893,518
34894,516
34895,520
34896,522
34897,516
34898,522
34899,526
34900,520
34901,522
34902,520
34903,516
34904,518
34905,520
34906,516
34907,516
34908,524
34909,518
34910,516
34911,518
34912,518
34913,520
34914,518
34915,516
34916,524
34917,516
34918,520
34919,522
34920,522
34921,518
34922,520
34923,524
34924,518
34925,520
34926,520
34927,516
34928,522
34929,522
34930,520
34931,518
34932,520
34933,516
34934,518
34935,520
34936,518
34937,520
34938,526
34939,516
34940,520
34941,520
34942,516
34943,522
34944,518
34945,516
34946,524
34947,524
34948,512
34949,524
34950,524
34951,520
34952,524
34953,520
34954,516
34955,518
34956,520
34957,518
34958,516
34959,524
34960,520
34961,522
34962,520
34963,518
34964,524
34965,522
34966,520
34967,520
34968,520
34969,522
34970,526
34971,522
34972,516
34973,524
34974,518
34975,522
34976,520
34977,524
34978,520
34979,524
34980,524
34981,518
34982,518
34983,520
34984,522
34985,524
34986,520
34987,524
34988,526
34989,522
34990,518
34991,524
34992,520
34993,514
34994,526
34995,520
34996,520
34997,538
34998,522
34999,514
35000,528
35001,524
35002,516
35003,520
35004,524
35005,520
35006,522
35007,524
35008,518
35009,520
35010,524
35011,512
35012,516
35013,518
35014,514
35015,520
35016,520
35017,516
35018,520
35019,522
35020,518
35021,520
35022,524
35023,520
35024,524
35025,524
35026,514
35027,520
35028,520
35029,516
35030,520
35031,518
35032,512
35033,516
35034,520
35035,514
35036,520
35037,522
35038,516
35039,522
35040,520
35041,518
35042,518
35043,518
35044,520
35045,524
35046,516
35047,520
35048,520
35049,522
35050,514
35051,520
35052,524
35053,518
35054,524
35055,524
35056,518
35057,562
35058,522
35059,516
35060,524
35061,520
35062,518
35063,520
35064,522
35065,512
35066,522
35067,522
35068,514
35069,522
35070,520
35071,516
35072,522
35073,516
35074,520
35075,518
35076,526
35077,520
35078,518
35079,520
35080,520
35081,524
35082,526
35083,522
35084,524
35085,524
35086,524
35087,522
35088,520
35089,516
35090,522
35091,518
35092,522
35093,522
35094,528
35095,514
35096,518
35097,520
35098,514
35099,518
35100,520
35101,514
35102,520
35103,520
35104,518
35105,566
35106,520
35107,524
35108,566
35109,520
35110,524
35111,520
35112,518
35113,522
35114,526
35115,520
35116,518
35117,518
35118,516
35119,520
35120,520
35121,520
35122,524
35123,520
35124,520
35125,522
35126,522
35127,520
35128,522
35129,516
35130,538
35131,522
35132,520
35133,514
35134,520
35135,518
35136,518
35137,520
35138,522
35139,516
35140,522
35141,522
35142,518
35143,516
35144,524
35145,518
35146,524
35147,520
35148,518
35149,516
35150,516
35151,516
35152,516
35153,522
35154,516
35155,522
35156,520
35157,518
35158,522
35159,518
35160,518
35161,516
35162,522
35163,520
35164,516
35165,518
35166,520
35167,560
35168,518
35169,516
35170,522
35171,518
35172,516
35173,522
35174,524
35175,524
35176,520
35177,522
35178,518
35179,520
35180,524
35181,516
35182,524
35183,524
35184,516
35185,526
35186,518
35187,516
35188,520
35189,524
35190,520
35191,522
35192,524
35193,514
35194,522
35195,524
35196,516
35197,522
35198,524
35199,516
35200,522
35201,518
35202,518
35203,522
35204,526
35205,520
35206,526
35207,518
35208,520
35209,522
35210,520
35211,520
35212,524
35213,524
35214,518
35215,518
35216,528
35217,516
35218,522
35219,524
35220,516
35221,520
35222,526
35223,522
35224,524
35225,526
35226,518
35227,526
35228,522
35229,514
35230,564
35231,520
35232,514
35233,520
35234,526
35235,514
35236,522
35237,522
35238,514
35239,520
35240,526
35241,518
35242,522
35243,518
35244,520
35245,524
35246,524
35247,514
35248,518
35249,518
35250,522
35251,524
35252,522
35253,516
35254,520
35255,524
35256,514
35257,518
35258,526
35259,512
35260,520
35261,518
35262,518
35263,522
35264,522
35265,512
35266,520
35267,524
35268,518
35269,522
35270,522
35271,518
35272,518
35273,516
35274,518
35275,520
35276,520
35277,518
35278,526
35279,516
35280,510
35281,518
35282,526
35283,518
35284,520
35285,524
35286,516
35287,518
35288,520
35289,518
35290,522
35291,564
35292,518
35293,522
35294,522
35295,518
35296,526
35297,518
35298,520
35299,526
35300,520
35301,518
35302,520
35303,520
35304,516
35305,520
35306,516
35307,518
35308,524
35309,524
35310,514
35311,522
35312,528
35313,516
35314,524
35315,518
35316,520
35317,524
35318,522
35319,518
35320,522
35321,522
35322,514
35323,522
35324,524
35325,516
35326,522
35327,526
35328,518
35329,520
35330,524
35331,518
35332,518
35333,526
35334,522
35335,524
35336,520
35337,520
35338,526
35339,524
35340,518
35341,520
35342,524
35343,518
35344,524
35345,520
35346,520
35347,524
35348,524
35349,512
35350,526
35351,524
35352,518
35353,520
35354,522
35355,558
35356,522
35357,520
35358,516
35359,518
35360,518
35361,518
35362,518
35363,518
35364,518
35365,524
35366,526
35367,514
35368,520
35369,524
35370,522
35371,526
35372,522
35373,516
35374,520
35375,524
35376,516
35377,522
35378,520
35379,514
35380,518
35381,522
35382,512
35383,522
35384,524
35385,520
35386,522
35387,518
35388,514
35389,522
35390,524
35391,520
35392,518
35393,524
35394,520
35395,516
35396,524
35397,518
35398,518
35399,518
35400,518
35401,516
35402,516
35403,514
35404,522
35405,520
35406,516
35407,522
35408,518
35409,514
35410,524
35411,522
35412,520
35413,524
35414,522
35415,538
35416,520
35417,522
35418,520
35419,516
35420,520
35421,518
35422,516
35423,520
35424,514
35425,524
35426,524
35427,516
35428,516
35429,520
35430,514
35431,524
35432,522
35433,520
35434,522
35435,520
35436,512
35437,518
35438,518
35439,514
35440,522
35441,520
35442,516
35443,524
35444,520
35445,516
35446,522
35447,522
35448,520
35449,522
35450,524
35451,518
35452,524
35453,526
35454,518
35455,520
35456,526
35457,512
35458,526
35459,522
35460,520
35461,518
35462,520
35463,518
35464,524
35465,520
35466,516
35467,524
35468,526
35469,516
35470,522
35471,524
35472,520
35473,524
35474,518
35475,520
35476,520
35477,522
35478,514
35479,562
35480,516
35481,518
35482,518
35483,522
35484,518
35485,522
35486,518
35487,520
35488,526
35489,520
35490,516
35491,520
35492,522
35493,522
35494,526
35495,520
35496,520
35497,524
35498,520
35499,518
35500,518
35501,526
35502,512
35503,524
35504,518
35505,520
35506,522
35507,522
35508,514
35509,524
35510,518
35511,512
35512,524
35513,516
35514,518
35515,578
35516,520
35517,546
35518,518
35519,520
35520,518
35521,524
35522,516
35523,528
35524,514
35525,520
35526,524
35527,516
35528,522
35529,524
35530,520
35531,520
35532,524
35533,518
35534,518
35535,522
35536,518
35537,524
35538,518
35539,516
35540,520
35541,524
35542,516
35543,518
35544,520
35545,520
35546,520
35547,520
35548,518
35549,518
35550,518
35551,514
35552,524
35553,520
35554,518
35555,564
35556,522
35557,516
35558,518
35559,522
35560,524
35561,524
35562,520
35563,518
35564,524
35565,516
35566,520
35567,516
35568,518
35569,514
35570,526
35571,520
35572,518
35573,526
35574,518
35575,516
35576,524
35577,520
35578,518
35579,522
35580,522
35581,520
35582,524
35583,522
35584,516
35585,524
35586,524
35587,518
35588,518
35589,518
35590,514
35591,516
35592,522
35593,518
35594,526
35595,520
35596,524
35597,524
35598,520
35599,520
35600,524
35601,520
35602,514
35603,526
35604,520
35605,522
35606,524
35607,524
35608,516
35609,524
35610,520
35611,520
35612,520
35613,518
35614,518
35615,522
35616,526
35617,516
35618,522
35619,526
35620,520
35621,528
35622,520
35623,522
35624,520
35625,522
35626,514
35627,518
35628,526
35629,514
35630,522
35631,522
35632,518
35633,524
35634,520
35635,522
35636,522
35637,520
35638,516
35639,516
35640,524
35641,516
35642,526
35643,522
35644,514
35645,518
35646,518
35647,516
35648,522
35649,520
35650,516
35651,522
35652,518
35653,512
35654,518
35655,522
35656,520
35657,522
35658,526
35659,516
35660,520
35661,522
35662,516
35663,520
35664,512
35665,516
35666,520
35667,522
35668,516
35669,524
35670,522
35671,514
35672,524
35673,520
35674,514
35675,524
35676,516
35677,522
35678,524
35679,520
35680,522
35681,524
35682,520
35683,516
35684,516
35685,524
35686,520
35687,522
35688,524
35689,518
35690,522
35691,526
35692,522
35693,524
35694,522
35695,518
35696,522
35697,524
35698,516
35699,522
35700,516
35701,514
35702,520
35703,526
35704,512
35705,524
35706,526
35707,522
35708,526
35709,520
35710,516
35711,522
35712,562
35713,516
35714,524
35715,520
35716,520
35717,516
35718,526
35719,516
35720,518
35721,520
35722,518
35723,526
35724,524
35725,522
35726,524
35727,524
35728,514
35729,520
35730,518
35731,522
35732,524
35733,522
35734,524
35735,520
35736,522
35737,516
35738,520
35739,522
35740,516
35741,524
35742,526
35743,518
35744,528
35745,522
35746,520
35747,524
35748,520
35749,514
35750,520
35751,526
35752,516
35753,516
35754,520
35755,522
35756,520
35757,522
35758,520
35759,522
35760,522
35761,518
35762,520
35763,524
35764,514
35765,520
35766,524
35767,516
35768,524
35769,522
35770,518
35771,524
35772,524
35773,518
35774,520
35775,522
35776,516
35777,522
35778,520
35779,516
35780,520
35781,518
35782,520
35783,524
35784,520
35785,516
35786,518
35787,520
35788,514
35789,520
35790,518
35791,514
35792,522
35793,516
35794,514
35795,518
35796,520
35797,520
35798,522
35799,518
35800,518
35801,524
35802,516
35803,514
35804,520
35805,520
35806,518
35807,528
35808,526
35809,522
35810,524
35811,518
35812,512
35813,526
35814,522
35815,520
35816,562
35817,520
35818,524
35819,522
35820,520
35821,518
35822,520
35823,518
35824,520
35825,526
35826,524
35827,520
35828,520
35829,522
35830,520
35831,526
35832,522
35833,516
35834,520
35835,522
35836,518
35837,520
35838,518
35839,520
35840,526
35841,516
35842,520
35843,524
35844,526
35845,518
35846,524
35847,526
35848,518
35849,526
35850,520
35851,518
35852,524
35853,520
35854,514
35855,520
35856,524
35857,522
35858,518
35859,522
35860,516
35861,524
35862,524
35863,522
35864,524
35865,522
35866,516
35867,524
35868,520
35869,522
35870,524
35871,524
35872,516
35873,522
35874,522
35875,518
35876,520
35877,524
35878,518
35879,522
35880,516
35881,518
35882,522
35883,522
35884,520
35885,520
35886,518
35887,518
35888,560
35889,518
35890,522
35891,524
35892,522
35893,520
35894,518
35895,524
35896,518
35897,524
35898,524
35899,518
35900,526
35901,524
35902,514
35903,520
35904,518
35905,518
35906,518
35907,518
35908,518
35909,516
35910,518
35911,512
35912,524
35913,518
35914,520
35915,524
35916,518
35917,516
35918,524
35919,518
35920,516
35921,516
35922,520
35923,516
35924,570
35925,522
35926,518
35927,518
35928,514
35929,524
35930,522
35931,520
35932,520
35933,520
35934,516
35935,522
35936,524
35937,522
35938,518
35939,518
35940,520
35941,516
35942,516
35943,522
35944,520
35945,516
35946,520
35947,514
35948,518
35949,524
35950,516
35951,524
35952,524
35953,514
35954,522
35955,522
35956,516
35957,520
35958,528
35959,520
35960,522
35961,524
35962,516
35963,522
35964,520
35965,522
35966,522
35967,520
35968,516
35969,522
35970,524
35971,516
35972,526
35973,522
35974,514
35975,566
35976,520
35977,518
35978,524
35979,522
35980,520
35981,518
35982,520
35983,514
35984,518
35985,524
35986,518
35987,524
35988,522
35989,516
35990,522
35991,522
35992,518
35993,526
35994,522
35995,520
35996,520
35997,524
35998,520
35999,526
36000,518
36001,518
36002,522
36003,518
36004,514
36005,520
36006,518
36007,520
36008,520
36009,520
36010,518
36011,520
36012,524
36013,520
36014,520
36015,522
36016,514
36017,516
36018,518
36019,512
36020,524
36021,520
36022,520
36023,520
36024,516
36025,518
36026,520
36027,520
36028,512
36029,516
36030,524
36031,516
36032,520
36033,518
36034,514
36035,518
36036,562
36037,514
36038,518
36039,520
36040,518
36041,520
36042,524
36043,518
36044,522
36045,520
36046,514
36047,524
36048,516
36049,518
36050,524
36051,522
36052,518
36053,522
36054,522
36055,516
36056,526
36057,522
36058,516
36059,520
36060,522
36061,520
36062,524
36063,518
36064,520
36065,518
36066,520
36067,516
36068,522
36069,524
36070,514
36071,518
36072,520
36073,514
36074,520
36075,524
36076,512
36077,522
36078,522
36079,514
36080,524
36081,520
36082,516
36083,518
36084,522
36085,520
36086,522
36087,526
36088,518
36089,518
36090,522
36091,516
36092,520
36093,526
36094,518
36095,526
36096,564
36097,518
36098,526
36099,522
36100,514
36101,524
36102,524
36103,518
36104,524
36105,522
36106,518
36107,522
36108,520
36109,516
36110,520
36111,518
36112,520
36113,520
36114,524
36115,520
36116,518
36117,518
36118,516
36119,522
36120,518
36121,516
36122,518
36123,516
36124,514
36125,520
36126,522
36127,512
36128,516
36129,522
36130,518
36131,522
36132,518
36133,516
36134,518
36135,524
36136,514
36137,524
36138,516
36139,520
36140,524
36141,522
36142,514
36143,516
36144,518
36145,520
36146,524
36147,524
36148,520
36149,516
36150,516
36151,516
36152,520
36153,518
36154,514
36155,524
36156,520
36157,518
36158,522
36159,516
36160,560
36161,524
36162,522
36163,514
36164,524
36165,522
36166,514
36167,518
36168,522
36169,510
36170,520
36171,516
36172,514
36173,518
36174,520
36175,514
36176,522
36177,520
36178,520
36179,518
36180,518
36181,512
36182,524
36183,526
36184,520
36185,516
36186,518
36187,516
36188,522
36189,518
36190,520
36191,520
36192,524
36193,518
36194,516
36195,520
36196,520
36197,522
36198,520
36199,520
36200,520
36201,518
36202,516
36203,524
36204,518
36205,520
36206,524
36207,522
36208,514
36209,520
36210,526
36211,516
36212,526
36213,518
36214,514
36215,518
36216,526
36217,518
36218,526
36219,522
36220,532
36221,524
36222,524
36223,516
36224,520
36225,520
36226,514
36227,524
36228,526
36229,518
36230,518
36231,518
36232,518
36233,520
36234,520
36235,522
36236,522
36237,516
36238,520
36239,522
36240,518
36241,516
36242,518
36243,520
36244,518
36245,522
36246,526
36247,520
36248,524
36249,520
36250,512
36251,522
36252,518
36253,516
36254,520
36255,522
36256,514
36257,524
36258,520
36259,518
36260,518
36261,516
36262,522
36263,520
36264,522
36265,514
36266,518
36267,522
36268,514
36269,518
36270,522
36271,514
36272,518
36273,520
36274,516
36275,522
36276,516
36277,518
36278,516
36279,522
36280,556
36281,520
36282,522
36283,520
36284,520
36285,518
36286,516
36287,522
36288,518
36289,516
36290,522
36291,522
36292,518
36293,522
36294,518
36295,514
36296,522
36297,522
36298,518
36299,516
36300,522
36301,520
36302,520
36303,520
36304,520
36305,518
36306,520
36307,512
36308,520
36309,524
36310,518
36311,524
36312,524
36313,522
36314,520
36315,524
36316,518
36317,524
36318,520
36319,518
36320,522
36321,520
36322,524
36323,518
36324,526
36325,516
36326,522
36327,522
36328,512
36329,518
36330,524
36331,520
36332,520
36333,520
36334,566
36335,532
36336,522
36337,514
36338,526
36339,524
36340,520
36341,522
36342,520
36343,522
36344,520
36345,518
36346,518
36347,520
36348,522
36349,514
36350,524
36351,518
36352,514
36353,522
36354,516
36355,522
36356,520
36357,526
36358,514
36359,520
36360,524
36361,518
36362,520
36363,518
36364,516
36365,526
36366,516
36367,514
36368,514
36369,518
36370,516
36371,524
36372,518
36373,518
36374,520
36375,518
36376,518
36377,520
36378,520
36379,516
36380,522
36381,522
36382,518
36383,520
36384,522
36385,516
36386,524
36387,518
36388,514
36389,518
36390,522
36391,512
36392,518
36393,520
36394,514
36395,560
36396,522
36397,522
36398,516
36399,518
36400,518
36401,522
36402,520
36403,510
36404,518
36405,522
36406,514
36407,518
36408,522
36409,518
36410,522
36411,522
36412,518
36413,518
36414,522
36415,516
36416,524
36417,520
36418,512
36419,522
36420,520
36421,512
36422,516
36423,520
36424,512
36425,520
36426,520
36427,516
36428,522
36429,518
36430,520
36431,520
36432,526
36433,520
36434,526
36435,526
36436,520
36437,524
36438,522
36439,516
36440,522
36441,520
36442,512
36443,522
36444,518
36445,514
36446,524
36447,520
36448,518
36449,522
36450,520
36451,514
36452,518
36453,528
36454,514
36455,520
36456,526
36457,516
36458,520
36459,518
36460,558
36461,520
36462,524
36463,520
36464,524
36465,524
36466,520
36467,524
36468,524
36469,516
36470,520
36471,518
36472,518
36473,524
36474,526
36475,516
36476,516
36477,522
36478,520
36479,524
36480,520
36481,520
36482,518
36483,522
36484,514
36485,522
36486,522
36487,516
36488,522
36489,524
36490,514
36491,524
36492,524
36493,516
36494,520
36495,522
36496,516
36497,522
36498,520
36499,512
36500,520
36501,518
36502,516
36503,522
36504,522
36505,518
36506,516
36507,524
36508,520
36509,516
36510,518
36511,520
36512,522
36513,518
36514,518
36515,524
36516,518
36517,514
36518,524
36519,562
36520,514
36521,518
36522,516
36523,520
36524,524
36525,522
36526,514
36527,520
36528,520
36529,514
36530,518
36531,520
36532,512
36533,522
36534,522
36535,512
36536,520
36537,522
36538,520
36539,518
36540,520
36541,520
36542,518
36543,520
36544,518
36545,524
36546,522
36547,514
36548,520
36549,520
36550,514
36551,522
36552,514
36553,512
36554,518
36555,516
36556,516
36557,518
36558,524
36559,516
36560,516
36561,524
36562,516
36563,522
36564,516
36565,522
36566,524
36567,522
36568,514
36569,524
36570,522
36571,522
36572,518
36573,518
36574,516
36575,524
36576,562
36577,516
36578,518
36579,520
36580,518
36581,520
36582,524
36583,516
36584,524
36585,522
36586,522
36587,524
36588,520
36589,510
36590,516
36591,522
36592,520
36593,520
36594,524
36595,520
36596,526
36597,524
36598,518
36599,524
36600,520
36601,514
36602,518
36603,526
36604,514
36605,520
36606,520
36607,520
36608,522
36609,520
36610,516
36611,520
36612,520
36613,516
36614,520
36615,520
36616,516
36617,522
36618,520
36619,518
36620,516
36621,524
36622,516
36623,516
36624,522
36625,516
36626,520
36627,518
36628,514
36629,524
36630,520
36631,522
36632,524
36633,522
36634,556
36635,516
36636,522
36637,512
36638,524
36639,518
36640,518
36641,522
36642,520
36643,516
36644,520
36645,516
36646,518
36647,524
36648,522
36649,518
36650,522
36651,524
36652,518
36653,516
36654,520
36655,516
36656,516
36657,522
36658,518
36659,520
36660,524
36661,514
36662,516
36663,518
36664,516
36665,522
36666,526
36667,520
36668,518
36669,518
36670,518
36671,522
36672,520
36673,520
36674,520
36675,526
36676,514
36677,524
36678,524
36679,520
36680,524
36681,518
36682,516
36683,516
36684,518
36685,516
36686,522
36687,524
36688,516
36689,520
36690,520
36691,516
36692,568
36693,520
36694,520
36695,524
36696,520
36697,518
36698,522
36699,516
36700,516
36701,518
36702,518
36703,520
36704,526
36705,522
36706,520
36707,518
36708,520
36709,520
36710,518
36711,522
36712,518
36713,520
36714,520
36715,514
36716,524
36717,518
36718,518
36719,520
36720,522
36721,518
36722,522
36723,518
36724,518
36725,522
36726,524
36727,522
36728,522
36729,526
36730,518
36731,524
36732,524
36733,512
36734,518
36735,522
36736,520
36737,518
36738,524
36739,514
36740,520
36741,524
36742,522
36743,616
36744,516
36745,520
36746,514
36747,516
36748,526
36749,522
36750,518
36751,514
36752,520
36753,522
36754,516
36755,520
36756,522
36757,516
36758,522
36759,520
36760,518
36761,518
36762,524
36763,512
36764,520
36765,522
36766,514
36767,520
36768,524
36769,512
36770,524
36771,520
36772,518
36773,516
36774,522
36775,510
36776,522
36777,522
36778,514
36779,520
36780,516
36781,512
36782,516
36783,522
36784,516
36785,524
36786,524
36787,512
36788,520
36789,520
36790,520
36791,518
36792,522
36793,516
36794,518
36795,520
36796,512
36797,524
36798,534
36799,516
36800,520
36801,522
36802,516
36803,522
36804,516
36805,520
36806,518
36807,518
36808,518
36809,522
36810,524
36811,520
36812,524
36813,522
36814,516
36815,516
36816,522
36817,518
36818,522
36819,522
36820,520
36821,522
36822,524
36823,520
36824,522
36825,518
36826,516
36827,524
36828,524
36829,514
36830,524
36831,526
36832,512
36833,522
36834,524
36835,520
36836,524
36837,526
36838,518
36839,520
36840,524
36841,520
36842,520
36843,520
36844,520
36845,520
36846,524
36847,516
36848,524
36849,520
36850,516
36851,528
36852,520
36853,512
36854,524
36855,522
36856,556
36857,518
36858,528
36859,512
36860,518
36861,516
36862,518
36863,520
36864,524
36865,516
36866,524
36867,522
36868,520
36869,518
36870,520
36871,518
36872,522
36873,524
36874,514
36875,522
36876,520
36877,518
36878,518
36879,524
36880,518
36881,524
36882,520
36883,516
36884,516
36885,520
36886,514
36887,522
36888,522
36889,512
36890,518
36891,520
36892,514
36893,522
36894,518
36895,516
36896,524
36897,522
36898,518
36899,522
36900,518
36901,518
36902,520
36903,518
36904,518
36905,522
36906,520
36907,516
36908,522
36909,520
36910,516
36911,562
36912,520
36913,520
36914,520
36915,516
36916,518
36917,520
36918,516
36919,516
36920,520
36921,518
36922,514
36923,518
36924,520
36925,514
36926,520
36927,520
36928,520
36929,522
36930,518
36931,512
36932,520
36933,524
36934,516
36935,524
36936,518
36937,518
36938,526
36939,522
36940,520
36941,524
36942,520
36943,516
36944,524
36945,524
36946,514
36947,524
36948,520
36949,516
36950,524
36951,520
36952,520
36953,518
36954,524
36955,518
36956,520
36957,522
36958,514
36959,522
36960,516
36961,520
36962,522
36963,524
36964,518
36965,520
36966,524
36967,520
36968,526
36969,518
36970,518
36971,522
36972,522
36973,514
36974,522
36975,518
36976,514
36977,520
36978,522
36979,520
36980,566
36981,518
36982,518
36983,522
36984,524
36985,522
36986,520
36987,524
36988,514
36989,524
36990,520
36991,516
36992,526
36993,524
36994,520
36995,522
36996,522
36997,512
36998,522
36999,526
37000,518
37001,522
37002,522
37003,520
37004,522
37005,524
37006,520
37007,518
37008,520
37009,518
37010,520
37011,520
37012,514
37013,522
37014,524
37015,518
37016,518
37017,522
37018,516
37019,520
37020,520
37021,514
37022,518
37023,520
37024,512
37025,516
37026,522
37027,520
37028,522
37029,516
37030,514
37031,522
37032,518
37033,516
37034,522
37035,524
37036,518
37037,520
37038,516
37039,514
37040,520
37041,520
37042,516
37043,524
37044,522
37045,514
37046,514
37047,516
37048,522
37049,520
37050,522
37051,516
37052,522
37053,524
37054,518
37055,524
37056,518
37057,516
37058,524
37059,524
37060,512
37061,520
37062,518
37063,518
37064,516
37065,524
37066,512
37067,524
37068,520
37069,518
37070,518
37071,520
37072,522
37073,524
37074,522
37075,516
37076,518
37077,524
37078,516
37079,520
37080,522
37081,520
37082,518
37083,520
37084,520
37085,522
37086,522
37087,520
37088,520
37089,526
37090,514
37091,518
37092,526
37093,514
37094,518
37095,526
37096,516
37097,522
37098,520
37099,516
37100,526
37101,518
37102,520
37103,518
37104,522
37105,520
37106,520
37107,526
37108,516
37109,518
37110,520
37111,520
37112,564
37113,526
37114,520
37115,522
37116,518
37117,518
37118,522
37119,520
37120,520
37121,514
37122,518
37123,512
37124,520
37125,522
37126,520
37127,520
37128,516
37129,520
37130,522
37131,518
37132,518
37133,522
37134,518
37135,518
37136,520
37137,520
37138,512
37139,524
37140,522
37141,516
37142,524
37143,518
37144,518
37145,520
37146,518
37147,516
37148,516
37149,522
37150,520
37151,522
37152,518
37153,562
37154,524
37155,522
37156,520
37157,514
37158,524
37159,520
37160,522
37161,516
37162,514
37163,520
37164,518
37165,516
37166,520
37167,518
37168,516
37169,526
37170,530
37171,516
37172,518
37173,522
37174,520
37175,524
37176,526
37177,516
37178,524
37179,526
37180,514
37181,518
37182,522
37183,518
37184,520
37185,524
37186,518
37187,520
37188,524
37189,516
37190,522
37191,528
37192,516
37193,524
37194,526
37195,514
37196,520
37197,524
37198,516
37199,522
37200,524
37201,514
37202,526
37203,526
37204,518
37205,522
37206,516
37207,514
37208,518
37209,522
37210,520
37211,528
37212,524
37213,516
37214,520
37215,520
37216,520
37217,522
37218,520
37219,518
37220,520
37221,520
37222,514
37223,518
37224,518
37225,512
37226,520
37227,518
37228,518
37229,520
37230,520
37231,516
37232,520
37233,524
37234,514
37235,524
37236,522
37237,518
37238,522
37239,524
37240,512
37241,522
37242,516
37243,514
37244,554
37245,520
37246,520
37247,524
37248,522
37249,512
37250,516
37251,524
37252,516
37253,524
37254,524
37255,514
37256,520
37257,522
37258,514
37259,524
37260,524
37261,516
37262,522
37263,518
37264,516
37265,516
37266,518
37267,516
37268,520
37269,520
37270,520
37271,520
37272,522
37273,512
37274,522
37275,522
37276,512
37277,518
37278,518
37279,516
37280,524
37281,518
37282,516
37283,524
37284,520
37285,518
37286,516
37287,524
37288,516
37289,522
37290,522
37291,516
37292,520
37293,524
37294,512
37295,518
37296,520
37297,522
37298,522
37299,522
37300,516
37301,522
37302,520
37303,514
37304,520
37305,524
37306,518
37307,518
37308,522
37309,516
37310,524
37311,518
37312,518
37313,518
37314,526
37315,520
37316,522
37317,524
37318,522
37319,522
37320,518
37321,522
37322,526
37323,524
37324,518
37325,520
37326,520
37327,520
37328,522
37329,524
37330,516
37331,522
37332,524
37333,518
37334,524
37335,522
37336,522
37337,524
37338,522
37339,516
37340,520
37341,518
37342,516
37343,528
37344,518
37345,522
37346,518
37347,522
37348,518
37349,524
37350,522
37351,520
37352,526
37353,518
37354,514
37355,520
37356,520
37357,516
37358,526
37359,524
37360,512
37361,524
37362,524
37363,516
37364,516
37365,520
37366,514
37367,524
37368,564
37369,516
37370,522
37371,522
37372,518
37373,520
37374,520
37375,512
37376,524
37377,522
37378,520
37379,516
37380,522
37381,520
37382,522
37383,522
37384,518
37385,518
37386,516
37387,516
37388,520
37389,520
37390,518
37391,520
37392,518
37393,516
37394,518
37395,516
37396,520
37397,516
37398,520
37399,518
37400,520
37401,516
37402,516
37403,516
37404,520
37405,518
37406,520
37407,520
37408,516
37409,524
37410,520
37411,520
37412,518
37413,524
37414,520
37415,524
37416,520
37417,516
37418,518
37419,522
37420,516
37421,522
37422,522
37423,520
37424,524
37425,520
37426,518
37427,522
37428,518
37429,552
37430,518
37431,520
37432,516
37433,520
37434,522
37435,514
37436,520
37437,520
37438,518
37439,520
37440,522
37441,520
37442,520
37443,520
37444,518
37445,524
37446,520
37447,514
37448,520
37449,522
37450,520
37451,524
37452,526
37453,516
37454,526
37455,522
37456,514
37457,520
37458,526
37459,514
37460,518
37461,526
37462,520
37463,518
37464,520
37465,518
37466,522
37467,526
37468,518
37469,520
37470,522
37471,522
37472,524
37473,520
37474,514
37475,526
37476,526
37477,518
37478,522
37479,524
37480,518
37481,524
37482,522
37483,514
37484,520
37485,520
37486,518
37487,518
37488,522
37489,520
37490,532
37491,520
37492,520
37493,526
37494,520
37495,518
37496,518
37497,524
37498,518
37499,522
37500,522
37501,510
37502,520
37503,518
37504,516
37505,520
37506,522
37507,520
37508,524
37509,520
37510,514
37511,520
37512,522
37513,516
37514,520
37515,524
37516,520
37517,520
37518,522
37519,514
37520,522
37521,518
37522,516
37523,522
37524,518
37525,518
37526,516
37527,520
37528,516
37529,516
37530,518
37531,520
37532,520
37533,520
37534,520
37535,526
37536,522
37537,522
37538,522
37539,518
37540,518
37541,520
37542,516
37543,520
37544,526
37545,520
37546,518
37547,522
37548,518
37549,518
37550,518
37551,518
37552,518
37553,524
37554,524
37555,520
37556,524
37557,518
37558,516
37559,518
37560,522
37561,518
37562,524
37563,570
37564,520
37565,522
37566,516
37567,524
37568,526
37569,520
37570,524
37571,520
37572,516
37573,522
37574,526
37575,520
37576,526
37577,520
37578,516
37579,524
37580,528
37581,520
37582,522
37583,516
37584,520
37585,520
37586,524
37587,516
37588,522
37589,524
37590,520
37591,524
37592,524
37593,512
37594,522
37595,524
37596,514
37597,522
37598,524
37599,516
37600,524
37601,516
37602,520
37603,518
37604,522
37605,520
37606,520
37607,524
37608,514
37609,522
37610,522
37611,514
37612,522
37613,520
37614,514
37615,522
37616,524
37617,520
37618,522
37619,518
37620,512
37621,522
37622,522
37623,514
37624,522
37625,518
37626,516
37627,522
37628,518
37629,526
37630,522
37631,520
37632,516
37633,520
37634,520
37635,512
37636,518
37637,520
37638,514
37639,522
37640,522
37641,514
37642,524
37643,524
37644,520
37645,520
37646,524
37647,516
37648,522
37649,524
37650,518
37651,520
37652,520
37653,520
37654,518
37655,518
37656,516
37657,524
37658,522
37659,514
37660,520
37661,520
37662,516
37663,522
37664,520
37665,516
37666,524
37667,520
37668,520
37669,522
37670,522
37671,514
37672,522
37673,518
37674,514
37675,524
37676,518
37677,518
37678,526
37679,518
37680,520
37681,518
37682,520
37683,522
37684,524
37685,526
37686,520
37687,522
37688,518
37689,516
37690,520
37691,522
37692,516
37693,538
37694,524
37695,514
37696,522
37697,518
37698,518
37699,524
37700,524
37701,518
37702,520
37703,526
37704,518
37705,520
37706,518
37707,522
37708,520
37709,526
37710,520
37711,520
37712,522
37713,522
37714,518
37715,526
37716,516
37717,526
37718,526
37719,518
37720,522
37721,516
37722,516
37723,524
37724,520
37725,512
37726,516
37727,522
37728,512
37729,520
37730,518
37731,512
37732,516
37733,518
37734,518
37735,522
37736,518
37737,522
37738,524
37739,516
37740,514
37741,520
37742,524
37743,516
37744,524
37745,522
37746,516
37747,520
37748,520
37749,514
37750,522
37751,516
37752,520
37753,526
37754,524
37755,520
37756,520
37757,522
37758,514
37759,520
37760,522
37761,514
37762,514
37763,522
37764,514
37765,520
37766,518
37767,514
37768,522
37769,522
37770,518
37771,520
37772,524
37773,516
37774,518
37775,526
37776,518
37777,520
37778,522
37779,516
37780,522
37781,520
37782,518
37783,518
37784,528
37785,518
37786,524
37787,522
37788,522
37789,522
37790,524
37791,518
37792,518
37793,526
37794,516
37795,520
37796,524
37797,516
37798,522
37799,520
37800,522
37801,522
37802,520
37803,514
37804,524
37805,522
37806,520
37807,520
37808,516
37809,518
37810,516
37811,520
37812,520
37813,522
37814,522
37815,518
37816,522
37817,526
37818,522
37819,562
37820,520
37821,516
37822,524
37823,518
37824,512
37825,524
37826,520
37827,514
37828,518
37829,520
37830,516
37831,522
37832,524
37833,522
37834,516
37835,520
37836,518
37837,522
37838,516
37839,516
37840,516
37841,524
37842,516
37843,520
37844,522
37845,516
37846,524
37847,518
37848,514
37849,524
37850,520
37851,518
37852,526
37853,522
37854,516
37855,520
37856,522
37857,516
37858,522
37859,524
37860,516
37861,522
37862,520
37863,518
37864,518
37865,522
37866,516
37867,524
37868,522
37869,516
37870,518
37871,518
37872,514
37873,524
37874,522
37875,516
37876,522
37877,520
37878,518
37879,522
37880,520
37881,518
37882,514
37883,564
37884,518
37885,524
37886,522
37887,516
37888,520
37889,522
37890,518
37891,522
37892,520
37893,514
37894,522
37895,516
37896,516
37897,526
37898,518
37899,518
37900,520
37901,524
37902,512
37903,518
37904,526
37905,520
37906,520
37907,526
37908,520
37909,518
37910,518
37911,516
37912,516
37913,526
37914,512
37915,526
37916,522
37917,516
37918,516
37919,520
37920,514
37921,524
37922,522
37923,518
37924,524
37925,518
37926,516
37927,516
37928,520
37929,518
37930,520
37931,522
37932,518
37933,36494
37934,554
37935,526
37936,520
37937,520
37938,520
37939,518
37940,524
37941,516
37942,526
37943,518
37944,520
37945,518
37946,524
37947,522
37948,522
37949,520
37950,526
37951,516
37952,520
37953,522
37954,522
37955,520
37956,524
37957,522
37958,516
37959,518
37960,524
37961,516
37962,524
37963,522
37964,510
37965,524
37966,524
37967,520
37968,522
37969,522
37970,520
37971,524
37972,600
37973,526
37974,534
37975,518
37976,524
37977,514
37978,516
37979,520
37980,520
37981,516
37982,516
37983,520
37984,522
37985,520
37986,516
37987,518
37988,522
37989,520
37990,526
37991,524
37992,520
37993,518
37994,524
37995,512
37996,520
37997,522
37998,516
37999,522
38000,524
38001,514
38002,518
38003,526
38004,512
38005,522
38006,522
38007,516
38008,522
38009,522
38010,516
38011,522
38012,524
38013,520
38014,522
38015,524
38016,520
38017,518
38018,520
38019,514
38020,520
38021,520
38022,514
38023,524
38024,518
38025,516
38026,518
38027,516
38028,516
38029,522
38030,522
38031,516
38032,524
38033,516
38034,518
38035,524
38036,524
38037,510
38038,518
38039,522
38040,514
38041,518
38042,524
38043,518
38044,518
38045,520
38046,516
38047,522
38048,520
38049,516
38050,518
38051,520
38052,512
38053,522
38054,518
38055,516
38056,518
38057,520
38058,516
38059,520
38060,516
38061,510
38062,516
38063,516
38064,520
38065,522
38066,518
38067,512
38068,522
38069,516
38070,514
38071,520
38072,520
38073,514
38074,520
38075,522
38076,520
38077,518
38078,516
38079,522
38080,522
38081,516
38082,514
38083,518
38084,522
38085,518
38086,522
38087,520
38088,516
38089,522
38090,516
38091,518
38092,524
38093,522
38094,554
38095,518
38096,522
38097,516
38098,524
38099,520
38100,520
38101,518
38102,520
38103,520
38104,522
38105,520
38106,520
38107,522
38108,520
38109,524
38110,518
38111,524
38112,520
38113,524
38114,520
38115,518
38116,520
38117,522
38118,520
38119,522
38120,522
38121,520
38122,520
38123,522
38124,516
38125,524
38126,522
38127,518
38128,522
38129,522
38130,520
38131,522
38132,524
38133,518
38134,516
38135,520
38136,518
38137,522
38138,520
38139,514
38140,520
38141,522
38142,520
38143,520
38144,518
38145,512
38146,526
38147,518
38148,516
38149,522
38150,516
38151,520
38152,520
38153,522
38154,520
38155,516
38156,520
38157,516
38158,522
38159,520
38160,518
38161,536
38162,526
38163,512
38164,518
38165,518
38166,518
38167,516
38168,520
38169,516
38170,524
38171,518
38172,520
38173,520
38174,516
38175,514
38176,516
38177,520
38178,516
38179,522
38180,516
38181,512
38182,522
38183,522
38184,516
38185,522
38186,520
38187,510
38188,522
38189,520
38190,518
38191,524
38192,520
38193,516
38194,526
38195,516
38196,518
38197,518
38198,518
38199,510
38200,520
38201,518
38202,516
38203,522
38204,518
38205,514
38206,522
38207,522
38208,520
38209,522
38210,522
38211,516
38212,520
38213,520
38214,512
38215,522
38216,524
38217,516
38218,520
38219,516
38220,514
38221,524
38222,518
38223,514
38224,520
38225,538
38226,518
38227,524
38228,522
38229,518
38230,524
38231,522
38232,518
38233,516
38234,518
38235,518
38236,524
38237,518
38238,520
38239,520
38240,522
38241,518
38242,520
38243,524
38244,522
38245,522
38246,520
38247,522
38248,518
38249,520
38250,516
38251,516
38252,522
38253,520
38254,520
38255,522
38256,514
38257,524
38258,526
38259,518
38260,524
38261,518
38262,520
38263,522
38264,524
38265,520
38266,522
38267,524
38268,518
38269,520
38270,520
38271,516
38272,516
38273,524
38274,514
38275,526
38276,524
38277,512
38278,522
38279,516
38280,520
38281,522
38282,524
38283,512
38284,524
38285,520
38286,522
38287,522
38288,520
38289,564
38290,522
38291,520
38292,510
38293,522
38294,520
38295,520
38296,524
38297,520
38298,516
38299,518
38300,518
38301,514
38302,518
38303,518
38304,516
38305,516
38306,520
38307,514
38308,520
38309,522
38310,516
38311,520
38312,518
38313,518
38314,516
38315,522
38316,516
38317,524
38318,520
38319,512
38320,520
38321,516
38322,518
38323,522
38324,522
38325,514
38326,520
38327,526
38328,512
38329,514
38330,526
38331,512
38332,520
38333,524
38334,512
38335,516
38336,524
38337,514
38338,522
38339,520
38340,518
38341,516
38342,524
38343,516
38344,518
38345,516
38346,514
38347,520
38348,516
38349,518
38350,524
38351,518
38352,518
38353,576
38354,518
38355,516
38356,520
38357,520
38358,518
38359,520
38360,518
38361,522
38362,524
38363,520
38364,520
38365,520
38366,524
38367,518
38368,524
38369,520
38370,520
38371,516
38372,516
38373,520
38374,518
38375,518
38376,520
38377,526
38378,524
38379,516
38380,518
38381,518
38382,564
38383,532
38384,520
38385,516
38386,524
38387,522
38388,514
38389,512
38390,522
38391,522
38392,518
38393,524
38394,522
38395,520
38396,516
38397,520
38398,516
38399,518
38400,524
38401,516
38402,518
38403,522
38404,514
38405,516
38406,520
38407,518
38408,520
38409,522
38410,512
38411,516
38412,522
38413,514
38414,520
38415,520
38416,518
38417,520
38418,516
38419,520
38420,522
38421,522
38422,514
38423,520
38424,522
38425,518
38426,520
38427,518
38428,514
38429,524
38430,526
38431,514
38432,520
38433,520
38434,510
38435,518
38436,522
38437,516
38438,516
38439,520
38440,512
38441,522
38442,520
38443,512
38444,518
38445,524
38446,516
38447,524
38448,526
38449,558
38450,526
38451,516
38452,518
38453,518
38454,522
38455,520
38456,522
38457,522
38458,522
38459,522
38460,520
38461,516
38462,522
38463,524
38464,514
38465,520
38466,524
38467,520
38468,522
38469,518
38470,516
38471,518
38472,526
38473,518
38474,522
38475,522
38476,520
38477,522
38478,520
38479,516
38480,522
38481,518
38482,516
38483,518
38484,520
38485,520
38486,516
38487,522
38488,518
38489,526
38490,520
38491,520
38492,524
38493,522
38494,518
38495,518
38496,524
38497,512
38498,524
38499,518
38500,518
38501,520
38502,518
38503,520
38504,514
38505,524
38506,518
38507,520
38508,522
38509,520
38510,524
38511,524
38512,552
38513,518
38514,522
38515,518
38516,524
38517,522
38518,518
38519,518
38520,522
38521,514
38522,518
38523,518
38524,518
38525,518
38526,520
38527,514
38528,524
38529,524
38530,512
38531,520
38532,522
38533,518
38534,516
38535,520
38536,516
38537,522
38538,522
38539,516
38540,516
38541,518
38542,520
38543,524
38544,518
38545,516
38546,522
38547,522
38548,520
38549,520
38550,520
38551,516
38552,524
38553,524
38554,516
38555,522
38556,518
38557,516
38558,520
38559,524
38560,514
38561,524
38562,518
38563,516
38564,520
38565,518
38566,514
38567,522
38568,522
38569,520
38570,518
38571,524
38572,514
38573,560
38574,524
38575,518
38576,518
38577,522
38578,518
38579,526
38580,522
38581,514
38582,522
38583,524
38584,520
38585,520
38586,522
38587,520
38588,524
38589,524
38590,514
38591,520
38592,518
38593,522
38594,526
38595,518
38596,520
38597,522
38598,524
38599,518
38600,518
38601,524
38602,518
38603,524
38604,518
38605,520
38606,520
38607,518
38608,514
38609,520
38610,516
38611,520
38612,522
38613,524
38614,518
38615,522
38616,520
38617,522
38618,524
38619,520
38620,522
38621,518
38622,526
38623,520
38624,518
38625,526
38626,516
38627,522
38628,520
38629,522
38630,524
38631,524
38632,516
38633,520
38634,518
38635,516
38636,520
38637,522
38638,512
38639,524
38640,520
38641,520
38642,524
38643,516
38644,516
38645,526
38646,518
38647,518
38648,520
38649,520
38650,514
38651,518
38652,522
38653,514
38654,522
38655,516
38656,514
38657,524
38658,524
38659,514
38660,520
38661,520
38662,518
38663,522
38664,518
38665,516
38666,520
38667,518
38668,518
38669,518
38670,522
38671,516
38672,520
38673,516
38674,516
38675,516
38676,522
38677,518
38678,522
38679,522
38680,518
38681,522
38682,520
38683,516
38684,518
38685,522
38686,518
38687,518
38688,520
38689,518
38690,516
38691,520
38692,516
38693,520
38694,524
38695,516
38696,522
38697,522
38698,516
38699,516
38700,518
38701,516
38702,518
38703,520
38704,516
38705,520
38706,522
38707,518
38708,518
38709,520
38710,514
38711,518
38712,518
38713,520
38714,522
38715,524
38716,510
38717,520
38718,526
38719,516
38720,524
38721,518
38722,512
38723,516
38724,556
38725,518
38726,520
38727,520
38728,520
38729,518
38730,524
38731,514
38732,524
38733,522
38734,514
38735,522
38736,520
38737,520
38738,526
38739,526
38740,516
38741,520
38742,524
38743,520
38744,522
38745,522
38746,518
38747,516
38748,524
38749,516
38750,524
38751,524
38752,522
38753,522
38754,522
38755,514
38756,520
38757,520
38758,514
38759,522
38760,526
38761,520
38762,518
38763,522
38764,518
38765,520
38766,520
38767,512
38768,520
38769,522
38770,512
38771,522
38772,522
38773,516
38774,522
38775,520
38776,518
38777,524
38778,518
38779,518
38780,522
38781,522
38782,516
38783,518
38784,516
38785,512
38786,522
38787,522
38788,520
38789,562
38790,520
38791,566
38792,520
38793,524
38794,532
38795,520
38796,516
38797,516
38798,524
38799,514
38800,520
38801,514
38802,514
38803,522
38804,518
38805,516
38806,516
38807,520
38808,516
38809,518
38810,522
38811,516
38812,518
38813,524
38814,514
38815,522
38816,522
38817,512
38818,518
38819,518
38820,518
38821,522
38822,522
38823,512
38824,520
38825,518
38826,514
38827,522
38828,522
38829,520
38830,524
38831,524
38832,516
38833,518
38834,516
38835,516
38836,518
38837,522
38838,558
38839,524
38840,520
38841,516
38842,524
38843,524
38844,516
38845,522
38846,520
38847,518
38848,522
38849,518
38850,514
38851,520
38852,518
38853,514
38854,522
38855,522
38856,520
38857,524
38858,520
38859,522
38860,524
38861,526
38862,512
38863,522
38864,518
38865,522
38866,520
38867,520
38868,522
38869,526
38870,524
38871,516
38872,524
38873,520
38874,518
38875,520
38876,524
38877,520
38878,520
38879,522
38880,520
38881,518
38882,518
38883,518
38884,520
38885,524
38886,512
38887,522
38888,518
38889,516
38890,520
38891,518
38892,514
38893,522
38894,520
38895,518
38896,522
38897,522
38898,522
38899,518
38900,520
38901,514
38902,522
38903,520
38904,516
38905,522
38906,520
38907,558
38908,516
38909,524
38910,514
38911,518
38912,520
38913,518
38914,522
38915,518
38916,516
38917,516
38918,516
38919,518
38920,516
38921,522
38922,518
38923,520
38924,520
38925,514
38926,522
38927,520
38928,514
38929,516
38930,518
38931,516
38932,520
38933,522
38934,514
38935,522
38936,516
38937,514
38938,522
38939,520
38940,516
38941,520
38942,518
38943,518
38944,518
38945,520
38946,514
38947,516
38948,522
38949,516
38950,518
38951,518
38952,520
38953,516
38954,514
38955,512
38956,522
38957,522
38958,516
38959,520
38960,522
38961,520
38962,520
38963,518
38964,518
38965,524
38966,520
38967,516
38968,520
38969,526
38970,516
38971,522
38972,524
38973,520
38974,526
38975,524
38976,520
38977,580
38978,516
38979,516
38980,520
38981,520
38982,518
38983,524
38984,520
38985,518
38986,526
38987,524
38988,514
38989,522
38990,524
38991,518
38992,520
38993,524
38994,514
38995,526
38996,524
38997,520
38998,526
38999,526
39000,516
39001,518
39002,522
39003,518
39004,520
39005,526
39006,514
39007,520
39008,524
39009,516
39010,524
39011,524
39012,512
39013,516
39014,516
39015,512
39016,520
39017,516
39018,516
39019,524
39020,518
39021,514
39022,522
39023,518
39024,514
39025,522
39026,518
39027,518
39028,516
39029,522
39030,518
39031,520
39032,520
39033,518
39034,520
39035,522
39036,516
39037,516
39038,516
39039,516
39040,520
39041,522
39042,518
39043,520
39044,522
39045,516
39046,560
39047,522
39048,512
39049,522
39050,518
39051,512
39052,516
39053,522
39054,514
39055,516
39056,520
39057,514
39058,524
39059,524
39060,520
39061,516
39062,522
39063,516
39064,526
39065,518
39066,518
39067,518
39068,520
39069,516
39070,520
39071,520
39072,516
39073,516
39074,522
39075,520
39076,516
39077,516
39078,516
39079,522
39080,522
39081,516
39082,522
39083,518
39084,518
39085,524
39086,524
39087,518
39088,518
39089,522
39090,514
39091,518
39092,524
39093,520
39094,520
39095,522
39096,514
39097,520
39098,524
39099,512
39100,520
39101,520
39102,518
39103,524
39104,526
39105,518
39106,564
39107,520
39108,512
39109,522
39110,522
39111,516
39112,524
39113,524
39114,516
39115,524
39116,522
39117,518
39118,516
39119,528
39120,518
39121,520
39122,520
39123,516
39124,522
39125,526
39126,518
39127,522
39128,524
39129,516
39130,524
39131,520
39132,516
39133,514
39134,520
39135,518
39136,522
39137,520
39138,520
39139,526
39140,524
39141,516
39142,526
39143,526
39144,518
39145,516
39146,520
39147,514
39148,522
39149,522
39150,518
39151,524
39152,520
39153,520
39154,522
39155,516
39156,520
39157,516
39158,516
39159,516
39160,518
39161,516
39162,512
39163,520
39164,522
39165,554
39166,522
39167,520
39168,518
39169,516
39170,516
39171,520
39172,514
39173,520
39174,514
39175,520
39176,520
39177,520
39178,524
39179,522
39180,512
39181,520
39182,522
39183,518
39184,522
39185,520
39186,518
39187,518
39188,522
39189,518
39190,524
39191,522
39192,516
39193,524
39194,516
39195,514
39196,514
39197,520
39198,518
39199,520
39200,522
39201,564
39202,530
39203,520
39204,518
39205,520
39206,522
39207,518
39208,526
39209,526
39210,520
39211,524
39212,522
39213,520
39214,522
39215,524
39216,520
39217,524
39218,520
39219,520
39220,518
39221,524
39222,516
39223,520
39224,522
39225,522
39226,518
39227,522
39228,518
39229,526
39230,520
39231,516
39232,520
39233,518
39234,520
39235,520
39236,522
39237,520
39238,518
39239,524
39240,518
39241,520
39242,520
39243,520
39244,526
39245,514
39246,518
39247,522
39248,518
39249,516
39250,518
39251,524
39252,518
39253,524
39254,522
39255,576
39256,524
39257,526
39258,520
39259,524
39260,522
39261,516
39262,522
39263,524
39264,516
39265,518
39266,520
39267,516
39268,520
39269,522
39270,512
39271,524
39272,518
39273,518
39274,518
39275,518
39276,520
39277,518
39278,520
39279,518
39280,522
39281,520
39282,518
39283,518
39284,522
39285,514
39286,522
39287,516
39288,514
39289,520
39290,522
39291,516
39292,518
39293,522
39294,516
39295,520
39296,522
39297,512
39298,522
39299,522
39300,518
39301,518
39302,516
39303,516
39304,516
39305,520
39306,518
39307,522
39308,518
39309,516
39310,520
39311,520
39312,520
39313,520
39314,516
39315,516
39316,516
39317,524
39318,520
39319,514
39320,524
39321,516
39322,522
39323,520
39324,520
39325,520
39326,520
39327,516
39328,526
39329,522
39330,512
39331,520
39332,518
39333,516
39334,524
39335,518
39336,516
39337,526
39338,522
39339,518
39340,518
39341,520
39342,516
39343,524
39344,520
39345,516
39346,518
39347,518
39348,518
39349,522
39350,524
39351,518
39352,522
39353,522
39354,518
39355,518
39356,566
39357,516
39358,526
39359,526
39360,518
39361,522
39362,520
39363,518
39364,522
39365,528
39366,522
39367,520
39368,520
39369,518
39370,522
39371,520
39372,516
39373,520
39374,518
39375,522
39376,524
39377,520
39378,516
39379,526
39380,520
39381,514
39382,524
39383,520
39384,520
39385,518
39386,522
39387,516
39388,516
39389,522
39390,520
39391,522
39392,522
39393,514
39394,524
39395,524
39396,516
39397,520
39398,522
39399,518
39400,526
39401,524
39402,518
39403,516
39404,520
39405,518
39406,520
39407,516
39408,516
39409,524
39410,522
39411,512
39412,522
39413,518
39414,556
39415,520
39416,520
39417,514
39418,522
39419,520
39420,514
39421,524
39422,522
39423,514
39424,522
39425,518
39426,518
39427,522
39428,520
39429,512
39430,518
39431,520
39432,514
39433,518
39434,522
39435,518
39436,516
39437,516
39438,518
39439,522
39440,518
39441,516
39442,522
39443,516
39444,518
39445,516
39446,522
39447,514
39448,520
39449,522
39450,516
39451,526
39452,524
39453,516
39454,524
39455,526
39456,518
39457,526
39458,524
39459,514
39460,524
39461,518
39462,518
39463,524
39464,522
39465,516
39466,522
39467,522
39468,518
39469,522
39470,520
39471,522
39472,562
39473,522
39474,520
39475,520
39476,518
39477,516
39478,522
39479,518
39480,520
39481,526
39482,520
39483,524
39484,524
39485,526
39486,520
39487,522
39488,520
39489,522
39490,520
39491,524
39492,518
39493,522
39494,524
39495,514
39496,520
39497,526
39498,518
39499,522
39500,520
39501,520
39502,522
39503,524
39504,516
39505,524
39506,522
39507,520
39508,518
39509,520
39510,522
39511,522
39512,520
39513,514
39514,518
39515,522
39516,514
39517,516
39518,518
39519,518
39520,514
39521,522
39522,518
39523,520
39524,520
39525,514
39526,522
39527,514
39528,520
39529,516
39530,518
39531,518
39532,564
39533,524
39534,514
39535,520
39536,516
39537,518
39538,520
39539,518
39540,518
39541,524
39542,518
39543,518
39544,522
39545,516
39546,518
39547,522
39548,518
39549,516
39550,520
39551,520
39552,516
39553,522
39554,520
39555,518
39556,524
39557,516
39558,516
39559,520
39560,524
39561,514
39562,522
39563,522
39564,522
39565,522
39566,522
39567,516
39568,518
39569,520
39570,522
39571,522
39572,524
39573,514
39574,526
39575,518
39576,522
39577,518
39578,524
39579,516
39580,524
39581,520
39582,520
39583,522
39584,520
39585,520
39586,524
39587,522
39588,518
39589,520
39590,562
39591,514
39592,524
39593,526
39594,518
39595,524
39596,526
39597,522
39598,524
39599,524
39600,514
39601,526
39602,518
39603,520
39604,524
39605,522
39606,516
39607,524
39608,518
39609,520
39610,562
39611,518
39612,522
39613,516
39614,516
39615,516
39616,524
39617,514
39618,522
39619,526
39620,518
39621,516
39622,524
39623,520
39624,518
39625,524
39626,518
39627,524
39628,524
39629,520
39630,534
39631,524
39632,518
39633,524
39634,520
39635,520
39636,524
39637,532
39638,518
39639,566
39640,520
39641,520
39642,516
39643,520
39644,514
39645,524
39646,520
39647,518
39648,522
39649,520
39650,520
39651,524
39652,524
39653,514
39654,524
39655,518
39656,518
39657,518
39658,516
39659,516
39660,524
39661,518
39662,514
39663,518
39664,522
39665,518
39666,522
39667,524
39668,518
39669,520
39670,520
39671,518
39672,522
39673,518
39674,520
39675,518
39676,520
39677,516
39678,524
39679,520
39680,520
39681,524
39682,522
39683,520
39684,518
39685,526
39686,518
39687,520
39688,524
39689,516
39690,526
39691,524
39692,520
39693,522
39694,522
39695,564
39696,520
39697,520
39698,518
39699,526
39700,520
39701,516
39702,522
39703,524
39704,514
39705,520
39706,524
39707,518
39708,520
39709,520
39710,518
39711,520
39712,522
39713,520
39714,518
39715,524
39716,518
39717,520
39718,522
39719,520
39720,524
39721,528
39722,516
39723,522
39724,518
39725,514
39726,520
39727,526
39728,520
39729,524
39730,518
39731,520
39732,526
39733,524
39734,518
39735,526
39736,526
39737,516
39738,520
39739,518
39740,518
39741,524
39742,526
39743,520
39744,520
39745,526
39746,520
39747,522
39748,524
39749,560
39750,524
39751,520
39752,516
39753,524
39754,524
39755,520
39756,522
39757,524
39758,522
39759,522
39760,520
39761,520
39762,524
39763,526
39764,520
39765,522
39766,526
39767,518
39768,518
39769,524
39770,514
39771,524
39772,522
39773,512
39774,520
39775,516
39776,520
39777,524
39778,518
39779,512
39780,518
39781,520
39782,514
39783,516
39784,524
39785,520
39786,522
39787,522
39788,518
39789,518
39790,524
39791,516
39792,520
39793,522
39794,520
39795,518
39796,520
39797,514
39798,520
39799,518
39800,516
39801,520
39802,524
39803,562
39804,524
39805,524
39806,514
39807,524
39808,522
39809,520
39810,522
39811,524
39812,518
39813,522
39814,518
39815,520
39816,524
39817,524
39818,514
39819,520
39820,520
39821,518
39822,520
39823,518
39824,520
39825,524
39826,520
39827,522
39828,524
39829,522
39830,520
39831,524
39832,524
39833,518
39834,520
39835,522
39836,520
39837,524
39838,522
39839,520
39840,524
39841,522
39842,518
39843,522
39844,526
39845,516
39846,524
39847,520
39848,518
39849,526
39850,524
39851,522
39852,522
39853,526
39854,522
39855,518
39856,526
39857,560
39858,520
39859,526
39860,524
39861,526
39862,516
39863,514
39864,518
39865,524
39866,514
39867,520
39868,520
39869,514
39870,524
39871,524
39872,522
39873,524
39874,522
39875,518
39876,526
39877,518
39878,524
39879,526
39880,524
39881,516
39882,524
39883,520
39884,516
39885,520
39886,516
39887,516
39888,522
39889,522
39890,516
39891,516
39892,518
39893,518
39894,524
39895,522
39896,522
39897,524
39898,518
39899,514
39900,524
39901,520
39902,522
39903,520
39904,522
39905,516
39906,520
39907,520
39908,520
39909,522
39910,516
39911,518
39912,522
39913,524
39914,510
39915,520
39916,522
39917,520
39918,520
39919,520
39920,516
39921,516
39922,524
39923,520
39924,524
39925,526
39926,520
39927,522
39928,522
39929,518
39930,518
39931,522
39932,516
39933,524
39934,520
39935,516
39936,524
39937,522
39938,520
39939,520
39940,520
39941,516
39942,518
39943,522
39944,520
39945,520
39946,518
39947,520
39948,520
39949,520
39950,516
39951,522
39952,524
39953,514
39954,518
39955,520
39956,514
39957,520
39958,522
39959,520
39960,520
39961,524
39962,558
39963,518
39964,524
39965,522
39966,522
39967,520
39968,518
39969,526
39970,520
39971,516
39972,524
39973,526
39974,522
39975,518
39976,522
39977,520
39978,528
39979,524
39980,518
39981,526
39982,526
39983,516
39984,526
39985,528
39986,520
39987,522
39988,522
39989,522
39990,524
39991,522
39992,520
39993,526
39994,518
39995,516
39996,524
39997,524
39998,520
39999,526
40000,522
40001,518
40002,524
40003,524
40004,518
40005,526
40006,526
40007,522
40008,518
40009,518
40010,516
40011,520
40012,522
40013,520
40014,520
40015,520
40016,520
40017,518
40018,542
40019,514
40020,566
40021,522
40022,524
40023,514
40024,540
40025,520
40026,518
40027,514
40028,522
40029,524
40030,516
40031,520
40032,524
40033,516
40034,516
40035,522
40036,526
40037,518
40038,520
40039,516
40040,522
40041,518
40042,516
40043,520
40044,518
40045,522
40046,522
40047,518
40048,514
40049,526
40050,518
40051,520
40052,522
40053,518
40054,518
40055,518
40056,524
40057,518
40058,524
40059,526
40060,520
40061,522
40062,524
40063,516
40064,518
40065,556
40066,522
40067,520
40068,522
40069,518
40070,516
40071,526
40072,520
40073,520
40074,518
40075,518
40076,524
40077,518
40078,518
40079,518
40080,520
40081,520
40082,522
40083,524
40084,516
40085,524
40086,526
40087,516
40088,524
40089,522
40090,514
40091,520
40092,520
40093,524
40094,522
40095,520
40096,522
40097,520
40098,524
40099,520
40100,522
40101,522
40102,520
40103,520
40104,524
40105,518
40106,526
40107,524
40108,520
40109,518
40110,520
40111,518
40112,526
40113,518
40114,522
40115,520
40116,518
40117,516
40118,522
40119,524
40120,518
40121,522
40122,524
40123,516
40124,520
40125,520
40126,514
40127,520
40128,522
40129,518
40130,524
40131,520
40132,512
40133,520
40134,518
40135,518
40136,522
40137,522
40138,520
40139,516
40140,520
40141,518
40142,518
40143,518
40144,520
40145,524
40146,518
40147,520
40148,522
40149,524
40150,518
40151,520
40152,520
40153,516
40154,516
40155,518
40156,520
40157,518
40158,524
40159,514
40160,522
40161,518
40162,516
40163,520
40164,520
40165,516
40166,520
40167,524
40168,520
40169,524
40170,524
40171,558
40172,516
40173,522
40174,518
40175,520
40176,524
40177,514
40178,518
40179,518
40180,512
40181,516
40182,520
40183,520
40184,518
40185,520
40186,512
40187,522
40188,516
40189,512
40190,522
40191,516
40192,518
40193,518
40194,520
40195,514
40196,524
40197,524
40198,520
40199,520
40200,524
40201,514
40202,520
40203,522
40204,518
40205,524
40206,524
40207,516
40208,518
40209,522
40210,514
40211,524
40212,518
40213,516
40214,524
40215,522
40216,514
40217,518
40218,522
40219,518
40220,520
40221,522
40222,516
40223,524
40224,572
40225,518
40226,524
40227,518
40228,518
40229,520
40230,522
40231,514
40232,522
40233,520
40234,520
40235,518
40236,522
40237,520
40238,528
40239,522
40240,514
40241,520
40242,524
40243,518
40244,522
40245,522
40246,518
40247,520
40248,524
40249,520
40250,520
40251,524
40252,520
40253,524
40254,518
40255,518
40256,522
40257,516
40258,518
40259,518
40260,518
40261,514
40262,520
40263,520
40264,516
40265,522
40266,522
40267,516
40268,522
40269,520
40270,518
40271,520
40272,520
40273,514
40274,522
40275,522
40276,520
40277,518
40278,534
40279,514
40280,522
40281,518
40282,512
40283,514
40284,520
40285,514
40286,518
40287,516
40288,516
40289,520
40290,520
40291,516
40292,520
40293,518
40294,514
40295,522
40296,520
40297,512
40298,522
40299,520
40300,516
40301,522
40302,524
40303,520
40304,522
40305,522
40306,516
40307,520
40308,518
40309,516
40310,520
40311,520
40312,516
40313,522
40314,518
40315,518
40316,518
40317,520
40318,516
40319,522
40320,520
40321,518
40322,524
40323,524
40324,518
40325,520
40326,518
40327,514
40328,520
40329,524
40330,514
40331,516
40332,558
40333,522
40334,524
40335,522
40336,520
40337,526
40338,526
40339,514
40340,526
40341,522
40342,520
40343,522
40344,518
40345,518
40346,520
40347,520
40348,520
40349,524
40350,524
40351,518
40352,526
40353,520
40354,516
40355,522
40356,520
40357,520
40358,526
40359,520
40360,518
40361,520
40362,520
40363,520
40364,520
40365,524
40366,518
40367,522
40368,522
40369,516
40370,520
40371,516
40372,520
40373,520
40374,520
40375,516
40376,516
40377,520
40378,516
40379,520
40380,524
40381,518
40382,522
40383,520
40384,520
40385,522
40386,518
40387,518
40388,520
40389,522
40390,556
40391,522
40392,516
40393,516
40394,516
40395,524
40396,516
40397,522
40398,524
40399,512
40400,516
40401,522
40402,514
40403,522
40404,524
40405,512
40406,518
40407,518
40408,510
40409,520
40410,526
40411,516
40412,518
40413,522
40414,516
40415,524
40416,522
40417,514
40418,524
40419,516
40420,518
40421,518
40422,522
40423,514
40424,522
40425,518
40426,518
40427,518
40428,522
40429,514
40430,566
40431,524
40432,526
40433,520
40434,518
40435,520
40436,516
40437,526
40438,522
40439,516
40440,518
40441,522
40442,516
40443,522
40444,524
40445,520
40446,524
40447,522
40448,516
40449,520
40450,522
40451,512
40452,524
40453,518
40454,520
40455,518
40456,516
40457,514
40458,524
40459,524
40460,520
40461,520
40462,524
40463,516
40464,520
40465,520
40466,518
40467,518
40468,520
40469,520
40470,520
40471,562
40472,518
40473,518
40474,526
40475,520
40476,520
40477,518
40478,520
40479,524
40480,520
40481,516
40482,522
40483,518
40484,522
40485,520
40486,524
40487,514
40488,520
40489,518
40490,518
40491,518
40492,524
40493,518
40494,522
40495,518
40496,514
40497,524
40498,520
40499,518
40500,524
40501,522
40502,518
40503,524
40504,520
40505,520
40506,520
40507,524
40508,518
40509,516
40510,524
40511,518
40512,522
40513,520
40514,516
40515,522
40516,516
40517,520
40518,518
40519,518
40520,516
40521,520
40522,520
40523,516
40524,520
40525,522
40526,556
40527,522
40528,522
40529,516
40530,518
40531,524
40532,518
40533,516
40534,524
40535,512
40536,518
40537,522
40538,520
40539,522
40540,520
40541,518
40542,520
40543,520
40544,518
40545,520
40546,520
40547,514
40548,522
40549,518
40550,516
40551,520
40552,524
40553,516
40554,518
40555,520
40556,518
40557,520
40558,522
40559,518
40560,518
40561,520
40562,518
40563,520
40564,518
40565,512
40566,516
40567,524
40568,516
40569,522
40570,524
40571,518
40572,520
40573,522
40574,512
40575,522
40576,526
40577,518
40578,520
40579,518
40580,560
40581,522
40582,520
40583,518
40584,520
40585,520
40586,518
40587,528
40588,524
40589,520
40590,524
40591,518
40592,520
40593,524
40594,522
40595,518
40596,522
40597,520
40598,518
40599,522
40600,518
40601,514
40602,522
40603,522
40604,520
40605,516
40606,526
40607,514
40608,524
40609,516
40610,516
40611,524
40612,520
40613,514
40614,520
40615,524
40616,516
40617,522
40618,520
40619,516
40620,522
40621,522
40622,522
40623,522
40624,524
40625,512
40626,520
40627,522
40628,516
40629,516
40630,520
40631,520
40632,520
40633,516
40634,514
40635,562
40636,516
40637,514
40638,522
40639,520
40640,516
40641,522
40642,520
40643,518
40644,522
40645,522
40646,512
40647,522
40648,518
40649,516
40650,516
40651,522
40652,516
40653,524
40654,522
40655,518
40656,520
40657,520
40658,518
40659,518
40660,518
40661,520
40662,516
40663,522
40664,516
40665,524
40666,524
40667,512
40668,522
40669,524
40670,518
40671,518
40672,520
40673,516
40674,516
40675,518
40676,514
40677,526
40678,518
40679,512
40680,520
40681,524
40682,518
40683,518
40684,526
40685,516
40686,524
40687,522
40688,520
40689,518
40690,516
40691,516
40692,524
40693,522
40694,516
40695,526
40696,516
40697,514
40698,520
40699,518
40700,518
40701,520
40702,522
40703,520
40704,524
40705,520
40706,512
40707,522
40708,520
40709,520
40710,524
40711,516
40712,518
40713,524
40714,520
40715,516
40716,524
40717,524
40718,516
40719,524
40720,522
40721,516
40722,524
40723,522
40724,514
40725,520
40726,524
40727,522
40728,524
40729,520
40730,516
40731,518
40732,524
40733,514
40734,522
40735,520
40736,518
40737,520
40738,524
40739,520
40740,524
40741,522
40742,516
40743,526
40744,520
40745,516
40746,516
40747,522
40748,516
40749,520
40750,518
40751,520
40752,520
40753,522
40754,580
40755,520
40756,522
40757,510
40758,524
40759,520
40760,516
40761,520
40762,520
40763,516
40764,520
40765,520
40766,512
40767,524
40768,522
40769,518
40770,522
40771,520
40772,520
40773,522
40774,516
40775,518
40776,520
40777,522
40778,516
40779,518
40780,520
40781,520
40782,520
40783,520
40784,514
40785,522
40786,520
40787,514
40788,522
40789,516
40790,518
40791,520
40792,518
40793,518
40794,516
40795,524
40796,518
40797,516
40798,522
40799,512
40800,522
40801,524
40802,518
40803,520
40804,520
40805,514
40806,522
40807,528
40808,520
40809,516
40810,522
40811,520
40812,524
40813,522
40814,520
40815,520
40816,522
40817,516
40818,522
40819,522
40820,520
40821,524
40822,524
40823,516
40824,524
40825,520
40826,520
40827,518
40828,524
40829,518
40830,522
40831,522
40832,516
40833,522
40834,560
40835,520
40836,520
40837,518
40838,518
40839,570
40840,516
40841,526
40842,526
40843,522
40844,514
40845,520
40846,526
40847,518
40848,518
40849,522
40850,524
40851,516
40852,518
40853,520
40854,516
40855,524
40856,522
40857,520
40858,520
40859,522
40860,520
40861,524
40862,520
40863,520
40864,518
40865,522
40866,516
40867,520
40868,522
40869,514
40870,524
40871,520
40872,514
40873,520
40874,520
40875,514
40876,522
40877,520
40878,514
40879,520
40880,522
40881,516
40882,524
40883,518
40884,522
40885,524
40886,516
40887,514
40888,556
40889,518
40890,514
40891,522
40892,516
40893,514
40894,516
40895,518
40896,514
40897,518
40898,520
40899,514
40900,522
40901,520
40902,512
40903,522
40904,520
40905,520
40906,522
40907,518
40908,516
40909,518
40910,524
40911,518
40912,516
40913,518
40914,518
40915,516
40916,518
40917,518
40918,522
40919,522
40920,514
40921,524
40922,520
40923,522
40924,518
40925,520
40926,512
40927,520
40928,522
40929,516
40930,524
40931,524
40932,518
40933,524
40934,520
40935,516
40936,520
40937,522
40938,516
40939,526
40940,524
40941,514
40942,524
40943,524
40944,520
40945,522
40946,516
40947,514
40948,524
40949,562
40950,518
40951,524
40952,520
40953,514
40954,524
40955,524
40956,518
40957,524
40958,526
40959,516
40960,522
40961,520
40962,518
40963,518
40964,522
40965,516
40966,524
40967,518
40968,520
40969,524
40970,526
40971,520
40972,524
40973,522
40974,514
40975,524
40976,524
40977,510
40978,522
40979,524
40980,522
40981,518
40982,524
40983,514
40984,522
40985,524
40986,518
40987,522
40988,518
40989,518
40990,524
40991,518
40992,520
40993,520
40994,522
40995,516
40996,520
40997,516
40998,518
40999,520
41000,518
41001,514
41002,520
41003,522
41004,520
41005,516
41006,522
41007,522
41008,524
41009,562
41010,518
41011,518
41012,518
41013,514
41014,522
41015,522
41016,514
41017,520
41018,518
41019,512
41020,520
41021,516
41022,516
41023,516
41024,522
41025,516
41026,520
41027,514
41028,518
41029,520
41030,512
41031,512
41032,516
41033,514
41034,516
41035,520
41036,520
41037,514
41038,520
41039,520
41040,518
41041,518
41042,520
41043,518
41044,524
41045,516
41046,518
41047,518
41048,520
41049,518
41050,520
41051,518
41052,512
41053,524
41054,520
41055,518
41056,520
41057,518
41058,514
41059,524
41060,520
41061,514
41062,524
41063,518
41064,518
41065,524
41066,520
41067,520
41068,520
41069,538
41070,520
41071,520
41072,522
41073,522
41074,522
41075,522
41076,520
41077,522
41078,520
41079,516
41080,520
41081,524
41082,518
41083,518
41084,520
41085,522
41086,522
41087,520
41088,518
41089,526
41090,522
41091,520
41092,522
41093,524
41094,512
41095,522
41096,524
41097,514
41098,520
41099,528
41100,518
41101,522
41102,520
41103,518
41104,526
41105,520
41106,514
41107,522
41108,514
41109,520
41110,520
41111,522
41112,514
41113,520
41114,518
41115,514
41116,524
41117,522
41118,518
41119,520
41120,524
41121,522
41122,522
41123,522
41124,516
41125,518
41126,524
41127,512
41128,522
41129,518
41130,520
41131,518
41132,520
41133,514
41134,520
41135,520
41136,512
41137,522
41138,518
41139,520
41140,520
41141,524
41142,514
41143,524
41144,518
41145,516
41146,522
41147,516
41148,518
41149,518
41150,522
41151,512
41152,524
41153,518
41154,516
41155,520
41156,520
41157,512
41158,520
41159,522
41160,516
41161,518
41162,516
41163,514
41164,518
41165,520
41166,516
41167,522
41168,522
41169,518
41170,518
41171,520
41172,520
41173,522
41174,518
41175,516
41176,518
41177,524
41178,514
41179,520
41180,522
41181,518
41182,524
41183,522
41184,512
41185,520
41186,516
41187,516
41188,524
41189,524
41190,518
41191,518
41192,522
41193,516
41194,524
41195,520
41196,518
41197,516
41198,524
41199,514
41200,524
41201,522
41202,518
41203,522
41204,520
41205,520
41206,526
41207,524
41208,514
41209,524
41210,520
41211,516
41212,520
41213,520
41214,514
41215,520
41216,518
41217,520
41218,524
41219,520
41220,520
41221,528
41222,526
41223,520
41224,524
41225,520
41226,516
41227,522
41228,526
41229,516
41230,516
41231,522
41232,520
41233,522
41234,518
41235,518
41236,522
41237,518
41238,520
41239,524
41240,518
41241,522
41242,522
41243,524
41244,510
41245,542
41246,520
41247,518
41248,524
41249,564
41250,534
41251,526
41252,524
41253,522
41254,520
41255,526
41256,518
41257,522
41258,518
41259,518
41260,514
41261,512
41262,518
41263,516
41264,512
41265,522
41266,516
41267,516
41268,518
41269,516
41270,510
41271,520
41272,518
41273,518
41274,518
41275,524
41276,514
41277,520
41278,522
41279,516
41280,518
41281,520
41282,518
41283,524
41284,516
41285,520
41286,518
41287,518
41288,516
41289,520
41290,524
41291,518
41292,516
41293,520
41294,516
41295,520
41296,524
41297,518
41298,522
41299,518
41300,518
41301,520
41302,524
41303,520
41304,522
41305,524
41306,518
41307,524
41308,524
41309,520
41310,564
41311,520
41312,518
41313,520
41314,526
41315,518
41316,518
41317,524
41318,518
41319,518
41320,518
41321,516
41322,524
41323,520
41324,520
41325,516
41326,518
41327,516
41328,520
41329,522
41330,520
41331,520
41332,526
41333,520
41334,518
41335,522
41336,520
41337,524
41338,526
41339,522
41340,518
41341,522
41342,518
41343,520
41344,518
41345,518
41346,522
41347,520
41348,520
41349,524
41350,522
41351,514
41352,518
41353,522
41354,514
41355,520
41356,518
41357,516
41358,526
41359,522
41360,518
41361,524
41362,516
41363,514
41364,520
41365,524
41366,512
41367,522
41368,520
41369,516
41370,524
41371,564
41372,520
41373,522
41374,520
41375,518
41376,524
41377,516
41378,516
41379,520
41380,516
41381,516
41382,516
41383,524
41384,512
41385,518
41386,518
41387,514
41388,520
41389,520
41390,518
41391,520
41392,522
41393,518
41394,522
41395,522
41396,514
41397,518
41398,522
41399,514
41400,516
41401,524
41402,512
41403,514
41404,524
41405,516
41406,516
41407,526
41408,518
41409,516
41410,522
41411,518
41412,518
41413,522
41414,512
41415,516
41416,520
41417,516
41418,522
41419,518
41420,516
41421,522
41422,522
41423,518
41424,518
41425,522
41426,520
41427,524
41428,520
41429,518
41430,524
41431,520
41432,514
41433,522
41434,524
41435,562
41436,520
41437,524
41438,516
41439,518
41440,524
41441,516
41442,520
41443,522
41444,518
41445,522
41446,522
41447,518
41448,520
41449,516
41450,518
41451,520
41452,522
41453,512
41454,526
41455,524
41456,522
41457,520
41458,524
41459,520
41460,520
41461,520
41462,520
41463,526
41464,518
41465,520
41466,524
41467,526
41468,522
41469,518
41470,524
41471,516
41472,518
41473,516
41474,516
41475,524
41476,520
41477,518
41478,524
41479,518
41480,518
41481,516
41482,522
41483,516
41484,524
41485,522
41486,518
41487,518
41488,518
41489,520
41490,520
41491,518
41492,516
41493,516
41494,522
41495,558
41496,516
41497,522
41498,520
41499,516
41500,522
41501,514
41502,518
41503,526
41504,520
41505,522
41506,522
41507,518
41508,518
41509,520
41510,512
41511,524
41512,520
41513,518
41514,518
41515,518
41516,512
41517,524
41518,522
41519,514
41520,520
41521,518
41522,516
41523,520
41524,524
41525,512
41526,520
41527,518
41528,512
41529,516
41530,518
41531,512
41532,522
41533,520
41534,518
41535,518
41536,522
41537,514
41538,516
41539,520
41540,516
41541,518
41542,518
41543,518
41544,522
41545,516
41546,512
41547,516
41548,518
41549,518
41550,520
41551,518
41552,520
41553,520
41554,560
41555,516
41556,520
41557,522
41558,512
41559,520
41560,516
41561,518
41562,526
41563,522
41564,516
41565,522
41566,524
41567,518
41568,518
41569,522
41570,520
41571,524
41572,518
41573,520
41574,524
41575,522
41576,518
41577,518
41578,524
41579,516
41580,516
41581,520
41582,518
41583,524
41584,526
41585,520
41586,522
41587,518
41588,516
41589,520
41590,522
41591,520
41592,516
41593,520
41594,520
41595,526
41596,520
41597,518
41598,528
41599,524
41600,520
41601,518
41602,522
41603,512
41604,524
41605,524
41606,520
41607,522
41608,522
41609,518
41610,524
41611,518
41612,514
41613,522
41614,518
41615,518
41616,520
41617,562
41618,514
41619,526
41620,522
41621,516
41622,518
41623,518
41624,516
41625,522
41626,524
41627,514
41628,522
41629,524
41630,518
41631,520
41632,524
41633,520
41634,516
41635,518
41636,516
41637,520
41638,522
41639,512
41640,516
41641,522
41642,512
41643,522
41644,518
41645,518
41646,518
41647,522
41648,514
41649,522
41650,516
41651,516
41652,518
41653,520
41654,514
41655,522
41656,522
41657,514
41658,560
41659,520
41660,524
41661,520
41662,522
41663,520
41664,536
41665,518
41666,518
41667,524
41668,518
41669,516
41670,524
41671,520
41672,522
41673,522
41674,584
41675,516
41676,520
41677,522
41678,520
41679,516
41680,518
41681,518
41682,524
41683,520
41684,520
41685,526
41686,586
41687,516
41688,524
41689,522
41690,516
41691,520
41692,520
41693,518
41694,524
41695,522
41696,522
41697,526
41698,520
41699,520
41700,516
41701,520
41702,522
41703,518
41704,518
41705,522
41706,524
41707,522
41708,520
41709,524
41710,516
41711,554
41712,524
41713,528
41714,532
41715,518
41716,520
41717,520
41718,518
41719,522
41720,520
41721,524
41722,526
41723,520
41724,526
41725,582
41726,516
41727,520
41728,522
41729,516
41730,522
41731,520
41732,518
41733,524
41734,520
41735,520
41736,516
41737,524
41738,516
41739,516
41740,524
41741,514
41742,522
41743,522
41744,518
41745,520
41746,522
41747,514
41748,520
41749,520
41750,514
41751,524
41752,520
41753,512
41754,522
41755,516
41756,516
41757,524
41758,516
41759,520
41760,522
41761,518
41762,520
41763,522
41764,564
41765,518
41766,516
41767,520
41768,516
41769,526
41770,520
41771,516
41772,520
41773,518
41774,516
41775,522
41776,522
41777,518
41778,522
41779,522
41780,518
41781,518
41782,518
41783,518
41784,522
41785,518
41786,516
41787,522
41788,516
41789,520
41790,522
41791,520
41792,518
41793,516
41794,524
41795,514
41796,520
41797,520
41798,518
41799,524
41800,520
41801,516
41802,524
41803,520
41804,516
41805,522
41806,522
41807,516
41808,524
41809,518
41810,514
41811,520
41812,516
41813,514
41814,522
41815,524
41816,518
41817,518
41818,522
41819,520
41820,522
41821,538
41822,520
41823,520
41824,526
41825,522
41826,518
41827,516
41828,518
41829,518
41830,524
41831,520
41832,522
41833,520
41834,520
41835,524
41836,524
41837,520
41838,520
41839,528
41840,518
41841,516
41842,520
41843,512
41844,522
41845,518
41846,516
41847,522
41848,520
41849,518
41850,518
41851,520
41852,520
41853,520
41854,520
41855,516
41856,518
41857,522
41858,514
41859,522
41860,526
41861,512
41862,518
41863,524
41864,520
41865,518
41866,520
41867,518
41868,516
41869,522
41870,520
41871,524
41872,524
41873,518
41874,520
41875,516
41876,514
41877,518
41878,518
41879,558
41880,524
41881,520
41882,518
41883,522
41884,518
41885,518
41886,520
41887,518
41888,516
41889,518
41890,514
41891,512
41892,520
41893,520
41894,516
41895,522
41896,518
41897,512
41898,522
41899,514
41900,516
41901,520
41902,522
41903,514
41904,522
41905,518
41906,518
41907,522
41908,520
41909,514
41910,516
41911,518
41912,514
41913,522
41914,520
41915,518
41916,516
41917,520
41918,518
41919,516
41920,524
41921,520
41922,522
41923,520
41924,520
41925,524
41926,522
41927,520
41928,526
41929,520
41930,520
41931,518
41932,520
41933,518
41934,524
41935,522
41936,520
41937,520
41938,522
41939,514
41940,524
41941,522
41942,518
41943,520
41944,520
41945,520
41946,524
41947,518
41948,518
41949,522
41950,522
41951,520
41952,520
41953,526
41954,518
41955,518
41956,524
41957,514
41958,520
41959,524
41960,516
41961,520
41962,518
41963,518
41964,524
41965,524
41966,516
41967,524
41968,516
41969,522
41970,524
41971,522
41972,520
41973,516
41974,522
41975,516
41976,516
41977,520
41978,514
41979,544
41980,520
41981,516
41982,520
41983,524
41984,516
41985,520
41986,522
41987,522
41988,520
41989,522
41990,516
41991,9720
41992,520
41993,516
41994,524
41995,516
41996,516
41997,522
41998,520
41999,518
42000,520
42001,518
42002,530
42003,518
42004,520
42005,514
42006,514
42007,518
42008,518
42009,520
42010,522
42011,520
42012,518
42013,518
42014,524
42015,518
42016,518
42017,524
42018,512
42019,522
42020,524
42021,520
42022,518
42023,520
42024,516
42025,522
42026,526
42027,518
42028,520
42029,516
42030,516
42031,522
42032,520
42033,520
42034,524
42035,520
42036,516
42037,522
42038,522
42039,522
42040,522
42041,524
42042,516
42043,520
42044,518
42045,516
42046,524
42047,518
42048,512
42049,522
42050,524
42051,520
42052,520
42053,520
42054,518
42055,562
42056,518
42057,516
42058,518
42059,524
42060,518
42061,522
42062,522
42063,522
42064,520
42065,516
42066,516
42067,518
42068,548
42069,534
42070,522
42071,514
42072,518
42073,524
42074,520
42075,522
42076,522
42077,518
42078,520
42079,524
42080,524
42081,514
42082,522
42083,526
42084,520
42085,522
42086,520
42087,516
42088,524
42089,522
42090,516
42091,518
42092,524
42093,516
42094,518
42095,522
42096,516
42097,522
42098,518
42099,514
42100,522
42101,518
42102,514
42103,520
42104,518
42105,514
42106,538
42107,518
42108,512
42109,520
42110,522
42111,514
42112,522
42113,522
42114,512
42115,520
42116,520
42117,518
42118,518
42119,522
42120,520
42121,520
42122,530
42123,512
42124,522
42125,516
42126,510
42127,520
42128,520
42129,518
42130,524
42131,520
42132,516
42133,516
42134,520
42135,564
42136,518
42137,522
42138,518
42139,524
42140,520
42141,518
42142,520
42143,524
42144,518
42145,522
42146,520
42147,516
42148,518
42149,526
42150,518
42151,522
42152,518
42153,516
42154,518
42155,518
42156,518
42157,522
42158,524
42159,520
42160,520
42161,520
42162,512
42163,520
42164,526
42165,518
42166,524
42167,520
42168,514
42169,526
42170,524
42171,518
42172,526
42173,520
42174,518
42175,522
42176,522
42177,516
42178,520
42179,516
42180,520
42181,522
42182,520
42183,520
42184,522
42185,518
42186,520
42187,522
42188,524
42189,518
42190,520
42191,518
42192,520
42193,516
42194,524
42195,518
42196,524
42197,520
42198,516
42199,520
42200,516
42201,518
42202,520
42203,520
42204,520
42205,524
42206,518
42207,518
42208,524
42209,524
42210,520
42211,522
42212,560
42213,514
42214,522
42215,520
42216,520
42217,522
42218,518
42219,518
42220,518
42221,522
42222,514
42223,522
42224,522
42225,516
42226,522
42227,518
42228,514
42229,522
42230,518
42231,516
42232,518
42233,520
42234,520
42235,522
42236,518
42237,520
42238,524
42239,516
42240,520
42241,522
42242,518
42243,514
42244,516
42245,524
42246,520
42247,516
42248,516
42249,516
42250,520
42251,524
42252,516
42253,524
42254,520
42255,514
42256,516
42257,518
42258,514
42259,524
42260,522
42261,518
42262,524
42263,520
42264,520
42265,524
42266,526
42267,520
42268,524
42269,520
42270,520
42271,516
42272,522
42273,516
42274,536
42275,524
42276,514
42277,522
42278,524
42279,514
42280,522
42281,524
42282,518
42283,524
42284,520
42285,522
42286,520
42287,522
42288,522
42289,516
42290,522
42291,518
42292,524
42293,522
42294,516
42295,522
42296,524
42297,518
42298,524
42299,520
42300,518
42301,518
42302,520
42303,522
42304,522
42305,518
42306,518
42307,524
42308,520
42309,514
42310,520
42311,516
42312,520
42313,524
42314,524
42315,514
42316,522
42317,518
42318,518
42319,522
42320,518
42321,522
42322,522
42323,518
42324,520
42325,520
42326,524
42327,522
42328,520
42329,526
42330,516
42331,520
42332,524
42333,518
42334,524
42335,520
42336,514
42337,524
42338,522
42339,512
42340,524
42341,518
42342,520
42343,524
42344,516
42345,522
42346,522
42347,524
42348,520
42349,524
42350,522
42351,514
42352,524
42353,522
42354,518
42355,524
42356,518
42357,516
42358,522
42359,520
42360,514
42361,518
42362,524
42363,518
42364,522
42365,516
42366,514
42367,516
42368,520
42369,514
42370,522
42371,520
42372,512
42373,522
42374,522
42375,518
42376,520
42377,522
42378,518
42379,522
42380,516
42381,516
42382,518
42383,518
42384,514
42385,524
42386,518
42387,520
42388,522
42389,520
42390,518
42391,524
42392,520
42393,518
42394,580
42395,516
42396,518
42397,516
42398,516
42399,514
42400,516
42401,526
42402,516
42403,524
42404,520
42405,518
42406,518
42407,522
42408,514
42409,518
42410,524
42411,518
42412,524
42413,522
42414,518
42415,520
42416,524
42417,516
42418,522
42419,520
42420,522
42421,522
42422,520
42423,520
42424,520
42425,524
42426,520
42427,522
42428,520
42429,520
42430,522
42431,524
42432,520
42433,520
42434,526
42435,518
42436,524
42437,526
42438,522
42439,524
42440,522
42441,520
42442,522
42443,518
42444,516
42445,514
42446,522
42447,518
42448,520
42449,518
42450,514
42451,520
42452,516
42453,516
42454,522
42455,520
42456,516
42457,516
42458,524
42459,518
42460,524
42461,520
42462,514
42463,518
42464,520
42465,518
42466,522
42467,522
42468,520
42469,526
42470,518
42471,518
42472,522
42473,524
42474,514
42475,522
42476,524
42477,514
42478,556
42479,516
42480,524
42481,520
42482,520
42483,518
42484,518
42485,524
42486,524
42487,532
42488,520
42489,522
42490,522
42491,516
42492,516
42493,522
42494,514
42495,514
42496,520
42497,520
42498,524
42499,516
42500,518
42501,522
42502,516
42503,520
42504,516
42505,522
42506,522
42507,522
42508,518
42509,518
42510,522
42511,522
42512,518
42513,518
42514,518
42515,520
42516,522
42517,524
42518,520
42519,524
42520,524
42521,514
42522,520
42523,518
42524,514
42525,524
42526,516
42527,510
42528,526
42529,522
42530,560
42531,518
42532,520
42533,520
42534,524
42535,518
42536,516
42537,520
42538,524
42539,520
42540,524
42541,524
42542,512
42543,526
42544,524
42545,512
42546,522
42547,522
42548,524
42549,520
42550,522
42551,516
42552,522
42553,524
42554,520
42555,518
42556,526
42557,520
42558,526
42559,522
42560,516
42561,520
42562,520
42563,520
42564,522
42565,524
42566,520
42567,524
42568,524
42569,520
42570,522
42571,522
42572,518
42573,520
42574,520
42575,518
42576,520
42577,518
42578,516
42579,518
42580,520
42581,520
42582,522
42583,518
42584,520
42585,522
42586,522
42587,516
42588,522
42589,522
42590,554
42591,516
42592,520
42593,518
42594,520
42595,522
42596,518
42597,520
42598,518
42599,518
42600,516
42601,518
42602,518
42603,516
42604,522
42605,510
42606,520
42607,514
42608,512
42609,520
42610,520
42611,520
42612,518
42613,522
42614,520
42615,518
42616,520
42617,516
42618,518
42619,516
42620,514
42621,518
42622,516
42623,518
42624,524
42625,518
42626,514
42627,522
42628,518
42629,516
42630,518
42631,518
42632,516
42633,522
42634,520
42635,512
42636,516
42637,520
42638,518
42639,524
42640,520
42641,516
42642,520
42643,520
42644,516
42645,514
42646,522
42647,518
42648,520
42649,522
42650,518
42651,518
42652,518
42653,516
42654,518
42655,516
42656,520
42657,522
42658,520
42659,514
42660,524
42661,522
42662,516
42663,516
42664,524
42665,518
42666,526
42667,518
42668,520
42669,524
42670,526
42671,518
42672,524
42673,524
42674,520
42675,524
42676,526
42677,520
42678,562
42679,520
42680,516
42681,520
42682,518
42683,518
42684,524
42685,518
42686,522
42687,520
42688,524
42689,516
42690,524
42691,526
42692,520
42693,524
42694,520
42695,512
42696,522
42697,524
42698,518
42699,518
42700,524
42701,514
42702,518
42703,520
42704,514
42705,524
42706,518
42707,518
42708,522
42709,524
42710,514
42711,520
42712,520
42713,516
42714,518
42715,516
42716,512
42717,518
42718,518
42719,520
42720,516
42721,516
42722,518
42723,520
42724,520
42725,512
42726,518
42727,522
42728,516
42729,524
42730,522
42731,520
42732,516
42733,526
42734,516
42735,516
42736,516
42737,516
42738,516
42739,522
42740,514
42741,520
42742,522
42743,518
42744,516
42745,520
42746,556
42747,518
42748,522
42749,514
42750,522
42751,524
42752,512
42753,518
42754,522
42755,518
42756,520
42757,526
42758,518
42759,522
42760,522
42761,518
42762,516
42763,522
42764,518
42765,516
42766,520
42767,516
42768,522
42769,520
42770,516
42771,522
42772,524
42773,514
42774,520
42775,518
42776,518
42777,518
42778,518
42779,518
42780,524
42781,518
42782,516
42783,522
42784,526
42785,522
42786,524
42787,516
42788,518
42789,518
42790,520
42791,520
42792,522
42793,526
42794,518
42795,516
42796,518
42797,518
42798,520
42799,524
42800,514
42801,520
42802,522
42803,514
42804,524
42805,516
42806,558
42807,524
42808,522
42809,520
42810,522
42811,520
42812,514
42813,524
42814,522
42815,522
42816,520
42817,522
42818,514
42819,520
42820,516
42821,514
42822,522
42823,518
42824,514
42825,524
42826,520
42827,514
42828,524
42829,520
42830,516
42831,526
42832,522
42833,516
42834,518
42835,522
42836,512
42837,526
42838,526
42839,520
42840,518
42841,522
42842,516
42843,522
42844,518
42845,518
42846,524
42847,522
42848,516
42849,518
42850,518
42851,514
42852,522
42853,518
42854,518
42855,518
42856,524
42857,512
42858,522
42859,522
42860,520
42861,520
42862,520
42863,514
42864,524
42865,560
42866,518
42867,522
42868,516
42869,512
42870,520
42871,520
42872,514
42873,518
42874,522
42875,518
42876,518
42877,522
42878,518
42879,518
42880,524
42881,516
42882,520
42883,522
42884,518
42885,522
42886,518
42887,558
42888,518
42889,518
42890,518
42891,520
42892,522
42893,520
42894,518
42895,530
42896,518
42897,518
42898,516
42899,512
42900,522
42901,524
42902,520
42903,526
42904,522
42905,516
42906,518
42907,518
42908,514
42909,558
42910,518
42911,518
42912,522
42913,518
42914,518
42915,518
42916,524
42917,522
42918,524
42919,522
42920,514
42921,516
42922,522
42923,518
42924,518
42925,524
42926,520
42927,524
42928,522
42929,516
42930,522
42931,522
42932,516
42933,524
42934,522
42935,518
42936,524
42937,522
42938,520
42939,520
42940,518
42941,518
42942,524
42943,522
42944,514
42945,522
42946,524
42947,520
42948,520
42949,520
42950,518
42951,522
42952,520
42953,520
42954,522
42955,520
42956,514
42957,518
42958,524
42959,518
42960,522
42961,516
42962,520
42963,518
42964,518
42965,522
42966,520
42967,518
42968,516
42969,524
42970,558
42971,518
42972,520
42973,520
42974,518
42975,524
42976,516
42977,514
42978,514
42979,522
42980,518
42981,518
42982,518
42983,512
42984,522
42985,520
42986,518
42987,516
42988,520
42989,516
42990,514
42991,520
42992,520
42993,518
42994,522
42995,516
42996,522
42997,524
42998,514
42999,520
43000,518
43001,518
43002,516
43003,522
43004,514
43005,518
43006,522
43007,516
43008,520
43009,518
43010,518
43011,524
43012,524
43013,518
43014,522
43015,522
43016,518
43017,524
43018,524
43019,518
43020,524
43021,524
43022,520
43023,522
43024,516
43025,512
43026,516
43027,524
43028,516
43029,522
43030,522
43031,514
43032,518
43033,520
43034,520
43035,520
43036,522
43037,512
43038,518
43039,518
43040,514
43041,524
43042,518
43043,520
43044,520
43045,522
43046,518
43047,520
43048,518
43049,518
43050,522
43051,524
43052,518
43053,522
43054,524
43055,520
43056,522
43057,526
43058,516
43059,520
43060,524
43061,516
43062,524
43063,516
43064,520
43065,526
43066,524
43067,522
43068,524
43069,524
43070,520
43071,524
43072,520
43073,522
43074,514
43075,520
43076,512
43077,520
43078,516
43079,520
43080,526
43081,518
43082,518
43083,520
43084,524
43085,516
43086,518
43087,520
43088,520
43089,524
43090,518
43091,512
43092,518
43093,518
43094,518
43095,518
43096,520
43097,520
43098,522
43099,520
43100,558
43101,522
43102,520
43103,518
43104,520
43105,522
43106,520
43107,518
43108,518
43109,518
43110,516
43111,524
43112,516
43113,520
43114,516
43115,518
43116,518
43117,518
43118,514
43119,522
43120,522
43121,514
43122,522
43123,520
43124,516
43125,518
43126,516
43127,514
43128,518
43129,518
43130,520
43131,522
43132,520
43133,518
43134,520
43135,518
43136,516
43137,518
43138,520
43139,518
43140,526
43141,522
43142,514
43143,522
43144,524
43145,518
43146,522
43147,524
43148,516
43149,522
43150,514
43151,518
43152,520
43153,522
43154,516
43155,524
43156,522
43157,516
43158,518
43159,520
43160,516
43161,520
43162,560
43163,516
43164,518
43165,522
43166,518
43167,522
43168,526
43169,518
43170,522
43171,522
43172,514
43173,520
43174,524
43175,516
43176,526
43177,524
43178,518
43179,526
43180,518
43181,518
43182,522
43183,518
43184,514
43185,520
43186,524
43187,520
43188,524
43189,524
43190,516
43191,524
43192,520
43193,516
43194,520
43195,522
43196,516
43197,520
43198,514
43199,514
43200,520
43201,518
43202,512
43203,524
43204,520
43205,514
43206,524
43207,520
43208,514
43209,524
43210,518
43211,514
43212,522
43213,520
43214,516
43215,522
43216,524
43217,516
43218,524
43219,524
43220,518
43221,516
43222,524
43223,516
43224,524
43225,520
43226,516
43227,520
43228,518
43229,520
43230,522
43231,516
43232,520
43233,524
43234,516
43235,514
43236,518
43237,518
43238,512
43239,516
43240,520
43241,520
43242,522
43243,518
43244,514
43245,520
43246,522
43247,514
43248,520
43249,518
43250,514
43251,522
43252,518
43253,516
43254,524
43255,558
43256,514
43257,520
43258,518
43259,514
43260,518
43261,518
43262,516
43263,516
43264,518
43265,520
43266,524
43267,518
43268,516
43269,520
43270,516
43271,520
43272,526
43273,524
43274,516
43275,520
43276,520
43277,520
43278,522
43279,524
43280,514
43281,522
43282,524
43283,516
43284,522
43285,520
43286,514
43287,518
43288,524
43289,520
43290,524
43291,524
43292,518
43293,526
43294,526
43295,518
43296,526
43297,556
43298,520
43299,520
43300,516
43301,522
43302,524
43303,520
43304,526
43305,532
43306,514
43307,524
43308,522
43309,518
43310,522
43311,524
43312,520
43313,522
43314,560
43315,514
43316,518
43317,520
43318,516
43319,520
43320,524
43321,516
43322,522
43323,524
43324,522
43325,516
43326,520
43327,516
43328,524
43329,518
43330,520
43331,520
43332,520
43333,516
43334,520
43335,522
43336,514
43337,516
43338,516
43339,514
43340,520
43341,518
43342,514
43343,518
43344,524
43345,520
43346,516
43347,520
43348,518
43349,520
43350,518
43351,516
43352,522
43353,520
43354,512
43355,520
43356,514
43357,518
43358,516
43359,516
43360,520
43361,514
43362,516
43363,540
43364,544
43365,548
43366,564
43367,540
43368,560
43369,550
43370,532
43371,532
43372,530
43373,536
43374,534
43375,532
43376,572
43377,530
43378,530
43379,528
43380,532
43381,532
43382,536
43383,534
43384,532
43385,532
43386,532
43387,534
43388,536
43389,534
43390,524
43391,530
43392,530
43393,530
43394,528
43395,534
43396,530
43397,530
43398,534
43399,534
43400,530
43401,534
43402,528
43403,532
43404,534
43405,530
43406,532
43407,536
43408,526
43409,536
43410,532
43411,530
43412,532
43413,536
43414,528
43415,534
43416,536
43417,528
43418,536
43419,530
43420,532
43421,536
43422,530
43423,532
43424,536
43425,532
43426,526
43427,528
43428,528
43429,528
43430,534
43431,530
43432,530
43433,530
43434,532
43435,532
43436,534
43437,528
43438,530
43439,532
43440,534
43441,526
43442,530
43443,532
43444,532
43445,552
43446,536
43447,532
43448,532
43449,534
43450,524
43451,532
43452,532
43453,530
43454,532
43455,536
43456,524
43457,538
43458,532
43459,530
43460,538
43461,534
43462,522
43463,528
43464,534
43465,530
43466,534
43467,532
43468,530
43469,532
43470,534
43471,526
43472,534
43473,532
43474,532
43475,532
43476,534
43477,530
43478,538
43479,530
43480,524
43481,534
43482,532
43483,532
43484,534
43485,526
43486,526
43487,530
43488,530
43489,528
43490,528
43491,532
43492,530
43493,534
43494,532
43495,522
43496,534
43497,534
43498,530
43499,534
43500,532
43501,530
43502,534
43503,532
43504,530
43505,570
43506,528
43507,526
43508,534
43509,532
43510,526
43511,534
43512,534
43513,528
43514,536
43515,530
43516,528
43517,530
43518,530
43519,526
43520,530
43521,528
43522,532
43523,534
43524,532
43525,522
43526,534
43527,530
43528,530
43529,536
43530,536
43531,526
43532,532
43533,534
43534,530
43535,534
43536,532
43537,530
43538,536
43539,534
43540,528
43541,530
43542,536
43543,526
43544,534
43545,536
43546,530
43547,532
43548,528
43549,530
43550,534
43551,536
43552,530
43553,534
43554,530
43555,526
43556,534
43557,530
43558,526
43559,530
43560,534
43561,530
43562,528
43563,532
43564,532
43565,574
43566,534
43567,528
43568,532
43569,530
43570,526
43571,532
43572,530
43573,528
43574,534
43575,530
43576,528
43577,534
43578,538
43579,528
43580,534
43581,534
43582,532
43583,534
43584,526
43585,532
43586,526
43587,536
43588,526
43589,534
43590,534
43591,528
43592,536
43593,530
43594,530
43595,528
43596,534
43597,522
43598,526
43599,534
43600,530
43601,534
43602,534
43603,526
43604,534
43605,556
43606,532
43607,534
43608,532
43609,526
43610,526
43611,534
43612,530
43613,532
43614,534
43615,534
43616,536
43617,532
43618,534
43619,526
43620,538
43621,530
43622,532
43623,532
43624,530
43625,532
43626,532
43627,538
43628,530
43629,536
43630,536
43631,528
43632,528
43633,532
43634,534
43635,538
43636,532
43637,530
43638,538
43639,530
43640,526
43641,532
43642,534
43643,532
43644,532
43645,532
43646,528
43647,530
43648,536
43649,526
43650,536
43651,538
43652,534
43653,532
43654,534
43655,530
43656,534
43657,534
43658,530
43659,536
43660,532
43661,534
43662,532
43663,536
43664,530
43665,530
43666,580
43667,532
43668,534
43669,532
43670,532
43671,530
43672,532
43673,532
43674,528
43675,534
43676,530
43677,530
43678,530
43679,534
43680,528
43681,530
43682,530
43683,534
43684,534
43685,530
43686,323066
43687,642
43688,530
43689,538
43690,530
43691,526
43692,530
43693,546
43694,536
43695,532
43696,536
43697,530
43698,528
43699,534
43700,530
43701,532
43702,534
43703,524
43704,530
43705,530
43706,548
43707,526
43708,524
43709,514
43710,516
43711,514
43712,522
43713,518
43714,516
43715,524
43716,526
43717,516
43718,520
43719,520
43720,512
43721,522
43722,522
43723,518
43724,520
43725,520
43726,514
43727,522
43728,522
43729,516
43730,526
43731,518
43732,520
43733,524
43734,518
43735,514
43736,522
43737,522
43738,516
43739,520
43740,520
43741,520
43742,520
43743,520
43744,520
43745,518
43746,524
43747,520
43748,524
43749,522
43750,522
43751,520
43752,522
43753,518
43754,520
43755,520
43756,514
43757,522
43758,520
43759,516
43760,520
43761,520
43762,518
43763,520
43764,522
43765,522
43766,524
43767,520
43768,520
43769,524
43770,524
43771,518
43772,518
43773,520
43774,560
43775,520
43776,524
43777,516
43778,522
43779,522
43780,516
43781,518
43782,524
43783,516
43784,524
43785,526
43786,518
43787,520
43788,524
43789,514
43790,520
43791,524
43792,518
43793,522
43794,524
43795,516
43796,520
43797,522
43798,87918
43799,812
43800,622
43801,1748
43802,1816
43803,604
43804,612
43805,606
43806,618
43807,686
43808,634
43809,626
43810,576
43811,572
43812,584
43813,636
43814,652
43815,586
43816,648
43817,664
43818,628
43819,534
43820,552
43821,600
43822,642
43823,690
43824,944
43825,552
43826,620
43827,632
43828,598
43829,556
43830,598
43831,668
43832,548
43833,532
43834,532
43835,540
43836,550
43837,568
43838,526
43839,584
43840,1498
43841,1332
43842,580
43843,560
43844,564
43845,594
43846,782
43847,598
43848,654
43849,784
43850,632
43851,538
43852,600
43853,596
43854,1072
43855,644
43856,1548
43857,592
43858,652
43859,1886
43860,620
43861,676
43862,642
43863,528
43864,524
43865,524
43866,534
43867,590
43868,540
43869,548
43870,788
43871,538
43872,542
43873,544
43874,590
43875,644
43876,648
43877,742
43878,710
43879,724
43880,534
43881,540
43882,576
43883,598
43884,586
43885,532
43886,616
43887,674
43888,650
43889,536
43890,632
43891,550
43892,634
43893,536
43894,682
43895,544
43896,600
43897,668
43898,1796
43899,620
43900,600
43901,528
43902,530
43903,570
43904,558
43905,722
43906,654
43907,566
43908,648
43909,1610
43910,624
43911,688
43912,528
43913,616
43914,1020
43915,682
43916,1058
43917,588
43918,542
43919,734
43920,618
43921,1128
43922,1706
43923,556
43924,598
43925,616
43926,1094
43927,814
43928,612
43929,646
43930,712
43931,648
43932,602
43933,548
43934,616
43935,866
43936,1870
43937,576
43938,1234
43939,594
43940,604
43941,692
43942,2030
43943,534
43944,530
43945,626
43946,2266
43947,632
43948,1310
43949,544
43950,562
43951,530
43952,548
43953,622
43954,582
43955,628
43956,618
43957,566
43958,530
43959,560
43960,608
43961,672
43962,588
43963,702
43964,602
43965,644
43966,632
43967,690
43968,684
43969,744
43970,816
43971,718
43972,566
43973,598
43974,668
43975,618
43976,606
43977,662
43978,550
43979,576
43980,584
43981,598
43982,660
43983,658
43984,618
43985,722
43986,580
43987,650
43988,660
43989,680
43990,616
43991,600
43992,562
43993,530
43994,624
43995,580
43996,668
43997,614
43998,598
43999,634
44000,574
44001,592
44002,530
44003,576
44004,554
44005,664
44006,598
44007,590
44008,594
44009,618
44010,622
44011,660
44012,670
44013,542
44014,562
44015,532
44016,570
44017,624
44018,648
44019,598
44020,580
44021,576
44022,646
44023,644
44024,660
44025,638
44026,686
44027,794
44028,668
44029,636
44030,638
44031,644
44032,602
44033,674
44034,700
44035,802
44036,754
44037,664
44038,774
44039,692
44040,664
44041,660
44042,668
44043,588
44044,628
44045,612
44046,784
44047,760
44048,736
44049,604
44050,596
44051,704
44052,820
44053,1012
44054,564
44055,546
44056,656
44057,678
44058,698
44059,636
44060,732
44061,786
44062,790
44063,620
44064,732
44065,688
44066,796
44067,684
44068,724
44069,644
44070,724
44071,674
44072,692
44073,780
44074,790
44075,650
44076,734
44077,584
44078,548
44079,516
44080,556
44081,650
44082,538
44083,542
44084,954
44085,542
44086,546
44087,516
44088,516
44089,524
44090,518
44091,518
44092,520
44093,522
44094,518
44095,518
44096,520
44097,520
44098,514
44099,518
44100,516
44101,518
44102,524
44103,516
44104,512
44105,522
44106,520
44107,518
44108,522
44109,516
44110,520
44111,520
44112,518
44113,638
44114,552
44115,546
44116,548
44117,538
44118,556
44119,542
44120,546
44121,540
44122,542
44123,544
44124,542
44125,546
44126,546
44127,536
44128,546
44129,546
44130,542
44131,542
44132,546
44133,542
44134,542
44135,546
44136,536
44137,546
44138,616
44139,538
44140,696
44141,700
44142,734
44143,824
44144,734
44145,554
44146,618
44147,740
44148,834
44149,674
44150,714
44151,620
44152,648
44153,610
44154,720
44155,734
44156,654
44157,732
44158,580
44159,606
44160,662
44161,624
44162,662
44163,634
44164,566
44165,608
44166,556
44167,616
44168,726
44169,592
44170,608
44171,694
44172,694
44173,608
44174,606
44175,640
44176,716
44177,554
44178,546
44179,552
44180,550
44181,546
44182,548
44183,548
44184,548
44185,706
44186,734
44187,766
44188,732
44189,788
44190,698
44191,690
44192,580
44193,578
44194,548
44195,542
44196,546
44197,550
44198,540
44199,546
44200,550
44201,754
44202,756
44203,774
44204,540
44205,568
44206,558
44207,546
44208,550
44209,548
44210,548
44211,552
44212,548
44213,548
44214,774
44215,666
44216,604
44217,548
44218,548
44219,542
44220,548
44221,548
44222,544
44223,702
44224,798
44225,584
44226,672
44227,606
44228,676
44229,650
44230,658
44231,640
44232,764
44233,664
44234,696
44235,694
44236,636
44237,716
44238,704
44239,828
44240,664
44241,820
44242,782
44243,708
44244,756
44245,782
44246,748
44247,734
44248,678
44249,756
44250,812
44251,770
44252,612
44253,570
44254,544
44255,666
44256,596
44257,566
44258,566
44259,994
44260,542
44261,556
44262,552
44263,540
44264,536
44265,550
44266,544
44267,542
44268,548
44269,546
44270,542
44271,544
44272,544
44273,538
44274,542
44275,544
44276,540
44277,550
44278,546
44279,542
44280,544
44281,546
44282,542
44283,540
44284,544
44285,538
44286,542
44287,548
44288,542
44289,544
44290,538
44291,542
44292,542
44293,542
44294,536
44295,540
44296,540
44297,540
44298,542
44299,542
44300,538
44301,540
44302,544
44303,542
44304,546
44305,542
44306,536
44307,544
44308,542
44309,542
44310,544
44311,546
44312,544
44313,542
44314,540
44315,542
44316,546
44317,608
44318,548
44319,536
44320,546
44321,544
44322,546
44323,544
44324,542
44325,542
44326,544
44327,548
44328,542
44329,542
44330,548
44331,540
44332,544
44333,548
44334,542
44335,540
44336,546
44337,540
44338,546
44339,544
44340,538
44341,542
44342,546
44343,538
44344,544
44345,546
44346,538
44347,550
44348,544
44349,542
44350,542
44351,544
44352,540
44353,546
44354,548
44355,540
44356,548
44357,542
44358,546
44359,544
44360,542
44361,544
44362,542
44363,544
44364,544
44365,548
44366,548
44367,540
44368,548
44369,542
44370,546
44371,542
44372,550
44373,542
44374,546
44375,542
44376,538
44377,538
44378,592
44379,546
44380,542
44381,542
44382,540
44383,548
44384,544
44385,542
44386,546
44387,542
44388,540
44389,546
44390,542
44391,542
44392,538
44393,548
44394,540
44395,542
44396,544
44397,540
44398,548
44399,544
44400,542
44401,540
44402,544
44403,538
44404,550
44405,542
44406,540
44407,544
44408,542
44409,546
44410,542
44411,542
44412,540
44413,542
44414,540
44415,538
44416,540
44417,544
44418,540
44419,540
44420,542
44421,542
44422,538
44423,540
44424,536
44425,544
44426,546
44427,540
44428,546
44429,542
44430,538
44431,546
44432,546
44433,540
44434,544
44435,546
44436,538
44437,540
44438,546
44439,538
44440,564
44441,544
44442,542
44443,546
44444,542
44445,542
44446,546
44447,542
44448,538
44449,544
44450,544
44451,538
44452,548
44453,546
44454,544
44455,546
44456,548
44457,536
44458,542
44459,544
44460,538
44461,544
44462,540
44463,540
44464,550
44465,542
44466,542
44467,544
44468,548
44469,544
44470,548
44471,544
44472,546
44473,544
44474,542
44475,540
44476,544
44477,548
44478,544
44479,546
44480,548
44481,544
44482,544
44483,546
44484,544
44485,544
44486,544
44487,538
44488,542
44489,544
44490,540
44491,546
44492,544
44493,542
44494,546
44495,548
44496,540
44497,550
44498,546
44499,540
44500,562
44501,548
44502,536
44503,542
44504,548
44505,538
44506,550
44507,542
44508,536
44509,542
44510,542
44511,538
44512,542
44513,544
44514,542
44515,544
44516,542
44517,538
44518,542
44519,542
44520,542
44521,542
44522,546
44523,576
44524,544
44525,550
44526,548
44527,538
44528,544
44529,540
44530,540
44531,540
44532,544
44533,542
44534,546
44535,548
44536,536
44537,540
44538,546
44539,542
44540,544
44541,608
44542,538
44543,548
44544,550
44545,542
44546,540
44547,548
44548,542
44549,544
44550,548
44551,538
44552,550
44553,546
44554,544
44555,540
44556,542
44557,538
44558,546
44559,548
44560,542
44561,548
44562,546
44563,544
44564,542
44565,550
44566,542
44567,544
44568,542
44569,542
44570,544
44571,546
44572,536
44573,544
44574,544
44575,540
44576,548
44577,542
44578,538
44579,592
44580,548
44581,546
44582,548
44583,550
44584,546
44585,544
44586,546
44587,538
44588,548
44589,548
44590,540
44591,546
44592,544
44593,540
44594,550
44595,548
44596,538
44597,544
44598,538
44599,538
44600,544
44601,548
44602,542
44603,540
44604,550
44605,540
44606,546
44607,548
44608,544
44609,546
44610,546
44611,546
44612,540
44613,542
44614,542
44615,546
44616,542
44617,542
44618,546
44619,546
44620,542
44621,544
44622,548
44623,538
44624,548
44625,544
44626,544
44627,546
44628,546
44629,540
44630,548
44631,546
44632,544
44633,544
44634,542
44635,544
44636,542
44637,542
44638,542
44639,544
44640,544
44641,542
44642,544
44643,548
44644,540
44645,540
44646,546
44647,542
44648,544
44649,544
44650,544
44651,546
44652,550
44653,540
44654,548
44655,546
44656,536
44657,548
44658,544
44659,544
44660,542
44661,548
44662,538
44663,546
44664,546
44665,536
44666,546
44667,546
44668,542
44669,548
44670,542
44671,540
44672,546
44673,542
44674,544
44675,544
44676,546
44677,540
44678,542
44679,544
44680,546
44681,550
44682,538
44683,544
44684,542
44685,584
44686,538
44687,548
44688,546
44689,540
44690,546
44691,544
44692,544
44693,550
44694,550
44695,540
44696,546
44697,546
44698,544
44699,544
44700,548
44701,538
44702,542
44703,548
44704,548
44705,546
44706,548
44707,546
44708,550
44709,544
44710,544
44711,548
44712,548
44713,540
44714,548
44715,546
44716,544
44717,548
44718,546
44719,542
44720,542
44721,542
44722,538
44723,542
44724,546
44725,540
44726,550
44727,546
44728,540
44729,546
44730,548
44731,542
44732,544
44733,548
44734,546
44735,544
44736,544
44737,540
44738,542
44739,540
44740,538
44741,544
44742,544
44743,540
44744,548
44745,546
44746,538
44747,546
44748,546
44749,584
44750,542
44751,538
44752,540
44753,544
44754,546
44755,542
44756,544
44757,544
44758,546
44759,540
44760,546
44761,544
44762,548
44763,546
44764,538
44765,542
44766,548
44767,544
44768,542
44769,544
44770,540
44771,542
44772,546
44773,546
44774,544
44775,540
44776,536
44777,542
44778,544
44779,540
44780,546
44781,544
44782,544
44783,544
44784,542
44785,544
44786,548
44787,548
44788,540
44789,546
44790,542
44791,538
44792,548
44793,550
44794,544
44795,540
44796,544
44797,542
44798,546
44799,546
44800,538
44801,546
44802,548
44803,546
44804,550
44805,542
44806,544
44807,546
44808,542
44809,540
44810,548
44811,544
44812,542
44813,590
44814,546
44815,548
44816,538
44817,548
44818,546
44819,544
44820,546
44821,546
44822,542
44823,548
44824,544
44825,538
44826,546
44827,548
44828,542
44829,546
44830,548
44831,544
44832,550
44833,544
44834,546
44835,548
44836,542
44837,542
44838,544
44839,544
44840,540
44841,550
44842,548
44843,542
44844,542
44845,548
44846,540
44847,542
44848,548
44849,542
44850,550
44851,546
44852,538
44853,550
44854,548
44855,546
44856,546
44857,542
44858,544
44859,546
44860,546
44861,540
44862,546
44863,544
44864,538
44865,546
44866,542
44867,542
44868,546
44869,548
44870,540
44871,544
44872,546
44873,544
44874,540
44875,546
44876,564
44877,542
44878,544
44879,542
44880,544
44881,546
44882,542
44883,540
44884,542
44885,544
44886,542
44887,546
44888,544
44889,542
44890,546
44891,546
44892,546
44893,540
44894,536
44895,538
44896,542
44897,542
44898,544
44899,540
44900,538
44901,548
44902,550
44903,540
44904,542
44905,542
44906,544
44907,540
44908,544
44909,536
44910,550
44911,542
44912,546
44913,548
44914,542
44915,538
44916,548
44917,548
44918,538
44919,546
44920,544
44921,546
44922,550
44923,546
44924,536
44925,540
44926,548
44927,544
44928,546
44929,548
44930,546
44931,542
44932,546
44933,556
44934,546
44935,546
44936,542
44937,550
44938,546
44939,540
44940,548
44941,546
44942,538
44943,546
44944,546
44945,540
44946,548
44947,550
44948,540
44949,544
44950,546
44951,540
44952,546
44953,548
44954,542
44955,542
44956,540
44957,544
44958,544
44959,548
44960,536
44961,542
44962,546
44963,544
44964,548
44965,542
44966,538
44967,546
44968,548
44969,538
44970,546
44971,544
44972,540
44973,540
44974,546
44975,542
44976,544
44977,546
44978,538
44979,548
44980,544
44981,544
44982,540
44983,548
44984,534
44985,546
44986,548
44987,540
44988,544
44989,542
44990,594
44991,542
44992,544
44993,542
44994,544
44995,544
44996,538
44997,538
44998,542
44999,540
45000,540
45001,542
45002,540
45003,546
45004,542
45005,540
45006,540
45007,538
45008,540
45009,540
45010,542
45011,540
45012,548
45013,544
45014,540
45015,546
45016,544
45017,536
45018,546
45019,548
45020,540
45021,544
45022,546
45023,534
45024,544
45025,544
45026,536
45027,546
45028,538
45029,542
45030,546
45031,540
45032,542
45033,548
45034,544
45035,544
45036,542
45037,546
45038,542
45039,542
45040,548
45041,544
45042,548
45043,546
45044,534
45045,546
45046,546
45047,584
45048,542
45049,544
45050,544
45051,544
45052,548
45053,542
45054,544
45055,546
45056,542
45057,546
45058,544
45059,546
45060,546
45061,540
45062,536
45063,546
45064,546
45065,536
45066,544
45067,546
45068,536
45069,544
45070,542
45071,544
45072,544
45073,546
45074,542
45075,540
45076,544
45077,540
45078,542
45079,540
45080,540
45081,546
45082,542
45083,540
45084,538
45085,542
45086,542
45087,548
45088,548
45089,542
45090,542
45091,542
45092,536
45093,542
45094,546
45095,536
45096,538
45097,548
45098,538
45099,544
45100,542
45101,536
45102,542
45103,544
45104,540
45105,588
45106,546
45107,542
45108,538
45109,542
45110,538
45111,536
45112,544
45113,538
45114,542
45115,546
45116,544
45117,542
45118,546
45119,542
45120,538
45121,544
45122,546
45123,538
45124,546
45125,544
45126,542
45127,542
45128,546
45129,538
45130,546
45131,546
45132,538
45133,544
45134,546
45135,540
45136,540
45137,544
45138,546
45139,544
45140,540
45141,540
45142,540
45143,548
45144,536
45145,548
45146,546
45147,542
45148,546
45149,542
45150,536
45151,544
45152,550
45153,538
45154,544
45155,544
45156,542
45157,550
45158,544
45159,536
45160,548
45161,544
45162,542
45163,546
45164,542
45165,540
45166,546
45167,586
45168,538
45169,548
45170,548
45171,544
45172,542
45173,542
45174,544
45175,546
45176,546
45177,542
45178,546
45179,546
45180,544
45181,542
45182,540
45183,544
45184,550
45185,544
45186,542
45187,544
45188,546
45189,542
45190,544
45191,546
45192,540
45193,540
45194,542
45195,540
45196,540
45197,546
45198,538
45199,542
45200,546
45201,536
45202,544
45203,546
45204,538
45205,544
45206,546
45207,540
45208,544
45209,548
45210,536
45211,542
45212,544
45213,540
45214,544
45215,546
45216,542
45217,542
45218,548
45219,538
45220,540
45221,544
45222,544
45223,582
45224,540
45225,536
45226,542
45227,546
45228,538
45229,538
45230,546
45231,540
45232,544
45233,542
45234,542
45235,540
45236,544
45237,536
45238,542
45239,542
45240,536
45241,542
45242,540
45243,542
45244,542
45245,538
45246,538
45247,542
45248,538
45249,534
45250,546
45251,25602
45252,548
45253,552
45254,544
45255,546
45256,544
45257,538
45258,550
45259,544
45260,540
45261,544
45262,546
45263,546
45264,550
45265,544
45266,544
45267,544
45268,546
45269,540
45270,544
45271,546
45272,538
45273,554
45274,548
45275,538
45276,548
45277,544
45278,546
45279,548
45280,550
45281,536
45282,546
45283,542
45284,546
45285,548
45286,548
45287,540
45288,542
45289,550
45290,538
45291,546
45292,540
45293,548
45294,546
45295,542
45296,546
45297,542
45298,546
45299,542
45300,542
45301,546
45302,552
45303,542
45304,544
45305,540
45306,542
45307,546
45308,544
45309,586
45310,560
45311,542
45312,548
45313,542
45314,540
45315,548
45316,540
45317,540
45318,544
45319,548
45320,540
45321,540
45322,542
45323,542
45324,548
45325,548
45326,536
45327,540
45328,542
45329,534
45330,544
45331,548
45332,540
45333,544
45334,546
45335,542
45336,548
45337,546
45338,538
45339,546
45340,544
45341,544
45342,580
45343,546
45344,550
45345,542
45346,540
45347,554
45348,540
45349,548
45350,542
45351,550
45352,550
45353,538
45354,546
45355,542
45356,544
45357,538
45358,546
45359,546
45360,546
45361,552
45362,546
45363,544
45364,552
45365,548
45366,544
45367,544
45368,544
45369,536
45370,544
45371,544
45372,546
45373,542
45374,544
45375,540
45376,542
45377,546
45378,538
45379,544
45380,544
45381,540
45382,552
45383,542
45384,540
45385,542
45386,546
45387,534
45388,548
45389,566
45390,542
45391,544
45392,544
45393,538
45394,548
45395,546
45396,536
45397,540
45398,544
45399,540
45400,548
45401,546
45402,538
45403,546
45404,544
45405,540
45406,546
45407,544
45408,544
45409,544
45410,540
45411,538
45412,546
45413,546
45414,542
45415,542
45416,546
45417,542
45418,546
45419,548
45420,540
45421,544
45422,546
45423,546
45424,542
45425,546
45426,540
45427,546
45428,542
45429,544
45430,540
45431,546
45432,542
45433,546
45434,546
45435,540
45436,544
45437,548
45438,540
45439,542
45440,542
45441,538
45442,542
45443,546
45444,544
45445,546
45446,542
45447,544
45448,544
45449,548
45450,588
45451,544
45452,546
45453,546
45454,548
45455,546
45456,540
45457,542
45458,546
45459,540
45460,548
45461,550
45462,546
45463,540
45464,544
45465,536
45466,546
45467,544
45468,544
45469,548
45470,544
45471,546
45472,546
45473,548
45474,544
45475,550
45476,544
45477,542
45478,546
45479,548
45480,546
45481,542
45482,544
45483,546
45484,546
45485,544
45486,544
45487,548
45488,548
45489,544
45490,548
45491,546
45492,546
45493,542
45494,544
45495,546
45496,546
45497,544
45498,540
45499,550
45500,544
45501,540
45502,544
45503,548
45504,540
45505,594
45506,546
45507,538
45508,544
45509,546
45510,540
45511,548
45512,540
45513,542
45514,542
45515,548
45516,542
45517,544
45518,540
45519,544
45520,544
45521,546
45522,538
45523,546
45524,538
45525,542
45526,540
45527,546
45528,538
45529,546
45530,546
45531,542
45532,546
45533,542
45534,536
45535,542
45536,548
45537,534
45538,546
45539,544
45540,540
45541,544
45542,540
45543,538
45544,540
45545,544
45546,536
45547,548
45548,544
45549,542
45550,548
45551,544
45552,536
45553,546
45554,542
45555,538
45556,542
45557,542
45558,538
45559,546
45560,548
45561,538
45562,546
45563,548
45564,542
45565,592
45566,544
45567,536
45568,546
45569,548
45570,542
45571,548
45572,546
45573,544
45574,542
45575,546
45576,544
45577,548
45578,542
45579,546
45580,546
45581,542
45582,540
45583,544
45584,542
45585,540
45586,546
45587,544
45588,544
45589,546
45590,546
45591,538
45592,544
45593,544
45594,536
45595,550
45596,546
45597,542
45598,548
45599,544
45600,538
45601,548
45602,550
45603,542
45604,540
45605,544
45606,542
45607,546
45608,548
45609,542
45610,544
45611,544
45612,538
45613,544
45614,550
45615,538
45616,544
45617,548
45618,544
45619,542
45620,548
45621,634
45622,544
45623,546
45624,538
45625,546
45626,544
45627,538
45628,542
45629,544
45630,540
45631,544
45632,544
45633,544
45634,548
45635,544
45636,542
45637,542
45638,546
45639,544
45640,546
45641,540
45642,544
45643,550
45644,546
45645,544
45646,540
45647,548
45648,540
45649,540
45650,548
45651,536
45652,542
45653,540
45654,538
45655,542
45656,546
45657,542
45658,546
45659,544
45660,536
45661,548
45662,546
45663,540
45664,544
45665,544
45666,544
45667,544
45668,542
45669,544
45670,548
45671,540
45672,538
45673,546
45674,548
45675,542
45676,538
45677,584
45678,538
45679,544
45680,544
45681,540
45682,542
45683,544
45684,536
45685,542
45686,546
45687,542
45688,546
45689,544
45690,544
45691,542
45692,548
45693,538
45694,546
45695,546
45696,542
45697,550
45698,544
45699,540
45700,542
45701,546
45702,544
45703,542
45704,550
45705,540
45706,546
45707,544
45708,542
45709,550
45710,544
45711,542
45712,544
45713,546
45714,542
45715,546
45716,544
45717,542
45718,542
45719,546
45720,540
45721,544
45722,548
45723,540
45724,546
45725,540
45726,544
45727,548
45728,546
45729,544
45730,548
45731,546
45732,538
45733,546
45734,546
45735,546
45736,550
45737,546
45738,540
45739,548
45740,544
45741,536
45742,542
45743,544
45744,540
45745,548
45746,546
45747,534
45748,548
45749,546
45750,544
45751,546
45752,584
45753,542
45754,542
45755,542
45756,546
45757,538
45758,546
45759,542
45760,536
45761,542
45762,544
45763,542
45764,542
45765,542
45766,536
45767,540
45768,542
45769,544
45770,544
45771,550
45772,542
45773,540
45774,542
45775,548
45776,546
45777,544
45778,540
45779,546
45780,544
45781,536
45782,546
45783,546
45784,544
45785,544
45786,544
45787,540
45788,540
45789,542
45790,544
45791,724
45792,544
45793,542
45794,548
45795,546
45796,542
45797,546
45798,548
45799,538
45800,542
45801,548
45802,542
45803,542
45804,544
45805,540
45806,544
45807,540
45808,538
45809,550
45810,542
45811,546
45812,542
45813,548
45814,540
45815,542
45816,544
45817,544
45818,546
45819,546
45820,544
45821,544
45822,546
45823,542
45824,546
45825,544
45826,546
45827,542
45828,542
45829,542
45830,546
45831,550
45832,540
45833,544
45834,544
45835,538
45836,544
45837,548
45838,542
45839,546
45840,548
45841,542
45842,544
45843,546
45844,540
45845,544
45846,542
45847,540
45848,538
45849,546
45850,538
45851,544
45852,546
45853,546
45854,550
45855,586
45856,538
45857,542
45858,546
45859,538
45860,542
45861,542
45862,536
45863,546
45864,544
45865,540
45866,540
45867,544
45868,540
45869,542
45870,544
45871,540
45872,544
45873,542
45874,540
45875,542
45876,544
45877,540
45878,546
45879,540
45880,542
45881,548
45882,544
45883,542
45884,542
45885,544
45886,542
45887,542
45888,542
45889,544
45890,542
45891,542
45892,538
45893,542
45894,548
45895,540
45896,544
45897,542
45898,542
45899,546
45900,546
45901,536
45902,548
45903,548
45904,542
45905,546
45906,544
45907,546
45908,548
45909,548
45910,544
45911,548
45912,544
45913,540
45914,540
45915,544
45916,540
45917,544
45918,606
45919,540
45920,548
45921,540
45922,546
45923,548
45924,542
45925,544
45926,544
45927,546
45928,542
45929,548
45930,542
45931,538
45932,544
45933,546
45934,542
45935,546
45936,544
45937,546
45938,546
45939,538
45940,542
45941,548
45942,546
45943,538
45944,548
45945,548
45946,544
45947,550
45948,548
45949,544
45950,550
45951,550
45952,540
45953,546
45954,542
45955,544
45956,550
45957,544
45958,542
45959,548
45960,544
45961,546
45962,544
45963,548
45964,540
45965,548
45966,546
45967,538
45968,540
45969,546
45970,538
45971,544
45972,548
45973,538
45974,542
45975,542
45976,544
45977,550
45978,548
45979,540
45980,546
45981,548
45982,580
45983,548
45984,540
45985,542
45986,544
45987,542
45988,540
45989,548
45990,542
45991,544
45992,548
45993,544
45994,542
45995,546
45996,542
45997,536
45998,544
45999,542
46000,540
46001,546
46002,546
46003,536
46004,548
46005,548
46006,540
46007,546
46008,546
46009,538
46010,540
46011,546
46012,542
46013,544
46014,546
46015,544
46016,540
46017,540
46018,540
46019,540
46020,542
46021,540
46022,542
46023,546
46024,538
46025,542
46026,544
46027,544
46028,544
46029,542
46030,546
46031,544
46032,548
46033,540
46034,546
46035,548
46036,542
46037,548
46038,550
46039,540
46040,542
46041,542
46042,540
46043,592
46044,550
46045,544
46046,548
46047,548
46048,546
46049,546
46050,542
46051,536
46052,548
46053,546
46054,548
46055,544
46056,542
46057,540
46058,548
46059,546
46060,542
46061,550
46062,544
46063,542
46064,546
46065,550
46066,542
46067,546
46068,544
46069,544
46070,546
46071,540
46072,540
46073,550
46074,544
46075,544
46076,542
46077,548
46078,540
46079,548
46080,542
46081,538
46082,546
46083,548
46084,544
46085,540
46086,546
46087,542
46088,548
46089,550
46090,546
46091,542
46092,546
46093,542
46094,548
46095,544
46096,542
46097,544
46098,546
46099,536
46100,546
46101,548
46102,542
46103,548
46104,590
46105,546
46106,544
46107,548
46108,542
46109,544
46110,548
46111,542
46112,544
46113,540
46114,542
46115,542
46116,542
46117,544
46118,542
46119,540
46120,540
46121,546
46122,544
46123,538
46124,546
46125,548
46126,540
46127,542
46128,538
46129,542
46130,544
46131,546
46132,546
46133,542
46134,548
46135,542
46136,546
46137,548
46138,542
46139,542
46140,542
46141,540
46142,546
46143,546
46144,542
46145,544
46146,550
46147,538
46148,544
46149,548
46150,544
46151,540
46152,542
46153,538
46154,550
46155,548
46156,544
46157,548
46158,546
46159,544
46160,546
46161,562
46162,550
46163,548
46164,544
46165,546
46166,548
46167,538
46168,546
46169,546
46170,544
46171,550
46172,546
46173,544
46174,544
46175,544
46176,538
46177,548
46178,542
46179,544
46180,550
46181,550
46182,544
46183,548
46184,542
46185,542
46186,548
46187,544
46188,544
46189,542
46190,548
46191,584
46192,542
46193,546
46194,536
46195,546
46196,546
46197,542
46198,548
46199,548
46200,546
46201,546
46202,544
46203,538
46204,548
46205,546
46206,536
46207,550
46208,548
46209,540
46210,544
46211,548
46212,544
46213,546
46214,550
46215,540
46216,548
46217,542
46218,538
46219,542
46220,548
46221,542
46222,548
46223,548
46224,536
46225,540
46226,540
46227,538
46228,544
46229,546
46230,540
46231,542
46232,542
46233,544
46234,542
46235,540
46236,540
46237,548
46238,542
46239,546
46240,546
46241,546
46242,542
46243,542
46244,538
46245,544
46246,544
46247,550
46248,544
46249,548
46250,538
46251,544
46252,546
46253,544
46254,536
46255,548
46256,548
46257,544
46258,542
46259,584
46260,4500
46261,524
46262,524
46263,516
46264,518
46265,524
46266,522
46267,518
46268,522
46269,514
46270,524
46271,524
46272,518
46273,520
46274,522
46275,514
46276,524
46277,520
46278,522
46279,522
46280,520
46281,516
46282,526
46283,524
46284,514
46285,520
46286,520
46287,516
46288,526
46289,522
46290,516
46291,524
46292,526
46293,514
46294,526
46295,524
46296,516
46297,524
46298,524
46299,514
46300,526
46301,520
46302,520
46303,524
46304,524
46305,520
46306,522
46307,526
46308,516
46309,524
46310,526
46311,522
46312,524
46313,524
46314,516
46315,526
46316,526
46317,512
46318,520
46319,522
46320,516
46321,522
46322,566
46323,520
46324,522
46325,520
46326,520
46327,526
46328,520
46329,520
46330,522
46331,522
46332,518
46333,522
46334,518
46335,518
46336,518
46337,524
46338,518
46339,520
46340,524
46341,514
46342,524
46343,522
46344,520
46345,522
46346,516
46347,518
46348,520
46349,522
46350,516
46351,522
46352,518
46353,512
46354,516
46355,524
46356,522
46357,518
46358,518
46359,512
46360,518
46361,522
46362,518
46363,520
46364,516
46365,514
46366,520
46367,520
46368,512
46369,520
46370,520
46371,516
46372,516
46373,522
46374,520
46375,518
46376,520
46377,514
46378,522
46379,524
46380,518
46381,520
46382,522
46383,556
46384,526
46385,524
46386,516
46387,520
46388,520
46389,520
46390,518
46391,524
46392,518
46393,518
46394,520
46395,514
46396,524
46397,526
46398,520
46399,518
46400,518
46401,514
46402,526
46403,518
46404,520
46405,520
46406,522
46407,518
46408,518
46409,528
46410,514
46411,524
46412,520
46413,518
46414,522
46415,526
46416,516
46417,518
46418,522
46419,514
46420,520
46421,524
46422,522
46423,522
46424,522
46425,520
46426,524
46427,522
46428,518
46429,526
46430,520
46431,516
46432,524
46433,522
46434,520
46435,526
46436,522
46437,518
46438,524
46439,520
46440,514
46441,522
46442,524
46443,516
46444,562
46445,518
46446,520
46447,522
46448,526
46449,522
46450,520
46451,520
46452,514
46453,520
46454,522
46455,522
46456,520
46457,516
46458,520
46459,520
46460,518
46461,516
46462,518
46463,520
46464,516
46465,522
46466,524
46467,518
46468,526
46469,518
46470,520
46471,522
46472,516
46473,514
46474,522
46475,520
46476,518
46477,520
46478,524
46479,520
46480,520
46481,522
46482,516
46483,524
46484,524
46485,520
46486,518
46487,526
46488,518
46489,520
46490,520
46491,516
46492,518
46493,522
46494,512
46495,522
46496,522
46497,520
46498,518
46499,522
46500,522
46501,520
46502,524
46503,516
46504,590
46505,522
46506,520
46507,522
46508,516
46509,520
46510,516
46511,518
46512,520
46513,522
46514,516
46515,516
46516,520
46517,524
46518,520
46519,520
46520,522
46521,522
46522,522
46523,524
46524,518
46525,520
46526,518
46527,518
46528,524
46529,526
46530,518
46531,526
46532,524
46533,520
46534,522
46535,522
46536,514
46537,520
46538,520
46539,520
46540,522
46541,526
46542,520
46543,522
46544,526
46545,514
46546,526
46547,520
46548,516
46549,524
46550,522
46551,516
46552,524
46553,518
46554,524
46555,526
46556,522
46557,516
46558,522
46559,520
46560,516
46561,524
46562,526
46563,518
46564,522
46565,522
46566,560
46567,524
46568,524
46569,520
46570,520
46571,536
46572,526
46573,530
46574,520
46575,522
46576,522
46577,518
46578,520
46579,520
46580,522
46581,522
46582,514
46583,520
46584,520
46585,516
46586,518
46587,518
46588,514
46589,520
46590,518
46591,516
46592,522
46593,522
46594,512
46595,520
46596,518
46597,520
46598,518
46599,516
46600,520
46601,522
46602,522
46603,516
46604,522
46605,522
46606,516
46607,522
46608,520
46609,514
46610,520
46611,518
46612,514
46613,524
46614,518
46615,520
46616,520
46617,560
46618,516
46619,516
46620,526
46621,516
46622,522
46623,520
46624,514
46625,518
46626,526
46627,516
46628,518
46629,520
46630,510
46631,524
46632,522
46633,520
46634,520
46635,524
46636,514
46637,524
46638,522
46639,522
46640,520
46641,520
46642,520
46643,524
46644,524
46645,512
46646,520
46647,526
46648,522
46649,524
46650,520
46651,516
46652,518
46653,522
46654,520
46655,522
46656,524
46657,520
46658,524
46659,520
46660,518
46661,524
46662,522
46663,514
46664,520
46665,518
46666,522
46667,518
46668,520
46669,518
46670,524
46671,528
46672,518
46673,520
46674,524
46675,520
46676,518
46677,518
46678,512
46679,522
46680,518
46681,520
46682,528
46683,560
46684,518
46685,524
46686,522
46687,520
46688,522
46689,524
46690,520
46691,520
46692,522
46693,518
46694,526
46695,522
46696,520
46697,520
46698,524
46699,512
46700,520
46701,526
46702,518
46703,518
46704,516
46705,520
46706,518
46707,524
46708,514
46709,524
46710,520
46711,514
46712,522
46713,522
46714,518
46715,522
46716,520
46717,518
46718,522
46719,520
46720,516
46721,518
46722,518
46723,518
46724,518
46725,518
46726,518
46727,518
46728,518
46729,512
46730,516
46731,520
46732,520
46733,518
46734,518
46735,518
46736,522
46737,524
46738,520
46739,518
46740,522
46741,520
46742,522
46743,522
46744,520
46745,522
46746,518
46747,518
46748,518
46749,518
46750,576
46751,520
46752,516
46753,518
46754,518
46755,524
46756,514
46757,522
46758,520
46759,520
46760,522
46761,518
46762,520
46763,520
46764,520
46765,520
46766,528
46767,522
46768,518
46769,522
46770,520
46771,520
46772,524
46773,524
46774,520
46775,520
46776,522
46777,522
46778,522
46779,522
46780,520
46781,518
46782,524
46783,522
46784,524
46785,520
46786,514
46787,524
46788,526
46789,516
46790,524
46791,524
46792,516
46793,518
46794,526
46795,516
46796,518
46797,522
46798,520
46799,526
46800,524
46801,518
46802,522
46803,518
46804,514
46805,520
46806,520
46807,516
46808,524
46809,526
46810,514
46811,524
46812,562
46813,518
46814,524
46815,528
46816,520
46817,522
46818,518
46819,512
46820,518
46821,526
46822,514
46823,518
46824,526
46825,512
46826,522
46827,518
46828,512
46829,522
46830,526
46831,516
46832,522
46833,524
46834,520
46835,516
46836,518
46837,518
46838,518
46839,524
46840,516
46841,524
46842,522
46843,520
46844,518
46845,520
46846,516
46847,514
46848,522
46849,518
46850,518
46851,520
46852,518
46853,522
46854,520
46855,518
46856,516
46857,524
46858,516
46859,520
46860,522
46861,514
46862,520
46863,518
46864,518
46865,524
46866,520
46867,516
46868,524
46869,520
46870,512
46871,520
46872,524
46873,516
46874,536
46875,522
46876,514
46877,520
46878,522
46879,522
46880,520
46881,522
46882,520
46883,520
46884,518
46885,520
46886,520
46887,520
46888,514
46889,524
46890,518
46891,520
46892,518
46893,518
46894,518
46895,522
46896,522
46897,518
46898,518
46899,516
46900,520
46901,522
46902,522
46903,522
46904,518
46905,522
46906,522
46907,526
46908,522
46909,518
46910,518
46911,520
46912,518
46913,524
46914,524
46915,514
46916,528
46917,520
46918,520
46919,524
46920,526
46921,522
46922,520
46923,522
46924,522
46925,524
46926,522
46927,518
46928,518
46929,518
46930,520
46931,520
46932,518
46933,516
46934,520
46935,516
46936,514
46937,524
46938,516
46939,518
46940,524
46941,534
46942,518
46943,520
46944,522
46945,518
46946,526
46947,524
46948,516
46949,518
46950,516
46951,514
46952,522
46953,522
46954,520
46955,520
46956,520
46957,518
46958,518
46959,516
46960,518
46961,518
46962,524
46963,516
46964,518
46965,518
46966,514
46967,522
46968,520
46969,516
46970,518
46971,520
46972,514
46973,520
46974,516
46975,516
46976,514
46977,524
46978,516
46979,522
46980,564
46981,522
46982,522
46983,536
46984,524
46985,522
46986,518
46987,518
46988,520
46989,526
46990,522
46991,520
46992,524
46993,516
46994,522
46995,520
46996,520
46997,526
46998,522
46999,518
47000,650
47001,526
47002,516
47003,524
47004,524
47005,518
47006,520
47007,518
47008,518
47009,524
47010,524
47011,516
47012,522
47013,522
47014,516
47015,520
47016,528
47017,518
47018,526
47019,526
47020,518
47021,526
47022,520
47023,520
47024,520
47025,524
47026,516
47027,524
47028,522
47029,518
47030,520
47031,520
47032,520
47033,524
47034,526
47035,516
47036,524
47037,522
47038,514
47039,518
47040,520
47041,514
47042,524
47043,520
47044,516
47045,526
47046,524
47047,520
47048,522
47049,518
47050,520
47051,524
47052,522
47053,516
47054,524
47055,518
47056,516
47057,520
47058,522
47059,516
47060,518
47061,518
47062,556
47063,526
47064,524
47065,514
47066,518
47067,524
47068,518
47069,524
47070,522
47071,518
47072,520
47073,518
47074,520
47075,516
47076,518
47077,510
47078,520
47079,524
47080,514
47081,524
47082,520
47083,518
47084,524
47085,516
47086,518
47087,522
47088,520
47089,514
47090,520
47091,514
47092,520
47093,516
47094,516
47095,520
47096,522
47097,518
47098,512
47099,518
47100,524
47101,518
47102,520
47103,524
47104,518
47105,522
47106,522
47107,1064
47108,522
47109,520
47110,516
47111,516
47112,518
47113,522
47114,520
47115,522
47116,514
47117,518
47118,520
47119,518
47120,516
47121,520
47122,520
47123,518
47124,526
47125,516
47126,520
47127,524
47128,516
47129,524
47130,520
47131,514
47132,520
47133,518
47134,522
47135,520
47136,520
47137,518
47138,516
47139,522
47140,516
47141,520
47142,520
47143,520
47144,524
47145,520
47146,518
47147,526
47148,520
47149,520
47150,522
47151,518
47152,522
47153,524
47154,526
47155,518
47156,524
47157,520
47158,520
47159,524
47160,526
47161,520
47162,522
47163,524
47164,522
47165,518
47166,524
47167,520
47168,516
47169,522
47170,520
47171,526
47172,524
47173,522
47174,518
47175,562
47176,518
47177,524
47178,524
47179,516
47180,524
47181,520
47182,516
47183,522
47184,524
47185,520
47186,524
47187,522
47188,516
47189,520
47190,518
47191,516
47192,518
47193,522
47194,520
47195,520
47196,524
47197,514
47198,524
47199,522
47200,516
47201,518
47202,518
47203,518
47204,520
47205,522
47206,512
47207,520
47208,522
47209,514
47210,516
47211,522
47212,514
47213,520
47214,516
47215,514
47216,520
47217,520
47218,512
47219,524
47220,522
47221,512
47222,518
47223,520
47224,512
47225,524
47226,518
47227,520
47228,522
47229,518
47230,518
47231,516
47232,524
47233,516
47234,524
47235,518
47236,518
47237,516
47238,518
47239,518
47240,518
47241,522
47242,516
47243,518
47244,516
47245,520
47246,522
47247,520
47248,512
47249,520
47250,522
47251,512
47252,520
47253,522
47254,512
47255,522
47256,518
47257,512
47258,522
47259,520
47260,518
47261,524
47262,526
47263,514
47264,522
47265,520
47266,516
47267,518
47268,522
47269,516
47270,524
47271,522
47272,514
47273,526
47274,518
47275,520
47276,522
47277,522
47278,520
47279,520
47280,520
47281,522
47282,522
47283,528
47284,520
47285,516
47286,524
47287,516
47288,522
47289,518
47290,518
47291,520
47292,526
47293,520
47294,524
47295,520
47296,536
47297,524
47298,524
47299,516
47300,520
47301,522
47302,518
47303,518
47304,522
47305,520
47306,520
47307,518
47308,520
47309,522
47310,522
47311,520
47312,520
47313,520
47314,516
47315,524
47316,516
47317,512
47318,522
47319,520
47320,518
47321,518
47322,522
47323,514
47324,524
47325,524
47326,518
47327,518
47328,524
47329,516
47330,518
47331,522
47332,516
47333,522
47334,524
47335,512
47336,524
47337,518
47338,514
47339,520
47340,522
47341,516
47342,520
47343,522
47344,516
47345,520
47346,522
47347,522
47348,518
47349,518
47350,512
47351,522
47352,520
47353,520
47354,520
47355,516
47356,516
47357,522
47358,518
47359,518
47360,522
47361,518
47362,520
47363,522
47364,520
47365,520
47366,518
47367,522
47368,518
47369,518
47370,518
47371,520
47372,516
47373,520
47374,514
47375,522
47376,518
47377,516
47378,522
47379,520
47380,516
47381,524
47382,526
47383,514
47384,524
47385,520
47386,518
47387,526
47388,518
47389,520
47390,564
47391,516
47392,520
47393,518
47394,514
47395,522
47396,520
47397,516
47398,520
47399,526
47400,534
47401,524
47402,524
47403,516
47404,512
47405,520
47406,522
47407,520
47408,518
47409,524
47410,516
47411,518
47412,518
47413,514
47414,522
47415,518
47416,516
47417,518
47418,520
47419,522
47420,522
47421,516
47422,520
47423,516
47424,524
47425,518
47426,520
47427,520
47428,518
47429,522
47430,530
47431,520
47432,522
47433,520
47434,514
47435,518
47436,520
47437,514
47438,524
47439,522
47440,536
47441,522
47442,518
47443,514
47444,518
47445,518
47446,518
47447,520
47448,516
47449,514
47450,522
47451,520
47452,512
47453,518
47454,518
47455,514
47456,520
47457,520
47458,516
47459,524
47460,518
47461,518
47462,516
47463,512
47464,512
47465,514
47466,518
47467,512
47468,520
47469,524
47470,518
47471,520
47472,524
47473,520
47474,520
47475,518
47476,518
47477,518
47478,522
47479,520
47480,522
47481,526
47482,520
47483,522
47484,524
47485,518
47486,526
47487,520
47488,518
47489,518
47490,516
47491,514
47492,520
47493,524
47494,522
47495,520
47496,522
47497,518
47498,516
47499,522
47500,516
47501,520
47502,516
47503,520
47504,566
47505,522
47506,516
47507,524
47508,524
47509,518
47510,520
47511,520
47512,512
47513,516
47514,524
47515,516
47516,520
47517,522
47518,514
47519,522
47520,522
47521,518
47522,522
47523,522
47524,512
47525,522
47526,520
47527,516
47528,520
47529,524
47530,520
47531,520
47532,524
47533,520
47534,524
47535,522
47536,516
47537,518
47538,526
47539,514
47540,522
47541,518
47542,520
47543,520
47544,522
47545,522
47546,524
47547,520
47548,520
47549,520
47550,524
47551,516
47552,518
47553,526
47554,514
47555,522
47556,520
47557,514
47558,524
47559,518
47560,520
47561,518
47562,516
47563,516
47564,518
47565,518
47566,520
47567,524
47568,558
47569,510
47570,520
47571,524
47572,522
47573,518
47574,518
47575,520
47576,522
47577,516
47578,512
47579,518
47580,522
47581,510
47582,516
47583,520
47584,520
47585,518
47586,520
47587,518
47588,516
47589,522
47590,520
47591,518
47592,526
47593,518
47594,520
47595,522
47596,518
47597,516
47598,520
47599,518
47600,516
47601,520
47602,516
47603,520
47604,516
47605,518
47606,518
47607,522
47608,510
47609,520
47610,518
47611,520
47612,520
47613,516
47614,520
47615,518
47616,520
47617,518
47618,522
47619,520
47620,520
47621,518
47622,522
47623,516
47624,520
47625,526
47626,512
47627,516
47628,520
47629,520
47630,562
47631,518
47632,516
47633,526
47634,518
47635,516
47636,520
47637,524
47638,518
47639,526
47640,522
47641,518
47642,524
47643,524
47644,514
47645,518
47646,518
47647,520
47648,524
47649,526
47650,518
47651,524
47652,518
47653,518
47654,524
47655,518
47656,518
47657,518
47658,522
47659,516
47660,520
47661,526
47662,518
47663,518
47664,522
47665,512
47666,520
47667,520
47668,518
47669,520
47670,524
47671,520
47672,522
47673,520
47674,520
47675,520
47676,524
47677,516
47678,522
47679,520
47680,520
47681,524
47682,520
47683,518
47684,520
47685,522
47686,522
47687,520
47688,522
47689,516
47690,516
47691,562
47692,520
47693,520
47694,522
47695,516
47696,520
47697,520
47698,520
47699,522
47700,520
47701,520
47702,518
47703,524
47704,514
47705,520
47706,518
47707,514
47708,526
47709,514
47710,514
47711,518
47712,518
47713,512
47714,516
47715,516
47716,520
47717,518
47718,518
47719,518
47720,518
47721,522
47722,518
47723,516
47724,522
47725,514
47726,522
47727,518
47728,522
47729,520
47730,520
47731,516
47732,522
47733,524
47734,522
47735,522
47736,520
47737,516
47738,524
47739,522
47740,516
47741,518
47742,518
47743,520
47744,516
47745,520
47746,520
47747,524
47748,524
47749,518
47750,524
47751,524
47752,538
47753,524
47754,518
47755,520
47756,526
47757,522
47758,522
47759,520
47760,522
47761,524
47762,518
47763,522
47764,514
47765,520
47766,522
47767,512
47768,524
47769,522
47770,516
47771,518
47772,524
47773,516
47774,522
47775,524
47776,518
47777,520
47778,524
47779,518
47780,524
47781,522
47782,516
47783,522
47784,522
47785,512
47786,522
47787,524
47788,514
47789,516
47790,524
47791,520
47792,524
47793,526
47794,514
47795,520
47796,522
47797,516
47798,518
47799,566
47800,522
47801,522
47802,540
47803,522
47804,522
47805,522
47806,516
47807,522
47808,524
47809,514
47810,524
47811,522
47812,518
47813,530
47814,528
47815,518
47816,524
47817,522
47818,514
47819,518
47820,524
47821,520
47822,522
47823,522
47824,518
47825,520
47826,522
47827,514
47828,520
47829,522
47830,520
47831,522
47832,522
47833,516
47834,522
47835,522
47836,518
47837,524
47838,522
47839,514
47840,520
47841,518
47842,516
47843,524
47844,522
47845,510
47846,522
47847,516
47848,518
47849,520
47850,520
47851,514
47852,524
47853,522
47854,512
47855,520
47856,560
47857,518
47858,518
47859,522
47860,514
47861,524
47862,518
47863,516
47864,522
47865,518
47866,514
47867,514
47868,520
47869,520
47870,522
47871,524
47872,516
47873,518
47874,514
47875,518
47876,526
47877,518
47878,520
47879,520
47880,524
47881,516
47882,516
47883,522
47884,518
47885,528
47886,520
47887,518
47888,520
47889,518
47890,522
47891,520
47892,526
47893,518
47894,522
47895,520
47896,518
47897,520
47898,526
47899,522
47900,524
47901,518
47902,518
47903,524
47904,520
47905,518
47906,518
47907,524
47908,516
47909,522
47910,520
47911,516
47912,522
47913,518
47914,522
47915,522
47916,524
47917,514
47918,522
47919,520
47920,516
47921,564
47922,522
47923,518
47924,520
47925,522
47926,518
47927,520
47928,520
47929,518
47930,522
47931,518
47932,518
47933,524
47934,520
47935,520
47936,524
47937,522
47938,518
47939,516
47940,522
47941,520
47942,516
47943,524
47944,516
47945,516
47946,524
47947,514
47948,518
47949,518
47950,516
47951,520
47952,516
47953,514
47954,522
47955,518
47956,516
47957,524
47958,518
47959,518
47960,522
47961,516
47962,514
47963,518
47964,514
47965,516
47966,520
47967,516
47968,518
47969,522
47970,524
47971,518
47972,524
47973,520
47974,518
47975,518
47976,520
47977,520
47978,524
47979,518
47980,518
47981,518
47982,518
47983,518
47984,556
47985,518
47986,516
47987,522
47988,524
47989,520
47990,524
47991,524
47992,518
47993,524
47994,522
47995,522
47996,524
47997,516
47998,516
47999,518
48000,522
48001,514
48002,520
48003,526
48004,518
48005,520
48006,522
48007,516
48008,522
48009,522
48010,520
48011,522
48012,524
48013,522
48014,520
48015,526
48016,514
48017,520
48018,526
48019,518
48020,522
48021,520
48022,522
48023,518
48024,524
48025,516
48026,526
48027,522
48028,520
48029,520
48030,520
48031,516
48032,522
48033,520
48034,516
48035,524
48036,522
48037,514
48038,520
48039,522
48040,516
48041,522
48042,520
48043,518
48044,522
48045,524
48046,516
48047,520
48048,562
48049,518
48050,524
48051,520
48052,518
48053,520
48054,520
48055,518
48056,520
48057,526
48058,514
48059,518
48060,520
48061,514
48062,520
48063,520
48064,512
48065,518
48066,516
48067,520
48068,520
48069,524
48070,516
48071,516
48072,518
48073,516
48074,524
48075,520
48076,520
48077,522
48078,520
48079,518
48080,518
48081,520
48082,512
48083,518
48084,518
48085,512
48086,518
48087,520
48088,518
48089,520
48090,518
48091,518
48092,520
48093,518
48094,518
48095,520
48096,522
48097,512
48098,522
48099,522
48100,518
48101,520
48102,522
48103,512
48104,520
48105,518
48106,516
48107,516
48108,518
48109,556
48110,520
48111,516
48112,518
48113,520
48114,522
48115,514
48116,518
48117,524
48118,516
48119,520
48120,518
48121,518
48122,522
48123,516
48124,516
48125,522
48126,524
48127,518
48128,526
48129,518
48130,514
48131,524
48132,518
48133,520
48134,524
48135,522
48136,518
48137,526
48138,522
48139,522
48140,526
48141,522
48142,520
48143,522
48144,522
48145,518
48146,524
48147,522
48148,520
48149,524
48150,524
48151,520
48152,520
48153,524
48154,516
48155,520
48156,516
48157,520
48158,516
48159,520
48160,516
48161,522
48162,522
48163,520
48164,524
48165,522
48166,516
48167,522
48168,516
48169,520
48170,520
48171,522
48172,558
48173,526
48174,518
48175,518
48176,524
48177,520
48178,518
48179,524
48180,516
48181,516
48182,522
48183,516
48184,518
48185,518
48186,526
48187,514
48188,522
48189,518
48190,520
48191,518
48192,522
48193,514
48194,522
48195,520
48196,520
48197,520
48198,520
48199,512
48200,520
48201,518
48202,516
48203,522
48204,524
48205,518
48206,522
48207,522
48208,518
48209,560
48210,520
48211,524
48212,522
48213,524
48214,522
48215,520
48216,512
48217,520
48218,520
48219,566
48220,516
48221,520
48222,520
48223,522
48224,522
48225,514
48226,524
48227,520
48228,520
48229,518
48230,524
48231,518
48232,522
48233,524
48234,512
48235,524
48236,522
48237,520
48238,518
48239,524
48240,514
48241,522
48242,522
48243,516
48244,522
48245,522
48246,518
48247,524
48248,518
48249,518
48250,518
48251,524
48252,520
48253,516
48254,522
48255,518
48256,514
48257,518
48258,518
48259,524
48260,524
48261,516
48262,522
48263,528
48264,518
48265,520
48266,522
48267,514
48268,520
48269,516
48270,518
48271,520
48272,522
48273,524
48274,522
48275,520
48276,516
48277,524
48278,520
48279,514
48280,524
48281,524
48282,520
48283,518
48284,520
48285,520
48286,518
48287,522
48288,516
48289,520
48290,516
48291,520
48292,518
48293,516
48294,520
48295,522
48296,522
48297,520
48298,522
48299,520
48300,516
48301,518
48302,520
48303,512
48304,520
48305,518
48306,512
48307,520
48308,520
48309,516
48310,516
48311,522
48312,520
48313,520
48314,520
48315,522
48316,518
48317,520
48318,518
48319,522
48320,520
48321,516
48322,520
48323,520
48324,520
48325,520
48326,518
48327,520
48328,518
48329,518
48330,516
48331,522
48332,520
48333,518
48334,520
48335,522
48336,516
48337,520
48338,520
48339,514
48340,514
48341,516
48342,514
48343,522
48344,520
48345,514
48346,522
48347,518
48348,512
48349,522
48350,522
48351,516
48352,520
48353,520
48354,518
48355,520
48356,522
48357,512
48358,518
48359,522
48360,512
48361,524
48362,520
48363,520
48364,518
48365,520
48366,516
48367,520
48368,520
48369,518
48370,520
48371,520
48372,524
48373,520
48374,518
48375,514
48376,522
48377,518
48378,520
48379,524
48380,518
48381,558
48382,522
48383,520
48384,518
48385,524
48386,526
48387,522
48388,516
48389,524
48390,518
48391,524
48392,522
48393,520
48394,520
48395,526
48396,520
48397,520
48398,522
48399,522
48400,516
48401,522
48402,522
48403,518
48404,522
48405,522
48406,518
48407,518
48408,524
48409,512
48410,520
48411,520
48412,516
48413,522
48414,522
48415,520
48416,520
48417,522
48418,516
48419,516
48420,518
48421,516
48422,522
48423,522
48424,518
48425,522
48426,516
48427,516
48428,516
48429,520
48430,514
48431,522
48432,518
48433,518
48434,522
48435,518
48436,520
48437,524
48438,518
48439,518
48440,562
48441,522
48442,518
48443,520
48444,516
48445,518
48446,516
48447,520
48448,514
48449,520
48450,518
48451,514
48452,520
48453,518
48454,512
48455,522
48456,524
48457,518
48458,524
48459,522
48460,518
48461,520
48462,514
48463,518
48464,518
48465,518
48466,514
48467,524
48468,520
48469,516
48470,518
48471,522
48472,516
48473,524
48474,520
48475,516
48476,520
48477,518
48478,514
48479,518
48480,516
48481,516
48482,522
48483,520
48484,518
48485,524
48486,516
48487,516
48488,518
48489,524
48490,512
48491,520
48492,522
48493,514
48494,516
48495,524
48496,520
48497,522
48498,526
48499,514
48500,522
48501,524
48502,556
48503,526
48504,520
48505,514
48506,520
48507,518
48508,520
48509,520
48510,524
48511,514
48512,522
48513,522
48514,512
48515,520
48516,524
48517,520
48518,524
48519,524
48520,516
48521,518
48522,518
48523,518
48524,526
48525,526
48526,514
48527,524
48528,524
48529,516
48530,524
48531,518
48532,518
48533,518
48534,520
48535,520
48536,522
48537,526
48538,516
48539,522
48540,522
48541,520
48542,524
48543,524
48544,520
48545,514
48546,524
48547,518
48548,520
48549,522
48550,518
48551,522
48552,520
48553,516
48554,520
48555,520
48556,516
48557,518
48558,518
48559,520
48560,526
48561,522
48562,518
48563,520
48564,518
48565,516
48566,518
48567,522
48568,518
48569,518
48570,522
48571,514
48572,516
48573,518
48574,518
48575,522
48576,520
48577,516
48578,516
48579,516
48580,514
48581,518
48582,520
48583,512
48584,524
48585,520
48586,518
48587,526
48588,522
48589,512
48590,520
48591,522
48592,514
48593,520
48594,514
48595,520
48596,518
48597,522
48598,516
48599,524
48600,516
48601,518
48602,522
48603,520
48604,516
48605,518
48606,524
48607,518
48608,518
48609,520
48610,512
48611,522
48612,522
48613,514
48614,528
48615,520
48616,512
48617,522
48618,524
48619,564
48620,526
48621,520
48622,522
48623,526
48624,516
48625,520
48626,522
48627,518
48628,520
48629,522
48630,520
48631,518
48632,518
48633,524
48634,516
48635,522
48636,520
48637,522
48638,518
48639,526
48640,516
48641,524
48642,522
48643,520
48644,520
48645,516
48646,516
48647,518
48648,522
48649,518
48650,522
48651,522
48652,520
48653,522
48654,522
48655,516
48656,522
48657,518
48658,514
48659,526
48660,524
48661,516
48662,520
48663,522
48664,514
48665,566
48666,518
48667,518
48668,520
48669,520
48670,520
48671,520
48672,516
48673,516
48674,520
48675,520
48676,516
48677,518
48678,522
48679,518
48680,518
48681,522
48682,518
48683,520
48684,518
48685,514
48686,522
48687,522
48688,516
48689,522
48690,520
48691,516
48692,518
48693,520
48694,514
48695,522
48696,520
48697,516
48698,516
48699,516
48700,516
48701,518
48702,522
48703,514
48704,516
48705,520
48706,514
48707,512
48708,514
48709,514
48710,520
48711,514
48712,512
48713,524
48714,516
48715,514
48716,524
48717,516
48718,518
48719,520
48720,522
48721,516
48722,522
48723,524
48724,518
48725,536
48726,520
48727,512
48728,520
48729,518
48730,514
48731,522
48732,518
48733,518
48734,522
48735,526
48736,518
48737,522
48738,518
48739,518
48740,524
48741,522
48742,516
48743,516
48744,524
48745,516
48746,524
48747,524
48748,520
48749,520
48750,520
48751,522
48752,522
48753,524
48754,520
48755,520
48756,522
48757,516
48758,520
48759,526
48760,516
48761,520
48762,520
48763,518
48764,524
48765,522
48766,518
48767,528
48768,520
48769,514
48770,520
48771,524
48772,524
48773,526
48774,518
48775,520
48776,522
48777,524
48778,514
48779,524
48780,520
48781,518
48782,520
48783,524
48784,558
48785,522
48786,518
48787,518
48788,522
48789,516
48790,518
48791,520
48792,520
48793,516
48794,524
48795,518
48796,510
48797,520
48798,518
48799,514
48800,524
48801,522
48802,512
48803,514
48804,522
48805,518
48806,522
48807,520
48808,518
48809,518
48810,524
48811,518
48812,518
48813,522
48814,516
48815,518
48816,522
48817,516
48818,522
48819,522
48820,512
48821,518
48822,524
48823,514
48824,518
48825,518
48826,514
48827,518
48828,520
48829,514
48830,514
48831,520
48832,518
48833,524
48834,522
48835,520
48836,522
48837,518
48838,516
48839,516
48840,522
48841,520
48842,520
48843,516
48844,516
48845,522
48846,522
48847,556
48848,520
48849,514
48850,520
48851,516
48852,518
48853,518
48854,516
48855,520
48856,518
48857,518
48858,522
48859,522
48860,522
48861,524
48862,514
48863,518
48864,522
48865,518
48866,520
48867,518
48868,516
48869,516
48870,526
48871,516
48872,524
48873,524
48874,518
48875,524
48876,524
48877,518
48878,522
48879,516
48880,516
48881,524
48882,520
48883,518
48884,522
48885,518
48886,518
48887,520
48888,522
48889,520
48890,522
48891,518
48892,518
48893,518
48894,526
48895,520
48896,522
48897,522
48898,514
48899,524
48900,518
48901,520
48902,520
48903,518
48904,516
48905,518
48906,518
48907,520
48908,560
48909,524
48910,514
48911,522
48912,518
48913,518
48914,524
48915,524
48916,516
48917,520
48918,520
48919,518
48920,516
48921,518
48922,516
48923,520
48924,520
48925,518
48926,524
48927,522
48928,516
48929,522
48930,522
48931,514
48932,520
48933,524
48934,518
48935,522
48936,516
48937,514
48938,516
48939,524
48940,516
48941,522
48942,522
48943,514
48944,520
48945,520
48946,518
48947,522
48948,522
48949,518
48950,514
48951,520
48952,512
48953,518
48954,522
48955,514
48956,520
48957,520
48958,520
48959,516
48960,522
48961,516
48962,516
48963,518
48964,516
48965,522
48966,524
48967,514
48968,518
48969,514
48970,518
48971,522
48972,522
48973,516
48974,516
48975,524
48976,516
48977,520
48978,526
48979,520
48980,518
48981,518
48982,522
48983,522
48984,524
48985,514
48986,518
48987,524
48988,520
48989,518
48990,518
48991,520
48992,518
48993,524
48994,512
48995,520
48996,522
48997,514
48998,524
48999,526
49000,522
49001,522
49002,524
49003,516
49004,524
49005,524
49006,518
49007,518
49008,520
49009,520
49010,518
49011,524
49012,522
49013,522
49014,528
49015,518
49016,518
49017,524
49018,516
49019,522
49020,566
49021,516
49022,520
49023,524
49024,518
49025,522
49026,522
49027,518
49028,568
49029,524
49030,516
49031,518
49032,514
49033,518
49034,516
49035,512
49036,518
49037,522
49038,522
49039,522
49040,528
49041,512
49042,516
49043,520
49044,516
49045,520
49046,586
49047,514
49048,516
49049,520
49050,514
49051,520
49052,516
49053,514
49054,524
49055,520
49056,518
49057,524
49058,516
49059,514
49060,520
49061,518
49062,514
49063,522
49064,520
49065,516
49066,522
49067,520
49068,520
49069,522
49070,520
49071,518
49072,516
49073,514
49074,556
49075,516
49076,520
49077,510
49078,518
49079,516
49080,514
49081,518
49082,518
49083,518
49084,524
49085,522
49086,512
49087,638
49088,526
49089,516
49090,520
49091,516
49092,520
49093,520
49094,520
49095,514
49096,520
49097,516
49098,520
49099,518
49100,518
49101,520
49102,518
49103,514
49104,514
49105,516
49106,524
49107,518
49108,518
49109,520
49110,518
49111,522
49112,518
49113,516
49114,522
49115,518
49116,518
49117,516
49118,518
49119,516
49120,520
49121,522
49122,518
49123,520
49124,516
49125,514
49126,520
49127,526
49128,520
49129,522
49130,520
49131,512
49132,518
49133,520
49134,522
49135,524
49136,518
49137,514
49138,520
49139,518
49140,518
49141,522
49142,522
49143,516
49144,516
49145,516
49146,512
49147,522
49148,522
49149,560
49150,518
49151,520
49152,520
49153,522
49154,516
49155,516
49156,522
49157,520
49158,518
49159,522
49160,522
49161,516
49162,520
49163,522
49164,516
49165,518
49166,522
49167,512
49168,516
49169,516
49170,512
49171,522
49172,518
49173,520
49174,520
49175,522
49176,516
49177,520
49178,520
49179,520
49180,516
49181,522
49182,520
49183,518
49184,512
49185,510
49186,520
49187,518
49188,514
49189,520
49190,522
49191,514
49192,516
49193,522
49194,514
49195,518
49196,518
49197,518
49198,518
49199,518
49200,520
49201,524
49202,516
49203,512
49204,524
49205,518
49206,514
49207,520
49208,520
49209,516
49210,522
49211,524
49212,514
49213,516
49214,522
49215,558
49216,522
49217,516
49218,518
49219,518
49220,520
49221,520
49222,516
49223,522
49224,516
49225,518
49226,520
49227,518
49228,516
49229,516
49230,516
49231,516
49232,524
49233,516
49234,520
49235,518
49236,520
49237,524
49238,524
49239,518
49240,520
49241,522
49242,514
49243,518
49244,522
49245,516
49246,524
49247,520
49248,514
49249,11462
49250,524
49251,520
49252,518
49253,524
49254,518
49255,518
49256,522
49257,518
49258,520
49259,516
49260,520
49261,534
49262,520
49263,520
49264,524
49265,524
49266,520
49267,526
49268,518
49269,518
49270,520
49271,524
49272,514
49273,522
49274,518
49275,516
49276,526
49277,518
49278,516
49279,526
49280,524
49281,520
49282,520
49283,520
49284,520
49285,520
49286,526
49287,518
49288,516
49289,520
49290,514
49291,520
49292,524
49293,512
49294,518
49295,522
49296,518
49297,522
49298,520
49299,512
49300,524
49301,560
49302,520
49303,518
49304,522
49305,518
49306,516
49307,522
49308,516
49309,518
49310,520
49311,520
49312,524
49313,520
49314,516
49315,518
49316,526
49317,518
49318,524
49319,518
49320,516
49321,520
49322,522
49323,516
49324,518
49325,524
49326,518
49327,520
49328,522
49329,516
49330,524
49331,520
49332,516
49333,522
49334,522
49335,516
49336,520
49337,526
49338,520
49339,520
49340,522
49341,520
49342,520
49343,520
49344,522
49345,524
49346,524
49347,520
49348,524
49349,518
49350,514
49351,522
49352,524
49353,522
49354,520
49355,522
49356,520
49357,522
49358,518
49359,518
49360,522
49361,562
49362,522
49363,528
49364,518
49365,518
49366,522
49367,524
49368,520
49369,526
49370,522
49371,516
49372,524
49373,522
49374,518
49375,522
49376,518
49377,516
49378,526
49379,526
49380,516
49381,520
49382,516
49383,522
49384,518
49385,526
49386,520
49387,520
49388,522
49389,512
49390,518
49391,524
49392,518
49393,520
49394,520
49395,512
49396,522
49397,522
49398,520
49399,526
49400,524
49401,524
49402,518
49403,516
49404,514
49405,518
49406,522
49407,514
49408,522
49409,526
49410,518
49411,522
49412,520
49413,518
49414,520
49415,522
49416,514
49417,518
49418,524
49419,516
49420,522
49421,522
49422,518
49423,518
49424,522
49425,516
49426,522
49427,520
49428,514
49429,522
49430,518
49431,518
49432,522
49433,524
49434,518
49435,518
49436,520
49437,518
49438,544
49439,530
49440,518
49441,520
49442,516
49443,520
49444,518
49445,526
49446,522
49447,518
49448,514
49449,522
49450,522
49451,516
49452,520
49453,524
49454,516
49455,518
49456,520
49457,514
49458,520
49459,524
49460,522
49461,520
49462,518
49463,518
49464,522
49465,518
49466,518
49467,518
49468,524
49469,520
49470,526
49471,518
49472,520
49473,522
49474,526
49475,514
49476,518
49477,524
49478,518
49479,520
49480,522
49481,516
49482,520
49483,520
49484,516
49485,518
49486,518
49487,518
49488,520
49489,522
49490,522
49491,526
49492,522
49493,518
49494,524
49495,518
49496,520
49497,516
49498,560
49499,512
49500,522
49501,514
49502,514
49503,526
49504,520
49505,520
49506,522
49507,524
49508,514
49509,524
49510,520
49511,516
49512,518
49513,520
49514,516
49515,520
49516,520
49517,514
49518,518
49519,518
49520,518
49521,518
49522,518
49523,516
49524,522
49525,518
49526,516
49527,524
49528,518
49529,518
49530,520
49531,520
49532,512
49533,522
49534,516
49535,514
49536,524
49537,516
49538,516
49539,518
49540,522
49541,510
49542,522
49543,520
49544,512
49545,516
49546,524
49547,516
49548,518
49549,518
49550,514
49551,522
49552,520
49553,516
49554,524
49555,516
49556,518
49557,522
49558,562
49559,518
49560,526
49561,518
49562,516
49563,518
49564,524
49565,516
49566,520
49567,518
49568,518
49569,520
49570,518
49571,520
49572,524
49573,518
49574,518
49575,524
49576,520
49577,516
49578,522
49579,518
49580,516
49581,522
49582,520
49583,518
49584,520
49585,520
49586,520
49587,518
49588,524
49589,516
49590,526
49591,524
49592,520
49593,522
49594,518
49595,518
49596,524
49597,522
49598,520
49599,514
49600,524
49601,516
49602,520
49603,524
49604,516
49605,524
49606,518
49607,522
49608,522
49609,522
49610,518
49611,524
49612,524
49613,522
49614,524
49615,522
49616,518
49617,520
49618,530
49619,520
49620,528
49621,518
49622,522
49623,518
49624,522
49625,516
49626,518
49627,522
49628,514
49629,522
49630,520
49631,518
49632,524
49633,520
49634,516
49635,520
49636,516
49637,520
49638,524
49639,524
49640,518
49641,520
49642,516
49643,516
49644,522
49645,524
49646,518
49647,522
49648,520
49649,518
49650,522
49651,522
49652,516
49653,520
49654,520
49655,518
49656,520
49657,516
49658,512
49659,518
49660,522
49661,514
49662,522
49663,518
49664,518
49665,518
49666,522
49667,512
49668,522
49669,516
49670,514
49671,520
49672,524
49673,514
49674,514
49675,522
49676,514
49677,520
49678,522
49679,516
49680,516
49681,554
49682,510
49683,518
49684,522
49685,512
49686,520
49687,518
49688,516
49689,520
49690,516
49691,518
49692,524
49693,520
49694,516
49695,516
49696,524
49697,522
49698,524
49699,524
49700,520
49701,522
49702,520
49703,516
49704,518
49705,524
49706,512
49707,520
49708,518
49709,512
49710,522
49711,518
49712,518
49713,522
49714,526
49715,512
49716,524
49717,520
49718,520
49719,522
49720,528
49721,520
49722,522
49723,520
49724,518
49725,526
49726,518
49727,522
49728,522
49729,518
49730,520
49731,526
49732,518
49733,518
49734,524
49735,518
49736,520
49737,524
49738,518
49739,558
49740,522
49741,522
49742,520
49743,524
49744,522
49745,520
49746,522
49747,520
49748,520
49749,524
49750,524
49751,516
49752,526
49753,522
49754,516
49755,526
49756,524
49757,520
49758,520
49759,522
49760,518
49761,524
49762,520
49763,518
49764,518
49765,522
49766,520
49767,524
49768,524
49769,518
49770,518
49771,522
49772,518
49773,520
49774,520
49775,516
49776,524
49777,518
49778,514
49779,522
49780,524
49781,514
49782,520
49783,520
49784,518
49785,518
49786,524
49787,514
49788,518
49789,522
49790,512
49791,516
49792,518
49793,514
49794,522
49795,520
49796,512
49797,520
49798,518
49799,514
49800,522
49801,522
49802,516
49803,524
49804,518
49805,520
49806,522
49807,522
49808,518
49809,520
49810,518
49811,31578
49812,522
49813,520
49814,524
49815,520
49816,520
49817,520
49818,524
49819,530
49820,520
49821,518
49822,520
49823,520
49824,522
49825,524
49826,526
49827,520
49828,522
49829,524
49830,522
49831,524
49832,520
49833,516
49834,526
49835,522
49836,516
49837,524
49838,524
49839,520
49840,520
49841,520
49842,518
49843,520
49844,516
49845,514
49846,522
49847,548
49848,522
49849,524
49850,524
49851,526
49852,518
49853,524
49854,516
49855,520
49856,518
49857,520
49858,520
49859,520
49860,518
49861,514
49862,520
49863,522
49864,514
49865,522
49866,520
49867,512
49868,524
49869,516
49870,520
49871,540
49872,524
49873,514
49874,520
49875,524
49876,516
49877,520
49878,522
49879,516
49880,522
49881,526
49882,514
49883,524
49884,524
49885,518
49886,522
49887,584
49888,520
49889,520
49890,518
49891,518
49892,526
49893,518
49894,522
49895,524
49896,520
49897,516
49898,520
49899,522
49900,518
49901,522
49902,520
49903,520
49904,522
49905,526
49906,560
49907,522
49908,520
49909,514
49910,524
49911,520
49912,520
49913,520
49914,522
49915,520
49916,520
49917,524
49918,518
49919,516
49920,522
49921,514
49922,520
49923,522
49924,516
49925,522
49926,526
49927,520
49928,522
49929,522
49930,514
49931,526
49932,518
49933,520
49934,526
49935,524
49936,522
49937,522
49938,522
49939,522
49940,524
49941,522
49942,518
49943,522
49944,522
49945,518
49946,520
49947,524
49948,522
49949,522
49950,520
49951,518
49952,518
49953,522
49954,520
49955,518
49956,522
49957,514
49958,522
49959,522
49960,518
49961,516
49962,522
49963,516
49964,522
49965,522
49966,518
49967,538
49968,524
49969,512
49970,516
49971,520
49972,516
49973,522
49974,518
49975,516
49976,516
49977,522
49978,516
49979,518
49980,522
49981,516
49982,516
49983,522
49984,514
49985,522
49986,520
49987,512
49988,516
49989,524
49990,516
49991,520
49992,522
49993,514
49994,520
49995,522
49996,514
49997,520
49998,518
49999,516
50000,518
50001,522
50002,518
50003,520
50004,520
50005,514
50006,520
50007,520
50008,518
50009,520
50010,522
50011,514
50012,526
50013,518
50014,514
50015,522
50016,524
50017,518
50018,518
50019,520
50020,518
50021,526
50022,518
50023,516
50024,522
50025,518
50026,514
50027,524
50028,522
50029,556
50030,524
50031,522
50032,518
50033,522
50034,522
50035,524
50036,520
50037,522
50038,522
50039,522
50040,524
50041,524
50042,522
50043,526
50044,512
50045,524
50046,524
50047,522
50048,522
50049,518
50050,516
50051,524
50052,520
50053,514
50054,520
50055,526
50056,520
50057,522
50058,518
50059,516
50060,524
50061,520
50062,516
50063,518
50064,526
50065,518
50066,524
50067,520
50068,518
50069,520
50070,520
50071,520
50072,522
50073,518
50074,524
50075,524
50076,518
50077,520
50078,520
50079,522
50080,518
50081,520
50082,522
50083,520
50084,524
50085,526
50086,518
50087,524
50088,524
50089,518
50090,560
50091,522
50092,518
50093,522
50094,520
50095,518
50096,524
50097,524
50098,516
50099,520
50100,518
50101,514
50102,518
50103,516
50104,520
50105,520
50106,524
50107,516
50108,526
50109,524
50110,514
50111,520
50112,526
50113,518
50114,522
50115,520
50116,516
50117,520
50118,520
50119,518
50120,522
50121,518
50122,520
50123,520
50124,514
50125,516
50126,520
50127,522
50128,512
50129,524
50130,516
50131,522
50132,522
50133,520
50134,514
50135,522
50136,516
50137,514
50138,522
50139,524
50140,516
50141,518
50142,528
50143,516
50144,520
50145,526
50146,522
50147,526
50148,522
50149,512
50150,562
50151,522
50152,514
50153,518
50154,518
50155,518
50156,524
50157,522
50158,514
50159,526
50160,524
50161,518
50162,524
50163,518
50164,514
50165,520
50166,524
50167,514
50168,526
50169,518
50170,520
50171,520
50172,522
50173,518
50174,526
50175,520
50176,522
50177,524
50178,518
50179,520
50180,522
50181,524
50182,522
50183,522
50184,522
50185,518
50186,518
50187,520
50188,514
50189,518
50190,520
50191,514
50192,518
50193,528
50194,520
50195,524
50196,524
50197,520
50198,520
50199,520
50200,516
50201,526
50202,524
50203,520
50204,526
50205,522
50206,518
50207,522
50208,522
50209,520
50210,526
50211,538
50212,516
50213,518
50214,520
50215,516
50216,524
50217,520
50218,522
50219,518
50220,522
50221,516
50222,518
50223,520
50224,512
50225,518
50226,516
50227,520
50228,520
50229,524
50230,518
50231,522
50232,524
50233,514
50234,524
50235,522
50236,514
50237,524
50238,522
50239,512
50240,516
50241,520
50242,520
50243,524
50244,516
50245,520
50246,516
50247,518
50248,518
50249,522
50250,524
50251,518
50252,516
50253,524
50254,518
50255,518
50256,524
50257,552
50258,526
50259,528
50260,524
50261,516
50262,516
50263,522
50264,536
50265,516
50266,524
50267,520
50268,522
50269,524
50270,520
50271,518
50272,522
50273,526
50274,516
50275,520
50276,522
50277,520
50278,522
50279,520
50280,516
50281,518
50282,524
50283,520
50284,518
50285,518
50286,518
50287,524
50288,526
50289,520
50290,522
50291,518
50292,518
50293,520
50294,524
50295,514
50296,526
50297,516
50298,516
50299,522
50300,516
50301,518
50302,518
50303,524
50304,516
50305,520
50306,522
50307,520
50308,518
50309,520
50310,520
50311,524
50312,520
50313,514
50314,524
50315,516
50316,514
50317,518
50318,516
50319,518
50320,520
50321,520
50322,518
50323,516
50324,536
50325,516
50326,518
50327,524
50328,516
50329,520
50330,524
50331,520
50332,522
50333,522
50334,520
50335,518
50336,522
50337,516
50338,518
50339,520
50340,518
50341,524
50342,518
50343,518
50344,516
50345,524
50346,518
50347,524
50348,522
50349,520
50350,520
50351,520
50352,518
50353,518
50354,518
50355,520
50356,518
50357,518
50358,514
50359,522
50360,524
50361,518
50362,520
50363,520
50364,520
50365,520
50366,520
50367,522
50368,526
50369,516
50370,520
50371,520
50372,524
50373,516
50374,522
50375,524
50376,522
50377,524
50378,520
50379,516
50380,524
50381,524
50382,510
50383,526
50384,518
50385,516
50386,520
50387,524
50388,514
50389,520
50390,520
50391,516
50392,524
50393,518
50394,516
50395,526
50396,526
50397,520
50398,526
50399,522
50400,516
50401,522
50402,520
50403,516
50404,524
50405,526
50406,520
50407,524
50408,518
50409,518
50410,524
50411,520
50412,518
50413,518
50414,526
50415,520
50416,524
50417,520
50418,514
50419,520
50420,518
50421,512
50422,520
50423,526
50424,516
50425,518
50426,520
50427,516
50428,524
50429,564
50430,522
50431,522
50432,518
50433,516
50434,522
50435,526
50436,518
50437,518
50438,520
50439,516
50440,520
50441,520
50442,516
50443,516
50444,522
50445,518
50446,522
50447,516
50448,518
50449,520
50450,520
50451,520
50452,516
50453,518
50454,516
50455,518
50456,520
50457,514
50458,522
50459,520
50460,516
50461,524
50462,520
50463,514
50464,518
50465,518
50466,516
50467,520
50468,522
50469,520
50470,520
50471,524
50472,518
50473,520
50474,518
50475,520
50476,518
50477,520
50478,514
50479,524
50480,518
50481,518
50482,522
50483,520
50484,518
50485,524
50486,518
50487,518
50488,518
50489,518
50490,518
50491,528
50492,518
50493,518
50494,524
50495,562
50496,514
50497,522
50498,518
50499,518
50500,518
50501,526
50502,516
50503,518
50504,526
50505,514
50506,524
50507,520
50508,518
50509,524
50510,522
50511,520
50512,518
50513,524
50514,512
50515,520
50516,516
50517,516
50518,524
50519,520
50520,514
50521,520
50522,524
50523,516
50524,524
50525,528
50526,518
50527,524
50528,524
50529,514
50530,522
50531,524
50532,520
50533,524
50534,526
50535,522
50536,522
50537,522
50538,516
50539,520
50540,520
50541,520
50542,524
50543,522
50544,520
50545,518
50546,522
50547,520
50548,522
50549,524
50550,516
50551,518
50552,516
50553,518
50554,522
50555,524
50556,514
50557,518
50558,524
50559,514
50560,532
50561,522
50562,516
50563,522
50564,524
50565,514
50566,526
50567,520
50568,516
50569,520
50570,520
50571,514
50572,518
50573,522
50574,520
50575,522
50576,526
50577,518
50578,518
50579,522
50580,514
50581,516
50582,522
50583,516
50584,522
50585,518
50586,516
50587,520
50588,524
50589,514
50590,516
50591,516
50592,518
50593,522
50594,518
50595,518
50596,522
50597,520
50598,520
50599,518
50600,522
50601,514
50602,518
50603,516
50604,520
50605,524
50606,516
50607,516
50608,522
50609,520
50610,516
50611,520
50612,522
50613,516
50614,520
50615,518
50616,512
50617,520
50618,520
50619,516
50620,522
50621,526
50622,518
50623,524
50624,522
50625,518
50626,536
50627,522
50628,520
50629,520
50630,520
50631,520
50632,524
50633,524
50634,512
50635,524
50636,520
50637,518
50638,526
50639,520
50640,520
50641,522
50642,520
50643,520
50644,518
50645,520
50646,518
50647,524
50648,522
50649,516
50650,522
50651,516
50652,520
50653,518
50654,520
50655,520
50656,522
50657,522
50658,514
50659,524
50660,522
50661,520
50662,524
50663,516
50664,524
50665,522
50666,564
50667,524
50668,518
50669,514
50670,524
50671,524
50672,518
50673,524
50674,518
50675,516
50676,518
50677,526
50678,522
50679,524
50680,524
50681,516
50682,522
50683,520
50684,540
50685,524
50686,522
50687,516
50688,522
50689,520
50690,516
50691,516
50692,522
50693,514
50694,518
50695,516
50696,518
50697,518
50698,516
50699,516
50700,520
50701,516
50702,516
50703,520
50704,520
50705,520
50706,516
50707,524
50708,516
50709,530
50710,520
50711,512
50712,524
50713,524
50714,514
50715,514
50716,518
50717,520
50718,522
50719,524
50720,518
50721,522
50722,524
50723,514
50724,522
50725,518
50726,516
50727,522
50728,522
50729,516
50730,524
50731,518
50732,512
50733,524
50734,522
50735,516
50736,524
50737,522
50738,516
50739,522
50740,524
50741,518
50742,520
50743,520
50744,520
50745,524
50746,520
50747,516
50748,562
50749,524
50750,514
50751,522
50752,522
50753,520
50754,522
50755,524
50756,514
50757,522
50758,524
50759,522
50760,520
50761,524
50762,514
50763,524
50764,526
50765,520
50766,524
50767,524
50768,520
50769,522
50770,520
50771,514
50772,526
50773,520
50774,518
50775,520
50776,522
50777,518
50778,518
50779,516
50780,516
50781,524
50782,524
50783,516
50784,522
50785,518
50786,522
50787,520
50788,522
50789,516
50790,516
50791,522
50792,520
50793,524
50794,522
50795,516
50796,520
50797,522
50798,514
50799,524
50800,518
50801,514
50802,520
50803,518
50804,518
50805,522
50806,518
50807,518
50808,522
50809,526
50810,516
50811,534
50812,524
50813,520
50814,516
50815,518
50816,518
50817,522
50818,520
50819,518
50820,520
50821,522
50822,516
50823,522
50824,524
50825,514
50826,520
50827,518
50828,520
50829,522
50830,518
50831,518
50832,522
50833,522
50834,518
50835,516
50836,522
50837,520
50838,520
50839,524
50840,514
50841,522
50842,520
50843,520
50844,516
50845,518
50846,516
50847,520
50848,522
50849,520
50850,518
50851,522
50852,512
50853,170642
50854,536
50855,528
50856,534
50857,530
50858,530
50859,530
50860,530
50861,536
50862,530
50863,528
50864,526
50865,532
50866,532
50867,530
50868,536
50869,532
50870,534
50871,534
50872,528
50873,532
50874,532
50875,534
50876,532
50877,542
50878,534
50879,528
50880,528
50881,536
50882,526
50883,536
50884,534
50885,524
50886,530
50887,532
50888,524
50889,536
50890,534
50891,532
50892,530
50893,532
50894,526
50895,532
50896,538
50897,530
50898,530
50899,536
50900,528
50901,578
50902,530
50903,532
50904,532
50905,536
50906,528
50907,530
50908,536
50909,526
50910,534
50911,536
50912,534
50913,534
50914,538
50915,528
50916,528
50917,536
50918,528
50919,532
50920,536
50921,536
50922,536
50923,534
50924,530
50925,536
50926,534
50927,530
50928,534
50929,534
50930,528
50931,534
50932,530
50933,530
50934,532
50935,530
50936,532
50937,532
50938,534
50939,530
50940,530
50941,540
50942,534
50943,530
50944,534
50945,528
50946,536
50947,532
50948,530
50949,528
50950,534
50951,532
50952,536
50953,530
50954,524
50955,532
50956,536
50957,530
50958,574
50959,528
50960,522
50961,528
50962,530
50963,530
50964,536
50965,532
50966,524
50967,534
50968,536
50969,530
50970,528
50971,534
50972,530
50973,532
50974,530
50975,530
50976,532
50977,536
50978,534
50979,528
50980,528
50981,524
50982,532
50983,536
50984,530
50985,534
50986,528
50987,528
50988,530
50989,528
50990,530
50991,532
50992,536
50993,532
50994,534
50995,532
50996,530
50997,530
50998,530
50999,532
51000,530
51001,528
51002,526
51003,536
51004,530
51005,532
51006,532
51007,534
51008,524
51009,534
51010,534
51011,526
51012,536
51013,536
51014,528
51015,536
51016,578
51017,528
51018,534
51019,538
51020,534
51021,538
51022,532
51023,528
51024,534
51025,536
51026,524
51027,532
51028,532
51029,534
51030,530
51031,532
51032,524
51033,534
51034,534
51035,536
51036,534
51037,534
51038,526
51039,534
51040,538
51041,528
51042,530
51043,536
51044,530
51045,530
51046,532
51047,530
51048,534
51049,538
51050,530
51051,534
51052,536
51053,534
51054,534
51055,534
51056,528
51057,536
51058,530
51059,528
51060,534
51061,530
51062,526
51063,534
51064,536
51065,530
51066,534
51067,528
51068,526
51069,532
51070,530
51071,530
51072,534
51073,528
51074,568
51075,528
51076,564
51077,528
51078,536
51079,554
51080,530
51081,534
51082,532
51083,526
51084,534
51085,528
51086,530
51087,528
51088,534
51089,534
51090,532
51091,534
51092,532
51093,536
51094,532
51095,536
51096,530
51097,530
51098,534
51099,526
51100,534
51101,532
51102,534
51103,538
51104,524
51105,538
51106,532
51107,530
51108,532
51109,536
51110,530
51111,534
51112,530
51113,532
51114,536
51115,536
51116,528
51117,532
51118,536
51119,524
51120,536
51121,534
51122,530
51123,534
51124,530
51125,532
51126,534
51127,536
51128,534
51129,534
51130,538
51131,528
51132,532
51133,554
51134,530
51135,534
51136,530
51137,530
51138,536
51139,532
51140,530
51141,530
51142,538
51143,538
51144,530
51145,540
51146,532
51147,532
51148,536
51149,530
51150,532
51151,534
51152,528
51153,536
51154,532
51155,530
51156,534
51157,534
51158,526
51159,534
51160,536
51161,524
51162,534
51163,532
51164,526
51165,534
51166,534
51167,532
51168,534
51169,536
51170,534
51171,532
51172,536
51173,530
51174,528
51175,532
51176,534
51177,536
51178,534
51179,532
51180,530
51181,530
51182,528
51183,532
51184,528
51185,532
51186,530
51187,530
51188,524
51189,536
51190,528
51191,530
51192,536
51193,536
51194,568
51195,532
51196,534
51197,522
51198,534
51199,536
51200,532
51201,534
51202,538
51203,526
51204,536
51205,534
51206,526
51207,534
51208,532
51209,526
51210,536
51211,538
51212,526
51213,530
51214,538
51215,534
51216,536
51217,530
51218,530
51219,534
51220,536
51221,532
51222,534
51223,532
51224,528
51225,536
51226,532
51227,526
51228,536
51229,532
51230,530
51231,530
51232,530
51233,528
51234,536
51235,536
51236,532
51237,536
51238,536
51239,530
51240,536
51241,530
51242,532
51243,534
51244,536
51245,536
51246,534
51247,534
51248,528
51249,536
51250,536
51251,528
51252,574
51253,530
51254,530
51255,532
51256,534
51257,530
51258,534
51259,534
51260,532
51261,536
51262,532
51263,528
51264,530
51265,538
51266,530
51267,536
51268,538
51269,536
51270,532
51271,538
51272,530
51273,536
51274,538
51275,530
51276,534
51277,534
51278,534
51279,536
51280,536
51281,532
51282,536
51283,532
51284,532
51285,528
51286,534
51287,524
51288,536
51289,534
51290,526
51291,538
51292,534
51293,528
51294,528
51295,528
51296,528
51297,530
51298,528
51299,532
51300,536
51301,528
51302,528
51303,536
51304,534
51305,528
51306,528
51307,536
51308,530
51309,530
51310,530
51311,526
51312,572
51313,532
51314,532
51315,528
51316,528
51317,524
51318,530
51319,532
51320,530
51321,530
51322,534
51323,524
51324,532
51325,534
51326,528
51327,530
51328,534
51329,528
51330,532
51331,530
51332,524
51333,532
51334,526
51335,530
51336,538
51337,534
51338,528
51339,534
51340,538
51341,528
51342,534
51343,532
51344,530
51345,536
51346,536
51347,534
51348,532
51349,530
51350,528
51351,534
51352,532
51353,534
51354,530
51355,534
51356,532
51357,532
51358,530
51359,530
51360,534
51361,538
51362,530
51363,536
51364,532
51365,530
51366,536
51367,540
51368,524
51369,530
51370,536
51371,528
51372,534
51373,532
51374,528
51375,530
51376,536
51377,530
51378,534
51379,532
51380,534
51381,530
51382,532
51383,532
51384,536
51385,534
51386,526
51387,530
51388,534
51389,532
51390,538
51391,538
51392,530
51393,530
51394,530
51395,534
51396,536
51397,530
51398,526
51399,530
51400,532
51401,530
51402,536
51403,530
51404,528
51405,534
51406,534
51407,528
51408,534
51409,596
51410,536
51411,532
51412,536
51413,532
51414,526
51415,536
51416,532
51417,530
51418,532
51419,530
51420,530
51421,536
51422,532
51423,530
51424,530
51425,530
51426,530
51427,536
51428,532
51429,532
51430,534
51431,534
51432,530
51433,534
51434,530
51435,532
51436,536
51437,532
51438,528
51439,536
51440,532
51441,530
51442,536
51443,534
51444,530
51445,528
51446,534
51447,530
51448,530
51449,528
51450,534
51451,530
51452,536
51453,528
51454,534
51455,536
51456,530
51457,530
51458,530
51459,524
51460,534
51461,532
51462,532
51463,528
51464,536
51465,532
51466,536
51467,530
51468,528
51469,530
51470,532
51471,570
51472,534
51473,532
51474,530
51475,536
51476,532
51477,528
51478,530
51479,528
51480,528
51481,538
51482,536
51483,526
51484,538
51485,576
51486,534
51487,536
51488,528
51489,530
51490,556
51491,532
51492,528
51493,532
51494,536
51495,532
51496,538
51497,536
51498,534
51499,532
51500,536
51501,532
51502,536
51503,534
51504,526
51505,540
51506,534
51507,532
51508,538
51509,536
51510,526
51511,536
51512,534
51513,528
51514,534
51515,536
51516,526
51517,532
51518,532
51519,530
51520,538
51521,532
51522,528
51523,534
51524,534
51525,532
51526,536
51527,538
51528,530
51529,534
51530,534
51531,532
51532,534
51533,532
51534,528
51535,534
51536,534
51537,526
51538,532
51539,530
51540,532
51541,532
51542,534
51543,532
51544,532
51545,526
51546,528
51547,572
51548,528
51549,530
51550,528
51551,530
51552,530
51553,536
51554,534
51555,526
51556,528
51557,536
51558,530
51559,530
51560,536
51561,532
51562,532
51563,532
51564,530
51565,534
51566,532
51567,532
51568,532
51569,532
51570,532
51571,530
51572,534
51573,534
51574,530
51575,538
51576,534
51577,532
51578,536
51579,532
51580,534
51581,530
51582,526
51583,534
51584,536
51585,530
51586,532
51587,532
51588,532
51589,536
51590,538
51591,528
51592,536
51593,538
51594,530
51595,530
51596,532
51597,528
51598,534
51599,530
51600,532
51601,536
51602,530
51603,532
51604,536
51605,530
51606,572
51607,538
51608,534
51609,528
51610,530
51611,532
51612,528
51613,536
51614,536
51615,530
51616,536
51617,532
51618,534
51619,534
51620,532
51621,528
51622,534
51623,538
51624,528
51625,532
51626,538
51627,524
51628,538
51629,536
51630,534
51631,530
51632,532
51633,530
51634,536
51635,532
51636,528
51637,532
51638,532
51639,526
51640,534
51641,530
51642,524
51643,534
51644,534
51645,532
51646,532
51647,536
51648,532
51649,532
51650,534
51651,530
51652,532
51653,534
51654,528
51655,534
51656,534
51657,528
51658,536
51659,532
51660,532
51661,530
51662,532
51663,524
51664,532
51665,536
51666,564
51667,530
51668,530
51669,532
51670,532
51671,530
51672,526
51673,528
51674,528
51675,526
51676,530
51677,536
51678,526
51679,532
51680,534
51681,530
51682,532
51683,528
51684,528
51685,532
51686,530
51687,534
51688,534
51689,530
51690,526
51691,536
51692,532
51693,532
51694,532
51695,528
51696,526
51697,536
51698,534
51699,530
51700,536
51701,536
51702,532
51703,536
51704,536
51705,526
51706,530
51707,528
51708,528
51709,536
51710,534
51711,530
51712,532
51713,536
51714,532
51715,536
51716,534
51717,534
51718,534
51719,532
51720,530
51721,538
51722,538
51723,524
51724,530
51725,532
51726,532
51727,538
51728,606
51729,528
51730,534
51731,532
51732,532
51733,530
51734,532
51735,528
51736,538
51737,536
51738,532
51739,528
51740,536
51741,528
51742,532
51743,538
51744,534
51745,536
51746,534
51747,532
51748,530
51749,536
51750,526
51751,536
51752,538
51753,526
51754,534
51755,528
51756,528
51757,536
51758,534
51759,528
51760,532
51761,534
51762,526
51763,534
51764,530
51765,528
51766,532
51767,536
51768,528
51769,534
51770,532
51771,528
51772,532
51773,534
51774,526
51775,530
51776,530
51777,524
51778,530
51779,534
51780,526
51781,534
51782,536
51783,530
51784,530
51785,534
51786,524
51787,530
51788,572
51789,524
51790,528
51791,534
51792,526
51793,536
51794,534
51795,528
51796,534
51797,532
51798,522
51799,532
51800,532
51801,526
51802,532
51803,526
51804,530
51805,534
51806,534
51807,532
51808,534
51809,526
51810,524
51811,532
51812,536
51813,528
51814,534
51815,532
51816,524
51817,530
51818,536
51819,528
51820,536
51821,536
51822,528
51823,526
51824,530
51825,522
51826,532
51827,530
51828,530
51829,538
51830,532
51831,528
51832,532
51833,534
51834,526
51835,534
51836,534
51837,530
51838,536
51839,532
51840,532
51841,530
51842,530
51843,528
51844,536
51845,532
51846,530
51847,530
51848,532
51849,526
51850,536
51851,534
51852,570
51853,532
51854,536
51855,526
51856,532
51857,532
51858,532
51859,538
51860,536
51861,530
51862,532
51863,534
51864,526
51865,536
51866,534
51867,526
51868,534
51869,528
51870,534
51871,526
51872,530
51873,534
51874,530
51875,538
51876,524
51877,536
51878,532
51879,524
51880,530
51881,530
51882,526
51883,534
51884,536
51885,534
51886,530
51887,526
51888,528
51889,536
51890,536
51891,524
51892,534
51893,532
51894,530
51895,566
51896,532
51897,536
51898,524
51899,534
51900,530
51901,524
51902,534
51903,528
51904,524
51905,534
51906,526
51907,526
51908,534
51909,532
51910,530
51911,528
51912,534
51913,524
51914,532
51915,528
51916,526
51917,530
51918,530
51919,528
51920,530
51921,532
51922,528
51923,532
51924,530
51925,528
51926,528
51927,536
51928,568
51929,536
51930,532
51931,532
51932,528
51933,530
51934,532
51935,536
51936,526
51937,526
51938,534
51939,532
51940,524
51941,532
51942,530
51943,526
51944,528
51945,534
51946,528
51947,528
51948,532
51949,530
51950,532
51951,532
51952,532
51953,528
51954,534
51955,530
51956,530
51957,536
51958,524
51959,530
51960,526
51961,530
51962,534
51963,534
51964,526
51965,536
51966,538
51967,530
51968,534
51969,532
51970,528
51971,538
51972,536
51973,528
51974,540
51975,530
51976,532
51977,536
51978,530
51979,528
51980,534
51981,530
51982,532
51983,532
51984,532
51985,530
51986,530
51987,574
51988,532
51989,536
51990,528
51991,526
51992,532
51993,528
51994,524
51995,530
51996,534
51997,526
51998,530
51999,532
52000,528
52001,530
52002,536
52003,522
52004,536
52005,528
52006,528
52007,528
52008,530
52009,526
52010,532
52011,536
52012,530
52013,536
52014,536
52015,532
52016,526
52017,528
52018,530
52019,528
52020,534
52021,530
52022,532
52023,534
52024,532
52025,528
52026,526
52027,528
52028,532
52029,530
52030,530
52031,536
52032,534
52033,526
52034,530
52035,534
52036,524
52037,530
52038,528
52039,532
52040,528
52041,532
52042,524
52043,534
52044,534
52045,526
52046,534
52047,532
52048,526
52049,532
52050,536
52051,526
52052,534
52053,528
52054,528
52055,532
52056,530
52057,528
52058,528
52059,532
52060,524
52061,532
52062,536
52063,530
52064,528
52065,528
52066,526
52067,534
52068,536
52069,530
52070,534
52071,530
52072,532
52073,526
52074,534
52075,530
52076,532
52077,528
52078,528
52079,528
52080,530
52081,530
52082,534
52083,530
52084,530
52085,536
52086,532
52087,534
52088,532
52089,530
52090,528
52091,560
52092,532
52093,530
52094,534
52095,532
52096,532
52097,536
52098,536
52099,532
52100,538
52101,534
52102,526
52103,538
52104,532
52105,532
52106,530
52107,534
52108,530
52109,536
52110,532
52111,532
52112,536
52113,534
52114,532
52115,530
52116,528
52117,528
52118,532
52119,534
52120,532
52121,530
52122,532
52123,528
52124,536
52125,530
52126,532
52127,530
52128,534
52129,532
52130,534
52131,530
52132,526
52133,530
52134,530
52135,530
52136,532
52137,536
52138,532
52139,534
52140,532
52141,526
52142,532
52143,534
52144,528
52145,532
52146,536
52147,526
52148,538
52149,534
52150,568
52151,532
52152,536
52153,528
52154,534
52155,530
52156,530
52157,534
52158,526
52159,528
52160,528
52161,534
52162,530
52163,526
52164,536
52165,532
52166,528
52167,530
52168,536
52169,524
52170,534
52171,528
52172,528
52173,528
52174,536
52175,530
52176,532
52177,530
52178,526
52179,530
52180,534
52181,526
52182,530
52183,528
52184,524
52185,532
52186,536
52187,528
52188,534
52189,530
52190,530
52191,536
52192,536
52193,532
52194,532
52195,536
52196,528
52197,526
52198,536
52199,532
52200,536
52201,536
52202,532
52203,538
52204,532
52205,526
52206,528
52207,530
52208,530
52209,534
52210,538
52211,528
52212,534
52213,536
52214,528
52215,538
52216,574
52217,530
52218,538
52219,532
52220,534
52221,532
52222,532
52223,528
52224,530
52225,532
52226,532
52227,532
52228,530
52229,530
52230,538
52231,536
52232,532
52233,534
52234,530
52235,532
52236,530
52237,528
52238,532
52239,536
52240,532
52241,530
52242,534
52243,528
52244,532
52245,534
52246,536
52247,524
52248,538
52249,532
52250,532
52251,532
52252,530
52253,528
52254,530
52255,534
52256,526
52257,532
52258,526
52259,528
52260,534
52261,528
52262,530
52263,534
52264,528
52265,530
52266,532
52267,536
52268,530
52269,534
52270,532
52271,522
52272,530
52273,532
52274,530
52275,570
52276,530
52277,526
52278,528
52279,530
52280,526
52281,528
52282,530
52283,530
52284,532
52285,534
52286,530
52287,532
52288,534
52289,528
52290,528
52291,530
52292,526
52293,534
52294,536
52295,524
52296,532
52297,532
52298,524
52299,530
52300,536
52301,528
52302,530
52303,530
52304,572
52305,530
52306,532
52307,530
52308,532
52309,534
52310,526
52311,534
52312,536
52313,530
52314,536
52315,538
52316,530
52317,534
52318,532
52319,530
52320,534
52321,534
52322,528
52323,532
52324,532
52325,530
52326,532
52327,532
52328,526
52329,536
52330,534
52331,534
52332,536
52333,532
52334,532
52335,536
52336,536
52337,526
52338,536
52339,534
52340,528
52341,536
52342,532
52343,530
52344,534
52345,534
52346,530
52347,530
52348,532
52349,532
52350,536
52351,540
52352,528
52353,536
52354,536
52355,530
52356,532
52357,530
52358,532
52359,534
52360,532
52361,532
52362,530
52363,534
52364,530
52365,572
52366,530
52367,528
52368,530
52369,530
52370,532
52371,534
52372,532
52373,532
52374,536
52375,532
52376,530
52377,536
52378,530
52379,528
52380,534
52381,534
52382,528
52383,532
52384,528
52385,526
52386,530
52387,532
52388,530
52389,534
52390,534
52391,530
52392,526
52393,534
52394,526
52395,528
52396,536
52397,528
52398,530
52399,532
52400,530
52401,536
52402,534
52403,526
52404,534
52405,530
52406,530
52407,534
52408,528
52409,526
52410,534
52411,532
52412,534
52413,532
52414,530
52415,530
52416,532
52417,534
52418,532
52419,530
52420,536
52421,524
52422,534
52423,534
52424,530
52425,534
52426,536
52427,568
52428,530
52429,536
52430,526
52431,528
52432,536
52433,526
52434,534
52435,536
52436,530
52437,534
52438,534
52439,530
52440,534
52441,530
52442,528
52443,538
52444,530
52445,526
52446,534
52447,534
52448,528
52449,532
52450,534
52451,526
52452,538
52453,532
52454,526
52455,534
52456,538
52457,528
52458,538
52459,532
52460,530
52461,534
52462,530
52463,532
52464,530
52465,536
52466,530
52467,536
52468,528
52469,526
52470,530
52471,528
52472,530
52473,536
52474,538
52475,528
52476,526
52477,534
52478,530
52479,534
52480,532
52481,530
52482,532
52483,532
52484,530
52485,534
52486,530
52487,526
52488,534
52489,534
52490,524
52491,528
52492,534
52493,528
52494,534
52495,526
52496,526
52497,536
52498,532
52499,526
52500,536
52501,540
52502,532
52503,534
52504,532
52505,528
52506,530
52507,534
52508,532
52509,528
52510,534
52511,530
52512,536
52513,534
52514,526
52515,532
52516,530
52517,532
52518,532
52519,534
52520,526
52521,532
52522,536
52523,530
52524,532
52525,534
52526,526
52527,536
52528,536
52529,526
52530,530
52531,528
52532,528
52533,530
52534,532
52535,524
52536,536
52537,536
52538,524
52539,538
52540,534
52541,528
52542,532
52543,534
52544,526
52545,532
52546,574
52547,530
52548,536
52549,532
52550,528
52551,536
52552,536
52553,526
52554,528
52555,536
52556,530
52557,534
52558,534
52559,532
52560,534
52561,538
52562,526
52563,536
52564,530
52565,526
52566,534
52567,534
52568,532
52569,536
52570,526
52571,532
52572,538
52573,536
52574,530
52575,534
52576,530
52577,530
52578,540
52579,532
52580,530
52581,534
52582,534
52583,526
52584,532
52585,528
52586,534
52587,536
52588,534
52589,530
52590,536
52591,534
52592,532
52593,536
52594,532
52595,532
52596,534
52597,534
52598,532
52599,536
52600,536
52601,528
52602,534
52603,536
52604,530
52605,532
52606,534
52607,532
52608,556
52609,534
52610,528
52611,532
52612,530
52613,526
52614,534
52615,528
52616,530
52617,536
52618,530
52619,532
52620,526
52621,532
52622,528
52623,536
52624,536
52625,530
52626,534
52627,532
52628,522
52629,530
52630,530
52631,530
52632,534
52633,532
52634,524
52635,530
52636,534
52637,530
52638,534
52639,526
52640,526
52641,530
52642,532
52643,524
52644,528
52645,530
52646,524
52647,532
52648,530
52649,530
52650,534
52651,532
52652,526
52653,528
52654,530
52655,528
52656,534
52657,534
52658,524
52659,528
52660,534
52661,532
52662,534
52663,532
52664,524
52665,534
52666,526
52667,532
52668,528
52669,576
52670,532
52671,532
52672,532
52673,528
52674,530
52675,534
52676,526
52677,536
52678,534
52679,524
52680,530
52681,532
52682,530
52683,534
52684,530
52685,530
52686,534
52687,532
52688,532
52689,532
52690,528
52691,532
52692,530
52693,534
52694,530
52695,532
52696,534
52697,530
52698,538
52699,536
52700,528
52701,534
52702,536
52703,528
52704,536
52705,530
52706,528
52707,536
52708,538
52709,530
52710,532
52711,528
52712,532
52713,532
52714,584
52715,534
52716,534
52717,526
52718,532
52719,530
52720,528
52721,526
52722,528
52723,534
52724,542
52725,534
52726,526
52727,538
52728,526
52729,534
52730,522
52731,528
52732,534
52733,530
52734,528
52735,528
52736,526
52737,536
52738,534
52739,532
52740,528
52741,534
52742,526
52743,528
52744,534
52745,524
52746,534
52747,532
52748,526
52749,538
52750,530
52751,522
52752,532
52753,528
52754,526
52755,532
52756,526
52757,530
52758,534
52759,532
52760,530
52761,532
52762,530
52763,532
52764,534
52765,530
52766,570
52767,534
52768,532
52769,532
52770,530
52771,534
52772,528
52773,530
52774,528
52775,524
52776,530
52777,532
52778,522
52779,534
52780,534
52781,524
52782,530
52783,530
52784,532
52785,530
52786,536
52787,532
52788,530
52789,532
52790,532
52791,530
52792,536
52793,526
52794,532
52795,528
52796,532
52797,530
52798,530
52799,530
52800,532
52801,534
52802,528
52803,534
52804,536
52805,534
52806,536
52807,532
52808,526
52809,532
52810,532
52811,528
52812,534
52813,530
52814,526
52815,530
52816,530
52817,526
52818,534
52819,532
52820,524
52821,530
52822,532
52823,524
52824,576
52825,534
52826,530
52827,534
52828,528
52829,526
52830,528
52831,530
52832,530
52833,534
52834,538
52835,532
52836,534
52837,534
52838,526
52839,528
52840,528
52841,530
52842,526
52843,530
52844,532
52845,534
52846,534
52847,528
52848,534
52849,534
52850,522
52851,536
52852,532
52853,528
52854,534
52855,536
52856,530
52857,540
52858,534
52859,530
52860,534
52861,528
52862,532
52863,532
52864,532
52865,526
52866,534
52867,530
52868,530
52869,532
52870,530
52871,528
52872,530
52873,536
52874,528
52875,532
52876,532
52877,530
52878,532
52879,532
52880,524
52881,534
52882,528
52883,532
52884,530
52885,530
52886,530
52887,548
52888,526
52889,528
52890,528
52891,530
52892,528
52893,532
52894,534
52895,532
52896,534
52897,530
52898,528
52899,534
52900,532
52901,524
52902,530
52903,532
52904,526
52905,534
52906,528
52907,528
52908,534
52909,530
52910,530
52911,532
52912,534
52913,532
52914,528
52915,534
52916,530
52917,534
52918,534
52919,526
52920,536
52921,530
52922,532
52923,538
52924,532
52925,526
52926,530
52927,528
52928,532
52929,538
52930,532
52931,536
52932,532
52933,530
52934,530
52935,530
52936,530
52937,532
52938,538
52939,532
52940,528
52941,532
52942,536
52943,528
52944,536
52945,532
52946,530
52947,532
52948,534
52949,532
52950,578
52951,534
52952,528
52953,530
52954,532
52955,526
52956,528
52957,530
52958,528
52959,536
52960,532
52961,530
52962,534
52963,532
52964,532
52965,536
52966,526
52967,530
52968,534
52969,536
52970,528
52971,534
52972,528
52973,534
52974,534
52975,536
52976,35456
52977,536
52978,544
52979,532
52980,532
52981,526
52982,528
52983,534
52984,534
52985,532
52986,536
52987,536
52988,532
52989,530
52990,532
52991,532
52992,528
52993,534
52994,528
52995,532
52996,532
52997,530
52998,534
52999,544
53000,526
53001,534
53002,536
53003,534
53004,530
53005,536
53006,526
53007,536
53008,534
53009,528
53010,532
53011,538
53012,524
53013,536
53014,536
53015,530
53016,532
53017,534
53018,528
53019,530
53020,530
53021,532
53022,530
53023,538
53024,530
53025,530
53026,532
53027,534
53028,530
53029,536
53030,532
53031,530
53032,530
53033,524
53034,528
53035,528
53036,530
53037,534
53038,536
53039,530
53040,536
53041,532
53042,526
53043,530
53044,574
53045,524
53046,532
53047,532
53048,534
53049,532
53050,534
53051,524
53052,534
53053,534
53054,526
53055,536
53056,530
53057,528
53058,536
53059,530
53060,528
53061,534
53062,532
53063,530
53064,534
53065,530
53066,526
53067,530
53068,534
53069,524
53070,532
53071,532
53072,526
53073,530
53074,532
53075,522
53076,528
53077,530
53078,526
53079,536
53080,536
53081,530
53082,534
53083,530
53084,528
53085,534
53086,528
53087,530
53088,530
53089,530
53090,530
53091,530
53092,532
53093,530
53094,530
53095,528
53096,530
53097,530
53098,536
53099,530
53100,526
53101,536
53102,528
53103,538
53104,530
53105,532
53106,572
53107,534
53108,524
53109,538
53110,538
53111,528
53112,538
53113,532
53114,526
53115,526
53116,532
53117,534
53118,536
53119,536
53120,532
53121,532
53122,534
53123,782
53124,532
53125,556
53126,538
53127,534
53128,534
53129,526
53130,530
53131,534
53132,536
53133,536
53134,532
53135,530
53136,530
53137,536
53138,534
53139,526
53140,534
53141,534
53142,536
53143,530
53144,526
53145,532
53146,534
53147,530
53148,528
53149,530
53150,534
53151,528
53152,532
53153,534
53154,524
53155,532
53156,536
53157,524
53158,528
53159,532
53160,530
53161,532
53162,534
53163,530
53164,536
53165,534
53166,528
53167,534
53168,530
53169,528
53170,528
53171,536
53172,524
53173,534
53174,534
53175,530
53176,536
53177,534
53178,526
53179,532
53180,532
53181,566
53182,530
53183,528
53184,530
53185,528
53186,532
53187,536
53188,532
53189,536
53190,528
53191,528
53192,534
53193,526
53194,530
53195,528
53196,528
53197,532
53198,530
53199,524
53200,534
53201,534
53202,530
53203,534
53204,534
53205,528
53206,530
53207,532
53208,534
53209,532
53210,528
53211,526
53212,528
53213,536
53214,524
53215,538
53216,534
53217,532
53218,534
53219,532
53220,528
53221,536
53222,526
53223,526
53224,532
53225,528
53226,528
53227,534
53228,534
53229,524
53230,536
53231,536
53232,530
53233,534
53234,530
53235,534
53236,530
53237,534
53238,526
53239,538
53240,536
53241,528
53242,534
53243,530
53244,534
53245,530
53246,536
53247,532
53248,534
53249,532
53250,534
53251,530
53252,536
53253,528
53254,538
53255,534
53256,534
53257,538
53258,534
53259,528
53260,536
53261,532
53262,528
53263,530
53264,534
53265,522
53266,530
53267,536
53268,532
53269,528
53270,528
53271,532
53272,532
53273,578
53274,532
53275,530
53276,530
53277,530
53278,530
53279,532
53280,530
53281,528
53282,532
53283,524
53284,530
53285,532
53286,524
53287,530
53288,530
53289,526
53290,532
53291,532
53292,522
53293,536
53294,530
53295,532
53296,530
53297,534
53298,526
53299,530
53300,528
53301,528
53302,534
53303,534
53304,530
53305,536
53306,532
53307,522
53308,532
53309,530
53310,522
53311,532
53312,532
53313,528
53314,534
53315,532
53316,530
53317,534
53318,532
53319,526
53320,528
53321,534
53322,530
53323,530
53324,536
53325,532
53326,536
53327,536
53328,524
53329,538
53330,536
53331,528
53332,534
53333,530
53334,524
53335,534
53336,574
53337,528
53338,534
53339,530
53340,524
53341,530
53342,534
53343,524
53344,530
53345,532
53346,532
53347,534
53348,530
53349,532
53350,536
53351,534
53352,532
53353,536
53354,536
53355,528
53356,534
53357,536
53358,534
53359,534
53360,534
53361,528
53362,530
53363,532
53364,528
53365,534
53366,530
53367,530
53368,534
53369,532
53370,532
53371,536
53372,536
53373,532
53374,530
53375,532
53376,530
53377,534
53378,530
53379,530
53380,534
53381,534
53382,530
53383,534
53384,530
53385,530
53386,534
53387,532
53388,522
53389,532
53390,530
53391,528
53392,530
53393,534
53394,528
53395,532
53396,528
53397,534
53398,536
53399,534
53400,588
53401,534
53402,532
53403,532
53404,536
53405,530
53406,528
53407,528
53408,530
53409,528
53410,532
53411,534
53412,524
53413,532
53414,534
53415,528
53416,532
53417,534
53418,528
53419,534
53420,532
53421,526
53422,536
53423,532
53424,528
53425,532
53426,530
53427,522
53428,532
53429,536
53430,524
53431,530
53432,526
53433,526
53434,530
53435,530
53436,526
53437,534
53438,530
53439,534
53440,530
53441,532
53442,526
53443,534
53444,530
53445,532
53446,534
53447,530
53448,526
53449,534
53450,532
53451,526
53452,526
53453,534
53454,522
53455,532
53456,528
53457,526
53458,536
53459,532
53460,526
53461,536
53462,528
53463,530
53464,576
53465,530
53466,526
53467,532
53468,530
53469,526
53470,538
53471,534
53472,524
53473,536
53474,534
53475,526
53476,536
53477,536
53478,528
53479,534
53480,534
53481,528
53482,538
53483,536
53484,532
53485,534
53486,532
53487,532
53488,532
53489,534
53490,524
53491,530
53492,538
53493,530
53494,534
53495,536
53496,530
53497,532
53498,532
53499,532
53500,536
53501,534
53502,532
53503,538
53504,536
53505,526
53506,534
53507,534
53508,524
53509,534
53510,536
53511,532
53512,532
53513,532
53514,528
53515,528
53516,534
53517,532
53518,534
53519,536
53520,532
53521,534
53522,532
53523,532
53524,528
53525,528
53526,528
53527,528
53528,530
53529,528
53530,534
53531,536
53532,526
53533,574
53534,530
53535,536
53536,528
53537,536
53538,526
53539,528
53540,554
53541,526
53542,532
53543,536
53544,538
53545,534
53546,528
53547,530
53548,534
53549,530
53550,536
53551,530
53552,534
53553,530
53554,530
53555,530
53556,524
53557,530
53558,532
53559,524
53560,530
53561,718
53562,530
53563,528
53564,536
53565,528
53566,528
53567,532
53568,530
53569,532
53570,532
53571,530
53572,530
53573,536
53574,526
53575,534
53576,534
53577,530
53578,536
53579,532
53580,526
53581,534
53582,534
53583,524
53584,530
53585,534
53586,528
53587,534
53588,536
53589,526
53590,530
53591,534
53592,532
53593,528
53594,532
53595,534
53596,536
53597,532
53598,536
53599,536
53600,532
53601,528
53602,532
53603,532
53604,532
53605,536
53606,532
53607,528
53608,532
53609,536
53610,530
53611,536
53612,534
53613,534
53614,534
53615,530
53616,530
53617,534
53618,572
53619,528
53620,534
53621,534
53622,526
53623,536
53624,538
53625,528
53626,538
53627,532
53628,532
53629,528
53630,536
53631,528
53632,536
53633,532
53634,528
53635,532
53636,534
53637,526
53638,534
53639,538
53640,526
53641,538
53642,532
53643,530
53644,534
53645,532
53646,530
53647,532
53648,536
53649,522
53650,536
53651,530
53652,528
53653,534
53654,530
53655,530
53656,534
53657,530
53658,528
53659,532
53660,528
53661,528
53662,536
53663,530
53664,530
53665,534
53666,530
53667,530
53668,532
53669,530
53670,526
53671,530
53672,538
53673,526
53674,534
53675,532
53676,528
53677,526
53678,530
53679,530
53680,572
53681,536
53682,532
53683,530
53684,538
53685,530
53686,526
53687,536
53688,534
53689,530
53690,536
53691,532
53692,532
53693,536
53694,532
53695,532
53696,532
53697,532
53698,532
53699,532
53700,540
53701,526
53702,532
53703,536
53704,536
53705,534
53706,538
53707,524
53708,532
53709,532
53710,532
53711,532
53712,528
53713,530
53714,540
53715,534
53716,526
53717,538
53718,534
53719,528
53720,528
53721,532
53722,530
53723,536
53724,530
53725,530
53726,530
53727,534
53728,534
53729,530
53730,530
53731,530
53732,538
53733,536
53734,530
53735,530
53736,532
53737,528
53738,532
53739,540
53740,530
53741,574
53742,534
53743,530
53744,532
53745,532
53746,524
53747,534
53748,532
53749,534
53750,528
53751,540
53752,534
53753,536
53754,538
53755,530
53756,536
53757,538
53758,532
53759,536
53760,530
53761,526
53762,532
53763,530
53764,526
53765,532
53766,532
53767,528
53768,534
53769,530
53770,528
53771,536
53772,530
53773,526
53774,534
53775,528
53776,532
53777,530
53778,532
53779,526
53780,534
53781,530
53782,528
53783,534
53784,528
53785,524
53786,534
53787,532
53788,524
53789,530
53790,532
53791,526
53792,534
53793,532
53794,530
53795,530
53796,534
53797,526
53798,532
53799,532
53800,526
53801,532
53802,534
53803,528
53804,594
53805,536
53806,528
53807,532
53808,532
53809,530
53810,532
53811,530
53812,530
53813,536
53814,534
53815,530
53816,536
53817,534
53818,524
53819,536
53820,534
53821,534
53822,530
53823,536
53824,528
53825,534
53826,534
53827,528
53828,532
53829,534
53830,528
53831,530
53832,538
53833,532
53834,536
53835,530
53836,534
53837,536
53838,530
53839,532
53840,530
53841,536
53842,532
53843,532
53844,534
53845,534
53846,536
53847,536
53848,532
53849,534
53850,538
53851,530
53852,538
53853,538
53854,532
53855,532
53856,534
53857,526
53858,540
53859,538
53860,528
53861,536
53862,534
53863,530
53864,534
53865,532
53866,528
53867,534
53868,530
53869,536
53870,530
53871,538
53872,530
53873,532
53874,530
53875,532
53876,530
53877,534
53878,530
53879,536
53880,532
53881,528
53882,536
53883,534
53884,526
53885,532
53886,528
53887,528
53888,534
53889,538
53890,526
53891,532
53892,534
53893,570
53894,532
53895,534
53896,530
53897,532
53898,526
53899,530
53900,532
53901,536
53902,526
53903,534
53904,536
53905,530
53906,528
53907,528
53908,530
53909,528
53910,530
53911,522
53912,530
53913,534
53914,528
53915,530
53916,528
53917,528
53918,532
53919,530
53920,522
53921,534
53922,532
53923,526
53924,532
53925,534
53926,526
53927,528
53928,530
53929,530
53930,534
53931,532
53932,532
53933,534
53934,530
53935,526
53936,536
53937,536
53938,530
53939,534
53940,532
53941,530
53942,536
53943,570
53944,536
53945,562
53946,532
53947,532
53948,536
53949,538
53950,558
53951,532
53952,534
53953,528
53954,534
53955,534
53956,530
53957,532
53958,536
53959,532
53960,528
53961,534
53962,528
53963,534
53964,532
53965,528
53966,534
53967,536
53968,532
53969,530
53970,534
53971,530
53972,538
53973,532
53974,528
53975,530
53976,532
53977,528
53978,534
53979,532
53980,532
53981,530
53982,530
53983,530
53984,534
53985,534
53986,524
53987,530
53988,534
53989,534
53990,536
53991,534
53992,528
53993,530
53994,534
53995,526
53996,572
53997,530
53998,528
53999,532
54000,530
54001,528
54002,530
54003,532
54004,526
54005,530
54006,528
54007,532
54008,528
54009,528
54010,524
54011,534
54012,532
54013,526
54014,534
54015,526
54016,532
54017,534
54018,534
54019,524
54020,530
54021,530
54022,530
54023,530
54024,530
54025,526
54026,532
54027,526
54028,530
54029,534
54030,532
54031,526
54032,534
54033,534
54034,532
54035,526
54036,534
54037,528
54038,534
54039,532
54040,528
54041,536
54042,532
54043,530
54044,536
54045,526
54046,528
54047,532
54048,534
54049,530
54050,534
54051,532
54052,530
54053,536
54054,530
54055,530
54056,532
54057,576
54058,532
54059,538
54060,534
54061,532
54062,534
54063,536
54064,532
54065,530
54066,536
54067,532
54068,532
54069,536
54070,524
54071,538
54072,532
54073,532
54074,536
54075,536
54076,524
54077,534
54078,536
54079,526
54080,536
54081,530
54082,532
54083,530
54084,534
54085,530
54086,534
54087,536
54088,534
54089,536
54090,532
54091,526
54092,532
54093,534
54094,534
54095,534
54096,534
54097,526
54098,536
54099,528
54100,528
54101,536
54102,528
54103,534
54104,530
54105,534
54106,530
54107,534
54108,534
54109,530
54110,534
54111,534
54112,532
54113,536
54114,534
54115,528
54116,534
54117,572
54118,530
54119,536
54120,528
54121,530
54122,536
54123,532
54124,526
54125,536
54126,536
54127,528
54128,534
54129,526
54130,526
54131,530
54132,528
54133,530
54134,534
54135,532
54136,532
54137,534
54138,534
54139,526
54140,528
54141,532
54142,528
54143,534
54144,528
54145,528
54146,528
54147,536
54148,528
54149,530
54150,530
54151,528
54152,528
54153,530
54154,524
54155,536
54156,530
54157,530
54158,534
54159,536
54160,530
54161,534
54162,532
54163,528
54164,536
54165,536
54166,528
54167,532
54168,534
54169,532
54170,536
54171,536
54172,526
54173,536
54174,530
54175,534
54176,534
54177,530
54178,524
54179,536
54180,532
54181,530
54182,538
54183,538
54184,524
54185,536
54186,538
54187,530
54188,534
54189,534
54190,526
54191,532
54192,538
54193,532
54194,530
54195,534
54196,530
54197,534
54198,530
54199,532
54200,674
54201,532
54202,530
54203,534
54204,528
54205,530
54206,532
54207,536
54208,528
54209,532
54210,528
54211,532
54212,538
54213,532
54214,530
54215,536
54216,534
54217,532
54218,536
54219,534
54220,532
54221,532
54222,532
54223,524
54224,532
54225,534
54226,526
54227,536
54228,532
54229,524
54230,534
54231,538
54232,532
54233,526
54234,534
54235,532
54236,532
54237,534
54238,528
54239,530
54240,528
54241,526
54242,534
54243,536
54244,526
54245,534
54246,534
54247,530
54248,536
54249,536
54250,532
54251,534
54252,530
54253,530
54254,534
54255,534
54256,526
54257,534
54258,532
54259,530
54260,532
54261,530
54262,570
54263,534
54264,534
54265,526
54266,534
54267,536
54268,528
54269,530
54270,532
54271,530
54272,536
54273,532
54274,524
54275,532
54276,530
54277,530
54278,534
54279,536
54280,536
54281,536
54282,534
54283,528
54284,538
54285,532
54286,528
54287,530
54288,532
54289,530
54290,534
54291,538
54292,530
54293,538
54294,530
54295,534
54296,538
54297,534
54298,524
54299,528
54300,530
54301,530
54302,532
54303,536
54304,532
54305,534
54306,532
54307,528
54308,534
54309,536
54310,528
54311,536
54312,538
54313,530
54314,534
54315,532
54316,536
54317,534
54318,534
54319,528
54320,538
54321,662
54322,536
54323,528
54324,538
54325,534
54326,526
54327,538
54328,540
54329,528
54330,532
54331,538
54332,534
54333,530
54334,526
54335,532
54336,528
54337,532
54338,526
54339,532
54340,536
54341,524
54342,532
54343,536
54344,532
54345,534
54346,530
54347,530
54348,538
54349,530
54350,530
54351,532
54352,576
54353,534
54354,530
54355,530
54356,526
54357,526
54358,534
54359,544
54360,528
54361,534
54362,528
54363,538
54364,530
54365,532
54366,524
54367,530
54368,532
54369,528
54370,532
54371,534
54372,530
54373,532
54374,534
54375,526
54376,534
54377,532
54378,524
54379,526
54380,530
54381,530
54382,530
54383,530
54384,524
54385,536
54386,530
54387,532
54388,532
54389,536
54390,526
54391,528
54392,534
54393,524
54394,528
54395,534
54396,530
54397,570
54398,530
54399,532
54400,536
54401,528
54402,528
54403,530
54404,532
54405,528
54406,532
54407,530
54408,530
54409,534
54410,530
54411,528
54412,530
54413,534
54414,526
54415,536
54416,532
54417,528
54418,532
54419,536
54420,532
54421,534
54422,536
54423,530
54424,536
54425,536
54426,528
54427,530
54428,534
54429,530
54430,530
54431,528
54432,532
54433,536
54434,532
54435,528
54436,530
54437,530
54438,526
54439,534
54440,530
54441,530
54442,534
54443,530
54444,530
54445,530
54446,538
54447,528
54448,532
54449,534
54450,528
54451,536
54452,534
54453,526
54454,570
54455,530
54456,532
54457,536
54458,528
54459,532
54460,530
54461,530
54462,534
54463,536
54464,530
54465,530
54466,534
54467,534
54468,530
54469,530
54470,530
54471,524
54472,532
54473,534
54474,524
54475,534
54476,536
54477,524
54478,528
54479,530
54480,526
54481,536
54482,530
54483,532
54484,536
54485,530
54486,530
54487,534
54488,530
54489,530
54490,524
54491,534
54492,526
54493,528
54494,534
54495,534
54496,528
54497,532
54498,532
54499,530
54500,530
54501,534
54502,526
54503,532
54504,534
54505,528
54506,534
54507,532
54508,526
54509,530
54510,534
54511,526
54512,530
54513,532
54514,546
54515,528
54516,532
54517,530
54518,534
54519,536
54520,526
54521,530
54522,534
54523,526
54524,530
54525,532
54526,532
54527,534
54528,534
54529,528
54530,528
54531,532
54532,530
54533,536
54534,530
54535,532
54536,528
54537,534
54538,528
54539,528
54540,538
54541,526
54542,532
54543,534
54544,528
54545,536
54546,536
54547,530
54548,536
54549,532
54550,532
54551,538
54552,532
54553,528
54554,534
54555,530
54556,532
54557,530
54558,538
54559,528
54560,530
54561,532
54562,526
54563,532
54564,532
54565,526
54566,530
54567,536
54568,530
54569,534
54570,534
54571,534
54572,534
54573,536
54574,528
54575,536
54576,534
54577,528
54578,534
54579,534
54580,524
54581,538
54582,530
54583,526
54584,536
54585,532
54586,524
54587,530
54588,528
54589,534
54590,534
54591,532
54592,530
54593,532
54594,534
54595,528
54596,534
54597,536
54598,524
54599,532
54600,532
54601,530
54602,528
54603,532
54604,532
54605,532
54606,534
54607,526
54608,530
54609,534
54610,530
54611,530
54612,526
54613,524
54614,528
54615,528
54616,522
54617,534
54618,534
54619,524
54620,534
54621,530
54622,524
54623,566
54624,532
54625,530
54626,536
54627,530
54628,528
54629,530
54630,532
54631,524
54632,534
54633,532
54634,528
54635,536
54636,534
54637,524
54638,536
54639,534
54640,530
54641,530
54642,534
54643,526
54644,530
54645,534
54646,530
54647,534
54648,530
54649,526
54650,532
54651,530
54652,524
54653,534
54654,538
54655,532
54656,532
54657,530
54658,532
54659,534
54660,536
54661,530
54662,532
54663,538
54664,530
54665,532
54666,532
54667,530
54668,536
54669,536
54670,528
54671,534
54672,536
54673,534
54674,538
54675,532
54676,528
54677,534
54678,532
54679,528
54680,534
54681,538
54682,532
54683,568
54684,534
54685,532
54686,532
54687,532
54688,528
54689,536
54690,532
54691,530
54692,534
54693,530
54694,532
54695,536
54696,538
54697,526
54698,534
54699,534
54700,524
54701,530
54702,536
54703,526
54704,536
54705,530
54706,526
54707,536
54708,532
54709,526
54710,530
54711,534
54712,530
54713,534
54714,534
54715,526
54716,532
54717,534
54718,530
54719,534
54720,530
54721,530
54722,528
54723,530
54724,532
54725,532
54726,534
54727,530
54728,528
54729,532
54730,526
54731,526
54732,536
54733,534
54734,530
54735,530
54736,526
54737,534
54738,532
54739,522
54740,530
54741,532
54742,528
54743,530
54744,536
54745,548
54746,530
54747,532
54748,528
54749,526
54750,530
54751,530
54752,532
54753,534
54754,526
54755,534
54756,528
54757,530
54758,530
54759,530
54760,530
54761,526
54762,578
54763,530
54764,538
54765,532
54766,534
54767,532
54768,556
54769,532
54770,532
54771,532
54772,536
54773,534
54774,530
54775,530
54776,534
54777,526
54778,536
54779,532
54780,532
54781,536
54782,528
54783,534
54784,534
54785,534
54786,530
54787,542
54788,536
54789,530
54790,536
54791,536
54792,534
54793,532
54794,532
54795,534
54796,530
54797,570
54798,528
54799,534
54800,538
54801,528
54802,536
54803,534
54804,532
54805,532
54806,532
54807,526
54808,530
54809,536
54810,530
54811,534
54812,532
54813,532
54814,530
54815,530
54816,528
54817,536
54818,530
54819,532
54820,534
54821,536
54822,526
54823,528
54824,534
54825,532
54826,530
54827,530
54828,526
54829,532
54830,536
54831,528
54832,530
54833,530
54834,526
54835,530
54836,526
54837,530
54838,530
54839,532
54840,532
54841,532
54842,534
54843,528
54844,532
54845,532
54846,524
54847,534
54848,536
54849,568
54850,530
54851,532
54852,526
54853,532
54854,528
54855,522
54856,534
54857,530
54858,532
54859,530
54860,530
54861,528
54862,532
54863,534
54864,526
54865,528
54866,532
54867,532
54868,534
54869,524
54870,530
54871,534
54872,534
54873,528
54874,534
54875,530
54876,526
54877,536
54878,536
54879,526
54880,536
54881,536
54882,530
54883,532
54884,534
54885,530
54886,534
54887,532
54888,524
54889,532
54890,534
54891,526
54892,538
54893,530
54894,532
54895,536
54896,534
54897,530
54898,536
54899,538
54900,526
54901,530
54902,552
54903,530
54904,534
54905,534
54906,524
54907,530
54908,538
54909,530
54910,538
54911,532
54912,530
54913,530
54914,540
54915,532
54916,530
54917,536
54918,530
54919,534
54920,538
54921,526
54922,530
54923,534
54924,534
54925,538
54926,534
54927,530
54928,536
54929,534
54930,530
54931,534
54932,530
54933,530
54934,534
54935,528
54936,532
54937,534
54938,534
54939,528
54940,536
54941,528
54942,526
54943,532
54944,534
54945,528
54946,534
54947,532
54948,532
54949,532
54950,534
54951,528
54952,534
54953,538
54954,532
54955,534
54956,536
54957,528
54958,530
54959,574
54960,528
54961,532
54962,532
54963,532
54964,532
54965,532
54966,524
54967,530
54968,532
54969,530
54970,532
54971,532
54972,528
54973,524
54974,534
54975,528
54976,534
54977,530
54978,528
54979,532
54980,534
54981,530
54982,528
54983,532
54984,522
54985,528
54986,534
54987,528
54988,534
54989,526
54990,528
54991,532
54992,532
54993,532
54994,532
54995,528
54996,532
54997,534
54998,530
54999,528
55000,532
55001,534
55002,528
55003,530
55004,534
55005,528
55006,534
55007,530
55008,526
55009,532
55010,534
55011,528
55012,528
55013,536
55014,528
55015,538
55016,534
55017,528
55018,572
55019,534
55020,530
55021,530
55022,536
55023,528
55024,530
55025,536
55026,530
55027,528
55028,534
55029,528
55030,536
55031,534
55032,530
55033,536
55034,538
55035,532
55036,532
55037,530
55038,530
55039,534
55040,536
55041,532
55042,532
55043,536
55044,532
55045,534
55046,534
55047,534
55048,530
55049,530
55050,532
55051,530
55052,538
55053,532
55054,536
55055,530
55056,530
55057,536
55058,530
55059,526
55060,534
55061,534
55062,532
55063,532
55064,532
55065,528
55066,536
55067,532
55068,526
55069,530
55070,534
55071,530
55072,532
55073,534
55074,530
55075,536
55076,528
55077,568
55078,532
55079,530
55080,530
55081,532
55082,530
55083,526
55084,534
55085,528
55086,528
55087,532
55088,534
55089,532
55090,530
55091,536
55092,526
55093,536
55094,534
55095,530
55096,534
55097,528
55098,530
55099,530
55100,528
55101,522
55102,532
55103,530
55104,524
55105,534
55106,534
55107,526
55108,534
55109,536
55110,528
55111,528
55112,534
55113,524
55114,530
55115,534
55116,526
55117,534
55118,538
55119,532
55120,532
55121,530
55122,530
55123,532
55124,534
55125,526
55126,534
55127,538
55128,530
55129,534
55130,534
55131,532
55132,528
55133,532
55134,528
55135,528
55136,576
55137,528
55138,534
55139,534
55140,526
55141,534
55142,536
55143,524
55144,536
55145,536
55146,526
55147,534
55148,538
55149,532
55150,536
55151,538
55152,528
55153,534
55154,534
55155,528
55156,534
55157,534
55158,534
55159,538
55160,534
55161,534
55162,526
55163,536
55164,528
55165,536
55166,530
55167,528
55168,530
55169,528
55170,532
55171,612
55172,532
55173,532
55174,550
55175,532
55176,534
55177,526
55178,526
55179,536
55180,530
55181,530
55182,542
55183,536
55184,532
55185,530
55186,534
55187,526
55188,532
55189,540
55190,524
55191,530
55192,532
55193,528
55194,532
55195,534
55196,530
55197,536
55198,534
55199,532
55200,530
55201,526
55202,528
55203,534
55204,534
55205,528
55206,534
55207,534
55208,524
55209,532
55210,530
55211,524
55212,530
55213,534
55214,526
55215,528
55216,532
55217,526
55218,534
55219,534
55220,530
55221,526
55222,534
55223,528
55224,578
55225,528
55226,526
55227,530
55228,534
55229,528
55230,532
55231,534
55232,528
55233,532
55234,532
55235,528
55236,534
55237,538
55238,528
55239,532
55240,532
55241,526
55242,534
55243,534
55244,526
55245,538
55246,530
55247,528
55248,534
55249,534
55250,528
55251,530
55252,532
55253,526
55254,536
55255,530
55256,526
55257,532
55258,532
55259,524
55260,532
55261,532
55262,530
55263,536
55264,532
55265,528
55266,534
55267,540
55268,530
55269,536
55270,538
55271,530
55272,534
55273,530
55274,534
55275,538
55276,534
55277,528
55278,532
55279,536
55280,534
55281,530
55282,532
55283,528
55284,538
55285,530
55286,528
55287,530
55288,532
55289,530
55290,574
55291,532
55292,532
55293,530
55294,530
55295,528
55296,536
55297,530
55298,524
55299,530
55300,530
55301,530
55302,532
55303,528
55304,528
55305,536
55306,530
55307,524
55308,528
55309,530
55310,526
55311,532
55312,528
55313,530
55314,536
55315,530
55316,526
55317,534
55318,532
55319,528
55320,532
55321,534
55322,526
55323,530
55324,534
55325,530
55326,534
55327,530
55328,530
55329,530
55330,534
55331,522
55332,528
55333,532
55334,530
55335,528
55336,534
55337,528
55338,534
55339,530
55340,528
55341,530
55342,534
55343,530
55344,530
55345,528
55346,526
55347,530
55348,528
55349,530
55350,536
55351,536
55352,526
55353,534
55354,534
55355,530
55356,528
55357,532
55358,530
55359,528
55360,530
55361,530
55362,532
55363,528
55364,528
55365,536
55366,536
55367,528
55368,534
55369,534
55370,524
55371,530
55372,530
55373,530
55374,532
55375,534
55376,526
55377,536
55378,534
55379,532
55380,532
55381,536
55382,530
55383,534
55384,530
55385,530
55386,532
55387,532
55388,528
55389,534
55390,528
55391,524
55392,532
55393,530
55394,530
55395,532
55396,528
55397,528
55398,530
55399,540
55400,528
55401,530
55402,538
55403,536
55404,534
55405,566
55406,532
55407,534
55408,530
55409,532
55410,530
55411,534
55412,526
55413,530
55414,534
55415,526
55416,532
55417,530
55418,526
55419,530
55420,536
55421,530
55422,534
55423,534
55424,526
55425,532
55426,530
55427,530
55428,530
55429,530
55430,524
55431,536
55432,532
55433,528
55434,532
55435,532
55436,528
55437,528
55438,530
55439,526
55440,528
55441,532
55442,524
55443,532
55444,534
55445,524
55446,532
55447,530
55448,530
55449,532
55450,534
55451,528
55452,528
55453,534
55454,528
55455,532
55456,530
55457,526
55458,526
55459,534
55460,532
55461,532
55462,532
55463,528
55464,534
55465,528
55466,526
55467,528
55468,532
55469,526
55470,528
55471,534
55472,524
55473,530
55474,528
55475,528
55476,532
55477,528
55478,528
55479,532
55480,532
55481,530
55482,534
55483,532
55484,528
55485,530
55486,534
55487,532
55488,530
55489,532
55490,530
55491,532
55492,530
55493,528
55494,530
55495,536
55496,532
55497,534
55498,530
55499,532
55500,536
55501,534
55502,528
55503,532
55504,528
55505,534
55506,532
55507,528
55508,526
55509,530
55510,538
55511,532
55512,532
55513,530
55514,530
55515,534
55516,534
55517,530
55518,530
55519,536
55520,530
55521,534
55522,534
55523,526
55524,534
55525,532
55526,530
55527,532
55528,536
55529,528
55530,532
55531,530
55532,532
55533,534
55534,532
55535,530
55536,538
55537,530
55538,526
55539,530
55540,530
55541,530
55542,536
55543,532
55544,528
55545,532
55546,534
55547,526
55548,534
55549,536
55550,530
55551,538
55552,534
55553,530
55554,534
55555,534
55556,532
55557,530
55558,530
55559,532
55560,532
55561,536
55562,526
55563,532
55564,530
55565,528
55566,536
55567,530
55568,530
55569,530
55570,526
55571,528
55572,530
55573,532
55574,530
55575,528
55576,526
55577,570
55578,532
55579,530
55580,530
55581,574
55582,532
55583,530
55584,536
55585,538
55586,528
55587,542
55588,534
55589,532
55590,528
55591,534
55592,528
55593,528
55594,534
55595,534
55596,532
55597,534
55598,536
55599,524
55600,536
55601,532
55602,530
55603,534
55604,534
55605,526
55606,530
55607,534
55608,532
55609,538
55610,536
55611,526
55612,534
55613,540
55614,528
55615,534
55616,532
55617,528
55618,532
55619,532
55620,530
55621,530
55622,534
55623,532
55624,536
55625,540
55626,530
55627,570
55628,536
55629,528
55630,530
55631,538
55632,526
55633,534
55634,534
55635,524
55636,528
55637,538
55638,528
55639,532
55640,532
55641,530
55642,536
55643,538
55644,530
55645,532
55646,538
55647,528
55648,530
55649,538
55650,526
55651,536
55652,536
55653,528
55654,532
55655,536
55656,532
55657,532
55658,534
55659,530
55660,536
55661,536
55662,532
55663,536
55664,532
55665,528
55666,534
55667,528
55668,530
55669,534
55670,534
55671,532
55672,532
55673,530
55674,530
55675,538
55676,534
55677,530
55678,538
55679,532
55680,524
55681,536
55682,548
55683,530
55684,528
55685,536
55686,528
55687,538
55688,530
55689,528
55690,528
55691,532
55692,532
55693,534
55694,534
55695,530
55696,538
55697,530
55698,522
55699,534
55700,536
55701,522
55702,536
55703,532
55704,532
55705,534
55706,530
55707,532
55708,530
55709,534
55710,526
55711,536
55712,534
55713,530
55714,530
55715,530
55716,526
55717,534
55718,536
55719,530
55720,534
55721,530
55722,532
55723,532
55724,534
55725,532
55726,532
55727,532
55728,528
55729,534
55730,536
55731,528
55732,530
55733,532
55734,528
55735,538
55736,574
55737,532
55738,530
55739,536
55740,524
55741,534
55742,528
55743,530
55744,528
55745,534
55746,530
55747,536
55748,532
55749,530
55750,536
55751,532
55752,528
55753,530
55754,530
55755,534
55756,532
55757,538
55758,534
55759,532
55760,536
55761,532
55762,534
55763,532
55764,530
55765,536
55766,532
55767,526
55768,536
55769,532
55770,526
55771,534
55772,534
55773,534
55774,538
55775,538
55776,528
55777,532
55778,532
55779,530
55780,536
55781,534
55782,530
55783,536
55784,530
55785,530
55786,530
55787,534
55788,530
55789,532
55790,576
55791,528
55792,536
55793,536
55794,534
55795,534
55796,528
55797,528
55798,536
55799,530
55800,528
55801,528
55802,532
55803,524
55804,528
55805,534
55806,528
55807,534
55808,528
55809,524
55810,532
55811,534
55812,530
55813,532
55814,530
55815,532
55816,530
55817,530
55818,532
55819,528
55820,534
55821,528
55822,536
55823,534
55824,530
55825,526
55826,536
55827,526
55828,534
55829,532
55830,528
55831,530
55832,534
55833,530
55834,532
55835,528
55836,528
55837,530
55838,532
55839,530
55840,536
55841,532
55842,530
55843,528
55844,530
55845,568
55846,530
55847,530
55848,532
55849,532
55850,538
55851,524
55852,532
55853,530
55854,526
55855,536
55856,536
55857,534
55858,528
55859,532
55860,524
55861,528
55862,534
55863,532
55864,538
55865,534
55866,528
55867,536
55868,536
55869,534
55870,532
55871,534
55872,528
55873,532
55874,534
55875,530
55876,534
55877,538
55878,528
55879,538
55880,538
55881,530
55882,538
55883,534
55884,530
55885,540
55886,532
55887,530
55888,536
55889,534
55890,532
55891,532
55892,536
55893,526
55894,536
55895,532
55896,532
55897,538
55898,530
55899,526
55900,576
55901,530
55902,532
55903,532
55904,534
55905,532
55906,536
55907,536
55908,530
55909,536
55910,532
55911,528
55912,536
55913,534
55914,526
55915,530
55916,526
55917,526
55918,536
55919,530
55920,530
55921,532
55922,540
55923,526
55924,530
55925,534
55926,534
55927,536
55928,530
55929,524
55930,530
55931,530
55932,528
55933,536
55934,534
55935,532
55936,528
55937,536
55938,526
55939,534
55940,530
55941,526
55942,532
55943,532
55944,526
55945,530
55946,536
55947,528
55948,528
55949,528
55950,528
55951,536
55952,530
55953,528
55954,536
55955,528
55956,528
55957,572
55958,528
55959,526
55960,532
55961,530
55962,528
55963,536
55964,530
55965,528
55966,534
55967,528
55968,530
55969,532
55970,534
55971,528
55972,532
55973,530
55974,526
55975,534
55976,534
55977,532
55978,538
55979,530
55980,532
55981,536
55982,530
55983,530
55984,532
55985,536
55986,532
55987,538
55988,532
55989,534
55990,530
55991,582
55992,536
55993,538
55994,532
55995,532
55996,532
55997,532
55998,528
55999,532
56000,534
56001,530
56002,536
56003,538
56004,530
56005,540
56006,536
56007,532
56008,536
56009,528
56010,532
56011,536
56012,536
56013,530
56014,530
56015,532
56016,526
56017,530
56018,530
56019,530
56020,528
56021,534
56022,530
56023,532
56024,534
56025,530
56026,538
56027,538
56028,532
56029,534
56030,534
56031,534
56032,530
56033,534
56034,530
56035,556
56036,530
56037,530
56038,532
56039,532
56040,530
56041,530
56042,536
56043,532
56044,536
56045,528
56046,528
56047,532
56048,532
56049,530
56050,536
56051,532
56052,526
56053,534
56054,532
56055,532
56056,534
56057,534
56058,530
56059,528
56060,572
56061,528
56062,536
56063,534
56064,530
56065,532
56066,530
56067,532
56068,536
56069,530
56070,532
56071,532
56072,534
56073,528
56074,534
56075,532
56076,524
56077,530
56078,530
56079,528
56080,532
56081,532
56082,528
56083,536
56084,532
56085,528
56086,534
56087,532
56088,532
56089,532
56090,530
56091,530
56092,536
56093,528
56094,530
56095,534
56096,534
56097,528
56098,532
56099,536
56100,532
56101,530
56102,536
56103,530
56104,532
56105,530
56106,526
56107,532
56108,532
56109,528
56110,534
56111,536
56112,532
56113,538
56114,530
56115,534
56116,536
56117,528
56118,530
56119,536
56120,536
56121,528
56122,530
56123,536
56124,526
56125,538
56126,538
56127,530
56128,536
56129,534
56130,534
56131,536
56132,536
56133,532
56134,538
56135,536
56136,528
56137,534
56138,532
56139,526
56140,538
56141,534
56142,524
56143,536
56144,534
56145,530
56146,532
56147,532
56148,534
56149,536
56150,536
56151,526
56152,532
56153,534
56154,532
56155,530
56156,532
56157,530
56158,532
56159,538
56160,526
56161,538
56162,536
56163,530
56164,534
56165,530
56166,526
56167,530
56168,536
56169,526
56170,534
56171,534
56172,528
56173,528
56174,572
56175,526
56176,534
56177,530
56178,526
56179,528
56180,530
56181,530
56182,536
56183,532
56184,530
56185,536
56186,534
56187,530
56188,528
56189,534
56190,530
56191,532
56192,530
56193,526
56194,532
56195,528
56196,526
56197,532
56198,538
56199,528
56200,528
56201,534
56202,530
56203,528
56204,532
56205,530
56206,532
56207,538
56208,532
56209,536
56210,534
56211,530
56212,536
56213,532
56214,532
56215,534
56216,532
56217,530
56218,536
56219,528
56220,532
56221,532
56222,532
56223,534
56224,528
56225,534
56226,530
56227,534
56228,534
56229,530
56230,536
56231,572
56232,528
56233,534
56234,534
56235,3164
56236,550
56237,524
56238,520
56239,520
56240,516
56241,522
56242,524
56243,522
56244,516
56245,526
56246,524
56247,520
56248,528
56249,518
56250,522
56251,520
56252,522
56253,518
56254,520
56255,524
56256,520
56257,524
56258,520
56259,514
56260,522
56261,518
56262,522
56263,518
56264,522
56265,514
56266,520
56267,520
56268,516
56269,522
56270,524
56271,518
56272,520
56273,524
56274,514
56275,520
56276,518
56277,518
56278,524
56279,522
56280,518
56281,518
56282,520
56283,520
56284,520
56285,524
56286,518
56287,562
56288,518
56289,520
56290,520
56291,524
56292,512
56293,520
56294,522
56295,516
56296,524
56297,522
56298,518
56299,518
56300,520
56301,516
56302,522
56303,518
56304,514
56305,516
56306,522
56307,516
56308,520
56309,522
56310,514
56311,520
56312,522
56313,518
56314,520
56315,522
56316,518
56317,526
56318,522
56319,520
56320,520
56321,518
56322,514
56323,522
56324,520
56325,520
56326,522
56327,518
56328,516
56329,516
56330,522
56331,512
56332,518
56333,524
56334,516
56335,522
56336,522
56337,522
56338,524
56339,524
56340,514
56341,524
56342,522
56343,518
56344,560
56345,520
56346,520
56347,526
56348,520
56349,516
56350,518
56351,524
56352,520
56353,520
56354,522
56355,520
56356,520
56357,522
56358,522
56359,524
56360,526
56361,518
56362,520
56363,526
56364,520
56365,524
56366,524
56367,522
56368,524
56369,520
56370,516
56371,518
56372,526
56373,522
56374,524
56375,516
56376,520
56377,520
56378,520
56379,520
56380,522
56381,520
56382,518
56383,518
56384,522
56385,518
56386,520
56387,522
56388,518
56389,526
56390,524
56391,520
56392,520
56393,520
56394,520
56395,526
56396,520
56397,522
56398,522
56399,520
56400,566
56401,526
56402,522
56403,524
56404,524
56405,518
56406,518
56407,520
56408,518
56409,516
56410,522
56411,522
56412,510
56413,522
56414,520
56415,512
56416,520
56417,518
56418,512
56419,524
56420,520
56421,520
56422,516
56423,524
56424,518
56425,518
56426,526
56427,518
56428,520
56429,520
56430,516
56431,522
56432,516
56433,514
56434,520
56435,516
56436,518
56437,524
56438,522
56439,518
56440,526
56441,520
56442,520
56443,518
56444,518
56445,518
56446,516
56447,524
56448,516
56449,518
56450,522
56451,516
56452,516
56453,522
56454,514
56455,526
56456,516
56457,560
56458,522
56459,524
56460,512
56461,522
56462,522
56463,520
56464,524
56465,520
56466,516
56467,524
56468,522
56469,520
56470,520
56471,520
56472,516
56473,526
56474,520
56475,522
56476,518
56477,524
56478,512
56479,522
56480,522
56481,518
56482,526
56483,522
56484,518
56485,522
56486,524
56487,518
56488,520
56489,524
56490,516
56491,518
56492,526
56493,518
56494,526
56495,520
56496,518
56497,520
56498,526
56499,518
56500,526
56501,524
56502,520
56503,522
56504,524
56505,518
56506,524
56507,522
56508,516
56509,522
56510,520
56511,520
56512,520
56513,518
56514,512
56515,520
56516,518
56517,528
56518,520
56519,518
56520,518
56521,522
56522,516
56523,520
56524,524
56525,516
56526,516
56527,520
56528,518
56529,516
56530,516
56531,522
56532,516
56533,520
56534,520
56535,518
56536,524
56537,514
56538,514
56539,522
56540,518
56541,518
56542,520
56543,518
56544,518
56545,520
56546,522
56547,518
56548,520
56549,520
56550,516
56551,520
56552,518
56553,518
56554,518
56555,522
56556,520
56557,520
56558,516
56559,514
56560,520
56561,514
56562,518
56563,522
56564,516
56565,514
56566,520
56567,522
56568,520
56569,522
56570,520
56571,520
56572,522
56573,518
56574,518
56575,524
56576,514
56577,514
56578,564
56579,522
56580,522
56581,520
56582,518
56583,518
56584,524
56585,516
56586,516
56587,522
56588,526
56589,516
56590,524
56591,518
56592,524
56593,518
56594,524
56595,518
56596,522
56597,524
56598,520
56599,522
56600,522
56601,522
56602,516
56603,516
56604,518
56605,524
56606,518
56607,520
56608,524
56609,522
56610,520
56611,522
56612,518
56613,516
56614,524
56615,518
56616,520
56617,520
56618,520
56619,520
56620,518
56621,520
56622,518
56623,520
56624,524
56625,520
56626,522
56627,526
56628,522
56629,524
56630,518
56631,520
56632,518
56633,520
56634,520
56635,520
56636,522
56637,518
56638,524
56639,520
56640,516
56641,518
56642,564
56643,518
56644,526
56645,522
56646,522
56647,516
56648,520
56649,516
56650,520
56651,520
56652,514
56653,520
56654,522
56655,514
56656,520
56657,518
56658,516
56659,524
56660,518
56661,518
56662,518
56663,518
56664,512
56665,524
56666,518
56667,520
56668,516
56669,520
56670,516
56671,524
56672,520
56673,518
56674,514
56675,518
56676,516
56677,520
56678,514
56679,518
56680,520
56681,522
56682,516
56683,522
56684,522
56685,518
56686,516
56687,522
56688,518
56689,520
56690,520
56691,514
56692,526
56693,522
56694,520
56695,518
56696,524
56697,514
56698,516
56699,522
56700,516
56701,522
56702,522
56703,516
56704,558
56705,522
56706,518
56707,518
56708,522
56709,512
56710,524
56711,522
56712,514
56713,522
56714,522
56715,516
56716,522
56717,516
56718,518
56719,524
56720,524
56721,514
56722,524
56723,520
56724,522
56725,526
56726,522
56727,522
56728,520
56729,520
56730,518
56731,522
56732,522
56733,512
56734,522
56735,516
56736,518
56737,526
56738,522
56739,514
56740,522
56741,522
56742,516
56743,522
56744,524
56745,514
56746,522
56747,524
56748,514
56749,526
56750,522
56751,518
56752,524
56753,520
56754,518
56755,522
56756,520
56757,512
56758,520
56759,518
56760,516
56761,524
56762,520
56763,516
56764,516
56765,562
56766,518
56767,524
56768,518
56769,512
56770,520
56771,520
56772,520
56773,522
56774,520
56775,518
56776,522
56777,524
56778,518
56779,518
56780,520
56781,516
56782,520
56783,516
56784,520
56785,520
56786,522
56787,518
56788,522
56789,524
56790,520
56791,520
56792,520
56793,516
56794,520
56795,522
56796,514
56797,522
56798,518
56799,516
56800,518
56801,514
56802,516
56803,520
56804,516
56805,518
56806,518
56807,520
56808,512
56809,520
56810,566
56811,524
56812,520
56813,518
56814,516
56815,524
56816,544
56817,514
56818,520
56819,522
56820,518
56821,516
56822,520
56823,522
56824,518
56825,520
56826,520
56827,524
56828,524
56829,526
56830,524
56831,518
56832,520
56833,522
56834,520
56835,514
56836,520
56837,526
56838,520
56839,524
56840,522
56841,516
56842,518
56843,518
56844,524
56845,520
56846,518
56847,514
56848,520
56849,524
56850,514
56851,522
56852,524
56853,520
56854,526
56855,520
56856,514
56857,520
56858,562
56859,520
56860,522
56861,522
56862,520
56863,520
56864,518
56865,522
56866,524
56867,520
56868,514
56869,524
56870,522
56871,514
56872,522
56873,524
56874,518
56875,522
56876,524
56877,520
56878,516
56879,520
56880,516
56881,520
56882,520
56883,518
56884,520
56885,522
56886,520
56887,522
56888,520
56889,516
56890,526
56891,518
56892,516
56893,520
56894,520
56895,520
56896,522
56897,520
56898,516
56899,520
56900,520
56901,516
56902,518
56903,516
56904,518
56905,524
56906,522
56907,520
56908,520
56909,516
56910,512
56911,524
56912,522
56913,516
56914,524
56915,522
56916,516
56917,520
56918,518
56919,516
56920,574
56921,522
56922,516
56923,522
56924,524
56925,514
56926,524
56927,522
56928,518
56929,518
56930,556
56931,522
56932,524
56933,520
56934,518
56935,514
56936,518
56937,524
56938,544
56939,516
56940,522
56941,518
56942,518
56943,516
56944,520
56945,520
56946,520
56947,524
56948,520
56949,520
56950,520
56951,520
56952,520
56953,522
56954,520
56955,524
56956,524
56957,516
56958,526
56959,520
56960,518
56961,526
56962,522
56963,516
56964,516
56965,516
56966,522
56967,520
56968,522
56969,516
56970,526
56971,524
56972,516
56973,524
56974,524
56975,516
56976,518
56977,526
56978,516
56979,564
56980,520
56981,516
56982,522
56983,518
56984,516
56985,520
56986,522
56987,516
56988,524
56989,524
56990,516
56991,522
56992,520
56993,514
56994,518
56995,524
56996,520
56997,522
56998,520
56999,516
57000,520
57001,522
57002,514
57003,518
57004,524
57005,518
57006,522
57007,524
57008,518
57009,518
57010,522
57011,516
57012,522
57013,524
57014,514
57015,522
57016,520
57017,520
57018,522
57019,522
57020,514
57021,522
57022,518
57023,512
57024,524
57025,520
57026,516
57027,520
57028,520
57029,512
57030,522
57031,522
57032,514
57033,522
57034,522
57035,516
57036,522
57037,524
57038,514
57039,522
57040,518
57041,514
57042,564
57043,518
57044,516
57045,516
57046,522
57047,516
57048,524
57049,518
57050,518
57051,516
57052,518
57053,520
57054,520
57055,522
57056,518
57057,522
57058,526
57059,516
57060,524
57061,522
57062,520
57063,520
57064,524
57065,520
57066,524
57067,518
57068,520
57069,522
57070,524
57071,520
57072,524
57073,524
57074,516
57075,518
57076,518
57077,520
57078,524
57079,522
57080,520
57081,522
57082,516
57083,516
57084,524
57085,520
57086,520
57087,526
57088,522
57089,520
57090,522
57091,522
57092,514
57093,520
57094,522
57095,522
57096,520
57097,518
57098,520
57099,518
57100,526
57101,518
57102,524
57103,520
57104,516
57105,518
57106,524
57107,522
57108,520
57109,520
57110,522
57111,520
57112,524
57113,522
57114,526
57115,522
57116,520
57117,524
57118,524
57119,518
57120,524
57121,524
57122,514
57123,522
57124,522
57125,516
57126,520
57127,516
57128,520
57129,524
57130,518
57131,514
57132,520
57133,520
57134,516
57135,522
57136,520
57137,514
57138,522
57139,524
57140,516
57141,524
57142,516
57143,516
57144,524
57145,520
57146,518
57147,516
57148,524
57149,518
57150,566
57151,524
57152,516
57153,524
57154,524
57155,520
57156,518
57157,520
57158,520
57159,520
57160,524
57161,518
57162,522
57163,520
57164,520
57165,522
57166,516
57167,516
57168,520
57169,520
57170,512
57171,518
57172,520
57173,516
57174,520
57175,520
57176,516
57177,522
57178,520
57179,520
57180,524
57181,522
57182,518
57183,522
57184,518
57185,512
57186,522
57187,524
57188,516
57189,522
57190,526
57191,520
57192,518
57193,520
57194,516
57195,526
57196,520
57197,516
57198,518
57199,522
57200,522
57201,520
57202,520
57203,522
57204,524
57205,518
57206,516
57207,520
57208,520
57209,516
57210,524
57211,526
57212,516
57213,526
57214,522
57215,522
57216,522
57217,524
57218,520
57219,546
57220,526
57221,526
57222,514
57223,514
57224,524
57225,522
57226,520
57227,522
57228,514
57229,514
57230,518
57231,514
57232,522
57233,524
57234,520
57235,524
57236,518
57237,518
57238,524
57239,522
57240,520
57241,520
57242,522
57243,516
57244,516
57245,522
57246,516
57247,522
57248,524
57249,518
57250,524
57251,522
57252,512
57253,522
57254,516
57255,516
57256,520
57257,518
57258,514
57259,524
57260,516
57261,514
57262,516
57263,522
57264,522
57265,522
57266,522
57267,520
57268,520
57269,522
57270,518
57271,562
57272,522
57273,514
57274,520
57275,524
57276,518
57277,520
57278,516
57279,520
57280,522
57281,518
57282,516
57283,524
57284,520
57285,516
57286,522
57287,518
57288,514
57289,518
57290,522
57291,516
57292,518
57293,518
57294,516
57295,524
57296,520
57297,518
57298,524
57299,522
57300,516
57301,520
57302,522
57303,514
57304,522
57305,524
57306,516
57307,520
57308,524
57309,520
57310,520
57311,524
57312,516
57313,518
57314,522
57315,516
57316,520
57317,524
57318,518
57319,522
57320,522
57321,520
57322,516
57323,520
57324,518
57325,520
57326,522
57327,518
57328,520
57329,518
57330,518
57331,520
57332,540
57333,520
57334,524
57335,524
57336,522
57337,516
57338,520
57339,518
57340,524
57341,518
57342,514
57343,522
57344,524
57345,516
57346,522
57347,520
57348,518
57349,526
57350,520
57351,518
57352,524
57353,522
57354,516
57355,520
57356,520
57357,520
57358,522
57359,524
57360,516
57361,516
57362,524
57363,522
57364,520
57365,522
57366,518
57367,524
57368,524
57369,512
57370,516
57371,524
57372,514
57373,516
57374,520
57375,516
57376,522
57377,516
57378,520
57379,516
57380,522
57381,518
57382,522
57383,518
57384,516
57385,518
57386,516
57387,512
57388,520
57389,514
57390,518
57391,522
57392,516
57393,516
57394,524
57395,558
57396,514
57397,524
57398,518
57399,516
57400,520
57401,522
57402,520
57403,522
57404,522
57405,516
57406,520
57407,520
57408,516
57409,516
57410,520
57411,514
57412,516
57413,520
57414,518
57415,522
57416,516
57417,518
57418,518
57419,522
57420,520
57421,520
57422,520
57423,514
57424,520
57425,526
57426,516
57427,520
57428,524
57429,514
57430,522
57431,520
57432,514
57433,524
57434,520
57435,516
57436,524
57437,526
57438,516
57439,522
57440,522
57441,518
57442,520
57443,522
57444,518
57445,518
57446,522
57447,518
57448,526
57449,522
57450,516
57451,524
57452,520
57453,520
57454,522
57455,522
57456,524
57457,560
57458,526
57459,520
57460,522
57461,522
57462,518
57463,520
57464,522
57465,520
57466,520
57467,524
57468,520
57469,520
57470,516
57471,520
57472,522
57473,522
57474,514
57475,520
57476,520
57477,520
57478,524
57479,524
57480,516
57481,522
57482,522
57483,512
57484,520
57485,522
57486,522
57487,518
57488,516
57489,520
57490,520
57491,518
57492,516
57493,524
57494,518
57495,516
57496,520
57497,520
57498,518
57499,522
57500,520
57501,518
57502,522
57503,516
57504,514
57505,520
57506,520
57507,520
57508,518
57509,516
57510,514
57511,20054
57512,522
57513,520
57514,526
57515,540
57516,518
57517,516
57518,518
57519,520
57520,518
57521,516
57522,526
57523,516
57524,524
57525,518
57526,520
57527,524
57528,522
57529,522
57530,526
57531,520
57532,518
57533,520
57534,522
57535,516
57536,522
57537,524
57538,520
57539,520
57540,524
57541,520
57542,524
57543,524
57544,518
57545,522
57546,520
57547,516
57548,518
57549,520
57550,520
57551,522
57552,526
57553,518
57554,526
57555,522
57556,522
57557,522
57558,520
57559,516
57560,520
57561,516
57562,520
57563,520
57564,524
57565,516
57566,518
57567,518
57568,516
57569,524
57570,524
57571,558
57572,522
57573,526
57574,516
57575,522
57576,520
57577,520
57578,520
57579,524
57580,518
57581,524
57582,520
57583,516
57584,516
57585,524
57586,514
57587,522
57588,518
57589,518
57590,526
57591,524
57592,518
57593,520
57594,522
57595,516
57596,522
57597,520
57598,512
57599,518
57600,520
57601,518
57602,518
57603,520
57604,512
57605,522
57606,526
57607,516
57608,518
57609,524
57610,516
57611,524
57612,522
57613,512
57614,520
57615,520
57616,516
57617,518
57618,520
57619,516
57620,520
57621,520
57622,516
57623,520
57624,522
57625,514
57626,520
57627,516
57628,514
57629,546
57630,520
57631,526
57632,524
57633,518
57634,526
57635,522
57636,522
57637,526
57638,516
57639,522
57640,538
57641,518
57642,524
57643,520
57644,518
57645,524
57646,520
57647,520
57648,518
57649,520
57650,522
57651,520
57652,522
57653,522
57654,524
57655,520
57656,520
57657,524
57658,522
57659,522
57660,524
57661,524
57662,520
57663,520
57664,524
57665,518
57666,520
57667,522
57668,522
57669,522
57670,522
57671,516
57672,520
57673,520
57674,520
57675,524
57676,524
57677,518
57678,522
57679,520
57680,514
57681,524
57682,520
57683,516
57684,522
57685,524
57686,516
57687,528
57688,524
57689,522
57690,518
57691,540
57692,514
57693,526
57694,524
57695,518
57696,522
57697,526
57698,520
57699,524
57700,524
57701,518
57702,524
57703,520
57704,518
57705,524
57706,522
57707,518
57708,518
57709,526
57710,514
57711,526
57712,516
57713,514
57714,522
57715,518
57716,514
57717,520
57718,516
57719,512
57720,522
57721,518
57722,518
57723,518
57724,520
57725,514
57726,522
57727,518
57728,516
57729,520
57730,514
57731,520
57732,520
57733,524
57734,514
57735,526
57736,524
57737,518
57738,520
57739,520
57740,514
57741,526
57742,522
57743,514
57744,516
57745,522
57746,514
57747,520
57748,520
57749,518
57750,524
57751,524
57752,516
57753,544
57754,520
57755,512
57756,520
57757,522
57758,518
57759,524
57760,524
57761,514
57762,526
57763,520
57764,514
57765,526
57766,524
57767,522
57768,522
57769,524
57770,520
57771,518
57772,522
57773,520
57774,520
57775,522
57776,516
57777,518
57778,524
57779,516
57780,524
57781,522
57782,518
57783,524
57784,522
57785,518
57786,520
57787,524
57788,520
57789,518
57790,516
57791,518
57792,524
57793,526
57794,518
57795,520
57796,520
57797,516
57798,524
57799,518
57800,514
57801,522
57802,520
57803,520
57804,522
57805,528
57806,514
57807,522
57808,520
57809,522
57810,520
57811,522
57812,514
57813,520
57814,522
57815,520
57816,522
57817,562
57818,514
57819,522
57820,522
57821,514
57822,524
57823,526
57824,518
57825,516
57826,518
57827,514
57828,518
57829,520
57830,512
57831,516
57832,524
57833,518
57834,526
57835,524
57836,512
57837,518
57838,520
57839,516
57840,522
57841,518
57842,512
57843,516
57844,520
57845,514
57846,522
57847,518
57848,516
57849,514
57850,520
57851,518
57852,516
57853,524
57854,516
57855,518
57856,524
57857,520
57858,524
57859,520
57860,518
57861,520
57862,526
57863,518
57864,520
57865,522
57866,520
57867,518
57868,520
57869,516
57870,520
57871,524
57872,520
57873,522
57874,520
57875,516
57876,522
57877,524
57878,514
57879,560
57880,524
57881,520
57882,520
57883,526
57884,518
57885,524
57886,518
57887,516
57888,524
57889,522
57890,518
57891,528
57892,520
57893,518
57894,522
57895,518
57896,522
57897,524
57898,524
57899,520
57900,522
57901,526
57902,524
57903,520
57904,520
57905,520
57906,518
57907,520
57908,522
57909,524
57910,528
57911,522
57912,520
57913,522
57914,518
57915,524
57916,524
57917,518
57918,522
57919,520
57920,512
57921,520
57922,526
57923,516
57924,520
57925,524
57926,516
57927,518
57928,522
57929,518
57930,516
57931,524
57932,518
57933,524
57934,518
57935,518
57936,522
57937,520
57938,516
57939,524
57940,522
57941,516
57942,522
57943,560
57944,520
57945,520
57946,522
57947,514
57948,520
57949,520
57950,520
57951,520
57952,524
57953,514
57954,524
57955,522
57956,520
57957,524
57958,522
57959,518
57960,524
57961,518
57962,516
57963,524
57964,520
57965,514
57966,522
57967,518
57968,520
57969,522
57970,518
57971,518
57972,522
57973,520
57974,514
57975,518
57976,522
57977,514
57978,524
57979,522
57980,516
57981,518
57982,522
57983,514
57984,516
57985,524
57986,516
57987,522
57988,520
57989,520
57990,518
57991,518
57992,520
57993,520
57994,520
57995,518
57996,518
57997,520
57998,518
57999,520
58000,524
58001,556
58002,524
58003,522
58004,518
58005,518
58006,522
58007,516
58008,520
58009,526
58010,520
58011,518
58012,522
58013,518
58014,520
58015,524
58016,514
58017,526
58018,520
58019,516
58020,520
58021,524
58022,520
58023,524
58024,520
58025,520
58026,524
58027,522
58028,518
58029,522
58030,518
58031,516
58032,524
58033,520
58034,518
58035,528
58036,522
58037,518
58038,572
58039,526
58040,524
58041,524
58042,522
58043,524
58044,524
58045,520
58046,522
58047,518
58048,516
58049,516
58050,518
58051,530
58052,520
58053,522
58054,518
58055,524
58056,516
58057,516
58058,516
58059,524
58060,514
58061,522
58062,522
58063,518
58064,518
58065,522
58066,514
58067,524
58068,522
58069,518
58070,520
58071,518
58072,516
58073,524
58074,520
58075,520
58076,516
58077,524
58078,516
58079,522
58080,518
58081,514
58082,520
58083,518
58084,510
58085,522
58086,522
58087,516
58088,524
58089,522
58090,514
58091,524
58092,522
58093,520
58094,518
58095,576
58096,512
58097,518
58098,524
58099,520
58100,524
58101,522
58102,516
58103,518
58104,522
58105,518
58106,524
58107,522
58108,518
58109,522
58110,518
58111,518
58112,520
58113,518
58114,516
58115,524
58116,524
58117,522
58118,524
58119,516
58120,520
58121,520
58122,518
58123,514
58124,522
58125,528
58126,520
58127,522
58128,520
58129,520
58130,520
58131,520
58132,516
58133,522
58134,524
58135,516
58136,522
58137,528
58138,516
58139,516
58140,524
58141,520
58142,522
58143,524
58144,514
58145,526
58146,528
58147,520
58148,576
58149,520
58150,524
58151,522
58152,526
58153,518
58154,522
58155,524
58156,518
58157,524
58158,524
58159,520
58160,518
58161,516
58162,518
58163,518
58164,520
58165,516
58166,522
58167,524
58168,520
58169,520
58170,522
58171,516
58172,522
58173,524
58174,522
58175,520
58176,522
58177,516
58178,522
58179,520
58180,522
58181,524
58182,522
58183,520
58184,524
58185,520
58186,518
58187,518
58188,522
58189,518
58190,524
58191,522
58192,514
58193,518
58194,516
58195,514
58196,518
58197,520
58198,518
58199,516
58200,554
58201,514
58202,518
58203,518
58204,516
58205,518
58206,518
58207,512
58208,520
58209,524
58210,518
58211,520
58212,518
58213,516
58214,516
58215,524
58216,514
58217,522
58218,522
58219,520
58220,516
58221,522
58222,518
58223,522
58224,522
58225,518
58226,520
58227,522
58228,520
58229,518
58230,522
58231,518
58232,520
58233,522
58234,520
58235,524
58236,526
58237,518
58238,520
58239,522
58240,512
58241,518
58242,526
58243,518
58244,524
58245,520
58246,516
58247,520
58248,520
58249,522
58250,524
58251,520
58252,516
58253,518
58254,520
58255,514
58256,534
58257,526
58258,518
58259,518
58260,520
58261,520
58262,520
58263,526
58264,520
58265,526
58266,526
58267,520
58268,520
58269,522
58270,520
58271,522
58272,524
58273,520
58274,522
58275,528
58276,518
58277,522
58278,526
58279,518
58280,524
58281,518
58282,522
58283,524
58284,518
58285,512
58286,522
58287,524
58288,522
58289,526
58290,526
58291,518
58292,526
58293,518
58294,520
58295,526
58296,518
58297,518
58298,522
58299,516
58300,522
58301,524
58302,518
58303,518
58304,524
58305,524
58306,520
58307,522
58308,516
58309,518
58310,556
58311,522
58312,520
58313,524
58314,520
58315,520
58316,520
58317,520
58318,514
58319,524
58320,524
58321,516
58322,518
58323,524
58324,510
58325,516
58326,522
58327,518
58328,518
58329,514
58330,520
58331,524
58332,520
58333,516
58334,520
58335,520
58336,518
58337,518
58338,516
58339,512
58340,520
58341,520
58342,518
58343,524
58344,520
58345,512
58346,524
58347,518
58348,520
58349,516
58350,516
58351,514
58352,516
58353,518
58354,518
58355,524
58356,520
58357,518
58358,524
58359,524
58360,514
58361,524
58362,522
58363,518
58364,522
58365,522
58366,554
58367,524
58368,522
58369,520
58370,522
58371,522
58372,516
58373,522
58374,524
58375,516
58376,520
58377,524
58378,520
58379,526
58380,524
58381,516
58382,524
58383,524
58384,522
58385,524
58386,522
58387,516
58388,524
58389,522
58390,518
58391,522
58392,522
58393,520
58394,518
58395,518
58396,518
58397,520
58398,520
58399,520
58400,522
58401,522
58402,516
58403,526
58404,520
58405,520
58406,522
58407,520
58408,518
58409,524
58410,520
58411,520
58412,526
58413,522
58414,520
58415,520
58416,520
58417,522
58418,518
58419,520
58420,518
58421,524
58422,522
58423,516
58424,520
58425,524
58426,520
58427,520
58428,518
58429,518
58430,518
58431,520
58432,512
58433,522
58434,518
58435,518
58436,540
58437,524
58438,520
58439,524
58440,522
58441,514
58442,516
58443,518
58444,518
58445,520
58446,520
58447,514
58448,566
58449,518
58450,524
58451,534
58452,516
58453,524
58454,524
58455,520
58456,516
58457,516
58458,522
58459,518
58460,524
58461,524
58462,518
58463,520
58464,520
58465,526
58466,518
58467,522
58468,516
58469,520
58470,520
58471,514
58472,520
58473,520
58474,518
58475,518
58476,520
58477,516
58478,518
58479,520
58480,524
58481,518
58482,518
58483,522
58484,514
58485,524
58486,524
58487,520
58488,520
58489,524
58490,520
58491,520
58492,522
58493,520
58494,520
58495,516
58496,516
58497,560
58498,524
58499,520
58500,520
58501,524
58502,516
58503,518
58504,524
58505,520
58506,524
58507,524
58508,516
58509,522
58510,520
58511,516
58512,520
58513,524
58514,516
58515,520
58516,526
58517,520
58518,528
58519,524
58520,520
58521,522
58522,520
58523,514
58524,522
58525,526
58526,516
58527,524
58528,524
58529,520
58530,518
58531,522
58532,524
58533,522
58534,524
58535,516
58536,518
58537,522
58538,520
58539,518
58540,518
58541,520
58542,524
58543,518
58544,518
58545,522
58546,520
58547,522
58548,522
58549,522
58550,522
58551,520
58552,524
58553,518
58554,520
58555,516
58556,556
58557,522
58558,516
58559,512
58560,516
58561,520
58562,520
58563,516
58564,524
58565,516
58566,518
58567,526
58568,520
58569,518
58570,520
58571,514
58572,524
58573,522
58574,514
58575,516
58576,520
58577,514
58578,520
58579,516
58580,518
58581,526
58582,518
58583,516
58584,522
58585,522
58586,514
58587,520
58588,524
58589,520
58590,524
58591,520
58592,514
58593,514
58594,520
58595,514
58596,520
58597,520
58598,518
58599,524
58600,520
58601,520
58602,518
58603,522
58604,520
58605,520
58606,524
58607,514
58608,516
58609,520
58610,514
58611,516
58612,524
58613,520
58614,522
58615,518
58616,532
58617,524
58618,522
58619,518
58620,524
58621,522
58622,520
58623,522
58624,522
58625,516
58626,526
58627,518
58628,522
58629,516
58630,524
58631,520
58632,524
58633,524
58634,520
58635,522
58636,522
58637,520
58638,526
58639,522
58640,516
58641,520
58642,526
58643,518
58644,524
58645,516
58646,522
58647,522
58648,518
58649,514
58650,524
58651,518
58652,522
58653,522
58654,524
58655,524
58656,520
58657,520
58658,518
58659,524
58660,518
58661,514
58662,520
58663,524
58664,518
58665,520
58666,526
58667,520
58668,522
58669,520
58670,520
58671,516
58672,524
58673,516
58674,524
58675,526
58676,558
58677,522
58678,520
58679,520
58680,520
58681,518
58682,520
58683,526
58684,520
58685,514
58686,520
58687,520
58688,518
58689,526
58690,524
58691,514
58692,520
58693,522
58694,516
58695,522
58696,520
58697,518
58698,522
58699,520
58700,516
58701,522
58702,524
58703,518
58704,522
58705,518
58706,516
58707,522
58708,520
58709,518
58710,520
58711,518
58712,512
58713,514
58714,518
58715,520
58716,522
58717,524
58718,518
58719,522
58720,524
58721,512
58722,518
58723,522
58724,516
58725,520
58726,520
58727,518
58728,524
58729,524
58730,522
58731,518
58732,526
58733,518
58734,516
58735,518
58736,576
58737,520
58738,516
58739,518
58740,524
58741,526
58742,518
58743,520
58744,516
58745,516
58746,520
58747,524
58748,516
58749,526
58750,522
58751,512
58752,520
58753,520
58754,522
58755,518
58756,520
58757,514
58758,524
58759,526
58760,516
58761,520
58762,524
58763,520
58764,520
58765,524
58766,520
58767,520
58768,526
58769,522
58770,528
58771,524
58772,520
58773,522
58774,526
58775,520
58776,524
58777,520
58778,520
58779,516
58780,524
58781,514
58782,522
58783,524
58784,518
58785,524
58786,524
58787,516
58788,518
58789,520
58790,520
58791,518
58792,520
58793,514
58794,522
58795,518
58796,518
58797,520
58798,522
58799,516
58800,558
58801,518
58802,520
58803,524
58804,522
58805,522
58806,524
58807,524
58808,518
58809,520
58810,520
58811,520
58812,526
58813,520
58814,516
58815,522
58816,520
58817,520
58818,522
58819,520
58820,516
58821,524
58822,524
58823,516
58824,518
58825,522
58826,516
58827,518
58828,522
58829,514
58830,518
58831,522
58832,518
58833,522
58834,520
58835,518
58836,518
58837,518
58838,516
58839,520
58840,522
58841,520
58842,524
58843,516
58844,512
58845,520
58846,526
58847,518
58848,516
58849,518
58850,516
58851,520
58852,522
58853,514
58854,524
58855,522
58856,520
58857,556
58858,522
58859,526
58860,544
58861,512
58862,522
58863,516
58864,518
58865,518
58866,524
58867,518
58868,516
58869,522
58870,520
58871,520
58872,524
58873,522
58874,520
58875,518
58876,520
58877,524
58878,520
58879,516
58880,518
58881,516
58882,520
58883,528
58884,522
58885,522
58886,526
58887,524
58888,520
58889,522
58890,518
58891,520
58892,520
58893,526
58894,514
58895,524
58896,522
58897,520
58898,520
58899,516
58900,520
58901,560
58902,526
58903,518
58904,524
58905,520
58906,520
58907,522
58908,516
58909,518
58910,524
58911,522
58912,520
58913,518
58914,528
58915,518
58916,520
58917,516
58918,518
58919,518
58920,524
58921,518
58922,524
58923,520
58924,514
58925,524
58926,518
58927,524
58928,526
58929,520
58930,518
58931,518
58932,526
58933,518
58934,520
58935,522
58936,518
58937,520
58938,522
58939,514
58940,522
58941,516
58942,516
58943,522
58944,518
58945,520
58946,520
58947,522
58948,518
58949,520
58950,524
58951,520
58952,518
58953,518
58954,556
58955,518
58956,518
58957,520
58958,524
58959,520
58960,518
58961,516
58962,522
58963,520
58964,524
58965,518
58966,516
58967,522
58968,520
58969,518
58970,522
58971,522
58972,516
58973,520
58974,522
58975,520
58976,524
58977,520
58978,518
58979,522
58980,518
58981,514
58982,524
58983,524
58984,512
58985,516
58986,524
58987,516
58988,518
58989,526
58990,522
58991,520
58992,518
58993,520
58994,518
58995,526
58996,518
58997,524
58998,520
58999,520
59000,522
59001,520
59002,512
59003,524
59004,524
59005,516
59006,526
59007,520
59008,516
59009,564
59010,524
59011,518
59012,524
59013,522
59014,520
59015,520
59016,520
59017,518
59018,518
59019,522
59020,518
59021,520
59022,522
59023,520
59024,518
59025,528
59026,522
59027,522
59028,520
59029,516
59030,526
59031,522
59032,520
59033,520
59034,518
59035,516
59036,524
59037,524
59038,520
59039,520
59040,520
59041,518
59042,524
59043,520
59044,514
59045,526
59046,524
59047,514
59048,522
59049,524
59050,512
59051,524
59052,522
59053,516
59054,520
59055,524
59056,518
59057,522
59058,522
59059,512
59060,522
59061,522
59062,520
59063,520
59064,518
59065,526
59066,520
59067,522
59068,516
59069,516
59070,516
59071,518
59072,516
59073,522
59074,512
59075,522
59076,522
59077,520
59078,516
59079,522
59080,518
59081,522
59082,524
59083,520
59084,520
59085,522
59086,516
59087,520
59088,522
59089,516
59090,524
59091,524
59092,520
59093,520
59094,520
59095,518
59096,522
59097,522
59098,516
59099,520
59100,516
59101,516
59102,520
59103,518
59104,514
59105,518
59106,524
59107,520
59108,522
59109,522
59110,514
59111,522
59112,518
59113,520
59114,518
59115,524
59116,512
59117,526
59118,520
59119,518
59120,522
59121,524
59122,534
59123,524
59124,526
59125,514
59126,518
59127,516
59128,520
59129,524
59130,522
59131,518
59132,520
59133,520
59134,522
59135,520
59136,524
59137,514
59138,526
59139,520
59140,520
59141,520
59142,524
59143,514
59144,520
59145,524
59146,514
59147,520
59148,524
59149,514
59150,520
59151,526
59152,522
59153,522
59154,524
59155,516
59156,522
59157,524
59158,522
59159,518
59160,518
59161,520
59162,524
59163,518
59164,514
59165,522
59166,522
59167,520
59168,520
59169,518
59170,522
59171,520
59172,522
59173,516
59174,524
59175,520
59176,516
59177,524
59178,516
59179,520
59180,524
59181,524
59182,514
59183,522
59184,522
59185,522
59186,516
59187,514
59188,512
59189,524
59190,520
59191,520
59192,522
59193,514
59194,518
59195,516
59196,522
59197,516
59198,514
59199,518
59200,514
59201,516
59202,522
59203,518
59204,522
59205,518
59206,520
59207,516
59208,522
59209,512
59210,516
59211,520
59212,518
59213,516
59214,522
59215,518
59216,518
59217,558
59218,516
59219,518
59220,522
59221,512
59222,520
59223,522
59224,520
59225,524
59226,520
59227,514
59228,524
59229,524
59230,512
59231,516
59232,520
59233,518
59234,518
59235,526
59236,512
59237,518
59238,520
59239,518
59240,526
59241,526
59242,520
59243,522
59244,522
59245,520
59246,522
59247,518
59248,516
59249,518
59250,526
59251,518
59252,520
59253,522
59254,520
59255,524
59256,522
59257,522
59258,522
59259,524
59260,522
59261,524
59262,522
59263,516
59264,520
59265,520
59266,512
59267,562
59268,520
59269,518
59270,520
59271,520
59272,536
59273,526
59274,520
59275,526
59276,516
59277,518
59278,526
59279,520
59280,514
59281,524
59282,520
59283,514
59284,522
59285,520
59286,518
59287,520
59288,524
59289,512
59290,518
59291,526
59292,518
59293,522
59294,520
59295,518
59296,522
59297,524
59298,518
59299,522
59300,518
59301,560
59302,524
59303,518
59304,516
59305,520
59306,518
59307,520
59308,520
59309,524
59310,516
59311,522
59312,518
59313,518
59314,520
59315,524
59316,518
59317,522
59318,522
59319,516
59320,522
59321,516
59322,510
59323,518
59324,520
59325,510
59326,522
59327,518
59328,516
59329,522
59330,518
59331,514
59332,516
59333,520
59334,518
59335,522
59336,522
59337,520
59338,524
59339,524
59340,514
59341,518
59342,522
59343,514
59344,520
59345,516
59346,518
59347,524
59348,518
59349,512
59350,522
59351,520
59352,520
59353,522
59354,522
59355,518
59356,516
59357,522
59358,516
59359,520
59360,524
59361,516
59362,518
59363,522
59364,514
59365,520
59366,520
59367,520
59368,520
59369,524
59370,516
59371,524
59372,522
59373,518
59374,522
59375,522
59376,518
59377,520
59378,526
59379,518
59380,524
59381,518
59382,524
59383,522
59384,524
59385,516
59386,526
59387,518
59388,522
59389,526
59390,526
59391,514
59392,524
59393,522
59394,522
59395,518
59396,518
59397,516
59398,524
59399,524
59400,520
59401,524
59402,524
59403,520
59404,518
59405,520
59406,514
59407,518
59408,524
59409,522
59410,522
59411,544
59412,520
59413,518
59414,522
59415,514
59416,524
59417,518
59418,524
59419,526
59420,520
59421,514
59422,518
59423,522
59424,516
59425,524
59426,518
59427,522
59428,522
59429,522
59430,516
59431,516
59432,516
59433,516
59434,518
59435,520
59436,516
59437,520
59438,520
59439,514
59440,524
59441,518
59442,516
59443,522
59444,522
59445,514
59446,524
59447,520
59448,516
59449,516
59450,514
59451,518
59452,520
59453,520
59454,514
59455,524
59456,516
59457,520
59458,520
59459,516
59460,516
59461,524
59462,520
59463,522
59464,520
59465,522
59466,518
59467,522
59468,518
59469,516
59470,522
59471,524
59472,512
59473,518
59474,560
59475,520
59476,518
59477,518
59478,516
59479,520
59480,520
59481,518
59482,524
59483,518
59484,518
59485,520
59486,522
59487,514
59488,520
59489,522
59490,514
59491,522
59492,522
59493,520
59494,524
59495,524
59496,520
59497,522
59498,524
59499,514
59500,524
59501,524
59502,516
59503,522
59504,518
59505,516
59506,520
59507,520
59508,516
59509,526
59510,522
59511,522
59512,518
59513,524
59514,518
59515,522
59516,524
59517,516
59518,526
59519,520
59520,522
59521,522
59522,522
59523,518
59524,524
59525,518
59526,518
59527,520
59528,518
59529,516
59530,562
59531,518
59532,520
59533,518
59534,522
59535,522
59536,524
59537,520
59538,522
59539,524
59540,522
59541,518
59542,522
59543,520
59544,514
59545,518
59546,522
59547,518
59548,524
59549,518
59550,518
59551,522
59552,522
59553,514
59554,524
59555,518
59556,512
59557,518
59558,524
59559,514
59560,522
59561,516
59562,514
59563,520
59564,522
59565,514
59566,518
59567,522
59568,520
59569,518
59570,522
59571,512
59572,524
59573,522
59574,514
59575,518
59576,524
59577,512
59578,520
59579,526
59580,516
59581,518
59582,524
59583,518
59584,522
59585,516
59586,512
59587,516
59588,518
59589,532
59590,524
59591,518
59592,520
59593,524
59594,522
59595,512
59596,518
59597,524
59598,520
59599,520
59600,520
59601,520
59602,520
59603,516
59604,514
59605,520
59606,516
59607,520
59608,522
59609,518
59610,516
59611,520
59612,522
59613,516
59614,522
59615,520
59616,520
59617,524
59618,518
59619,518
59620,526
59621,524
59622,516
59623,522
59624,522
59625,514
59626,518
59627,526
59628,518
59629,524
59630,522
59631,514
59632,520
59633,524
59634,520
59635,528
59636,526
59637,522
59638,522
59639,524
59640,520
59641,518
59642,520
59643,522
59644,522
59645,520
59646,516
59647,564
59648,518
59649,522
59650,524
59651,522
59652,518
59653,520
59654,526
59655,520
59656,518
59657,524
59658,518
59659,518
59660,518
59661,520
59662,522
59663,520
59664,516
59665,524
59666,522
59667,518
59668,524
59669,524
59670,518
59671,524
59672,522
59673,516
59674,518
59675,516
59676,520
59677,568
59678,536
59679,524
59680,518
59681,524
59682,524
59683,522
59684,526
59685,518
59686,516
59687,520
59688,518
59689,516
59690,522
59691,520
59692,522
59693,518
59694,524
59695,520
59696,522
59697,520
59698,520
59699,518
59700,526
59701,514
59702,516
59703,524
59704,514
59705,518
59706,522
59707,514
59708,522
59709,524
59710,514
59711,522
59712,518
59713,520
59714,524
59715,522
59716,514
59717,522
59718,518
59719,520
59720,522
59721,522
59722,518
59723,566
59724,524
59725,512
59726,524
59727,524
59728,520
59729,522
59730,526
59731,516
59732,522
59733,522
59734,516
59735,524
59736,522
59737,516
59738,520
59739,520
59740,516
59741,524
59742,520
59743,518
59744,516
59745,522
59746,512
59747,526
59748,522
59749,520
59750,524
59751,518
59752,516
59753,520
59754,524
59755,518
59756,526
59757,524
59758,522
59759,524
59760,526
59761,520
59762,526
59763,520
59764,520
59765,526
59766,524
59767,516
59768,520
59769,520
59770,516
59771,524
59772,526
59773,518
59774,520
59775,526
59776,514
59777,526
59778,520
59779,520
59780,522
59781,518
59782,230764
59783,588
59784,522
59785,524
59786,544
59787,522
59788,516
59789,518
59790,524
59791,514
59792,522
59793,524
59794,520
59795,526
59796,522
59797,520
59798,526
59799,524
59800,522
59801,522
59802,520
59803,516
59804,522
59805,522
59806,520
59807,520
59808,524
59809,518
59810,526
59811,520
59812,518
59813,520
59814,524
59815,516
59816,520
59817,522
59818,522
59819,524
59820,522
59821,522
59822,522
59823,520
59824,518
59825,520
59826,524
59827,520
59828,520
59829,522
59830,514
59831,522
59832,524
59833,518
59834,518
59835,522
59836,514
59837,520
59838,524
59839,518
59840,520
59841,524
59842,520
59843,526
59844,520
59845,562
59846,516
59847,520
59848,514
59849,524
59850,526
59851,516
59852,524
59853,526
59854,520
59855,522
59856,522
59857,520
59858,524
59859,520
59860,514
59861,524
59862,520
59863,518
59864,518
59865,516
59866,516
59867,524
59868,522
59869,520
59870,524
59871,522
59872,520
59873,516
59874,514
59875,518
59876,522
59877,544
59878,524
59879,536
59880,514
59881,518
59882,518
59883,520
59884,522
59885,518
59886,522
59887,524
59888,516
59889,528
59890,520
59891,514
59892,520
59893,520
59894,516
59895,522
59896,524
59897,518
59898,522
59899,520
59900,514
59901,520
59902,524
59903,520
59904,522
59905,524
59906,514
59907,518
59908,524
59909,518
59910,524
59911,518
59912,514
59913,518
59914,524
59915,518
59916,522
59917,524
59918,518
59919,526
59920,522
59921,516
59922,524
59923,524
59924,520
59925,522
59926,524
59927,514
59928,518
59929,520
59930,516
59931,522
59932,524
59933,512
59934,522
59935,524
59936,522
59937,524
59938,522
59939,516
59940,520
59941,560
59942,516
59943,524
59944,526
59945,522
59946,518
59947,518
59948,522
59949,520
59950,524
59951,520
59952,524
59953,524
59954,518
59955,522
59956,526
59957,520
59958,524
59959,518
59960,518
59961,520
59962,518
59963,522
59964,524
59965,524
59966,520
59967,518
59968,520
59969,516
59970,522
59971,522
59972,516
59973,524
59974,520
59975,518
59976,518
59977,522
59978,516
59979,524
59980,522
59981,516
59982,520
59983,518
59984,522
59985,520
59986,524
59987,512
59988,522
59989,520
59990,516
59991,518
59992,522
59993,520
59994,524
59995,520
59996,522
59997,520
59998,524
59999,514
60000,522
60001,518
60002,514
60003,524
60004,520
60005,514
60006,526
60007,520
60008,518
60009,522
60010,520
60011,512
60012,518
60013,520
60014,514
60015,518
60016,518
60017,518
60018,524
60019,524
60020,510
60021,524
60022,516
60023,512
60024,522
60025,524
60026,516
60027,520
60028,516
60029,514
60030,520
60031,520
60032,514
60033,520
60034,518
60035,516
60036,518
60037,522
60038,514
60039,524
60040,524
60041,518
60042,522
60043,518
60044,518
60045,524
60046,524
60047,520
60048,522
60049,516
60050,518
60051,522
60052,524
60053,554
60054,520
60055,520
60056,518
60057,520
60058,520
60059,518
60060,524
60061,522
60062,520
60063,524
60064,518
60065,518
60066,524
60067,520
60068,516
60069,524
60070,526
60071,516
60072,518
60073,522
60074,520
60075,522
60076,518
60077,516
60078,518
60079,520
60080,514
60081,520
60082,518
60083,522
60084,528
60085,518
60086,542
60087,524
60088,520
60089,526
60090,522
60091,520
60092,528
60093,520
60094,522
60095,514
60096,524
60097,526
60098,516
60099,522
60100,524
60101,510
60102,522
60103,516
60104,516
60105,522
60106,520
60107,520
60108,522
60109,516
60110,514
60111,518
60112,522
60113,522
60114,524
60115,520
60116,516
60117,518
60118,518
60119,518
60120,522
60121,524
60122,522
60123,520
60124,526
60125,516
60126,522
60127,520
60128,512
60129,522
60130,520
60131,524
60132,522
60133,528
60134,518
60135,526
60136,518
60137,518
60138,526
60139,524
60140,516
60141,520
60142,522
60143,562
60144,518
60145,520
60146,516
60147,516
60148,520
60149,520
60150,520
60151,520
60152,522
60153,516
60154,526
60155,516
60156,520
60157,526
60158,512
60159,526
60160,522
60161,514
60162,520
60163,520
60164,520
60165,520
60166,522
60167,514
60168,522
60169,518
60170,518
60171,524
60172,522
60173,516
60174,518
60175,520
60176,518
60177,522
60178,524
60179,522
60180,522
60181,518
60182,520
60183,524
60184,524
60185,518
60186,520
60187,522
60188,518
60189,518
60190,524
60191,516
60192,526
60193,518
60194,518
60195,516
60196,518
60197,514
60198,524
60199,520
60200,524
60201,518
60202,518
60203,520
60204,536
60205,520
60206,516
60207,516
60208,518
60209,524
60210,524
60211,526
60212,520
60213,518
60214,524
60215,512
60216,526
60217,522
60218,520
60219,520
60220,518
60221,520
60222,526
60223,526
60224,516
60225,522
60226,526
60227,520
60228,516
60229,520
60230,514
60231,524
60232,522
60233,518
60234,520
60235,524
60236,520
60237,524
60238,526
60239,516
60240,524
60241,522
60242,514
60243,518
60244,522
60245,518
60246,522
60247,524
60248,520
60249,524
60250,526
60251,520
60252,520
60253,520
60254,520
60255,520
60256,522
60257,520
60258,524
60259,520
60260,518
60261,526
60262,522
60263,560
60264,520
60265,524
60266,520
60267,518
60268,524
60269,516
60270,524
60271,522
60272,522
60273,522
60274,516
60275,514
60276,522
60277,526
60278,522
60279,524
60280,518
60281,520
60282,520
60283,516
60284,516
60285,524
60286,524
60287,520
60288,522
60289,520
60290,516
60291,520
60292,526
60293,518
60294,524
60295,520
60296,520
60297,522
60298,522
60299,520
60300,518
60301,520
60302,516
60303,518
60304,524
60305,514
60306,516
60307,522
60308,512
60309,516
60310,518
60311,520
60312,522
60313,518
60314,512
60315,520
60316,520
60317,514
60318,520
60319,518
60320,520
60321,518
60322,524
60323,514
60324,522
60325,518
60326,522
60327,522
60328,522
60329,518
60330,582
60331,516
60332,516
60333,524
60334,518
60335,516
60336,520
60337,516
60338,518
60339,520
60340,524
60341,518
60342,524
60343,522
60344,520
60345,522
60346,526
60347,516
60348,526
60349,524
60350,522
60351,522
60352,526
60353,516
60354,522
60355,524
60356,520
60357,524
60358,522
60359,520
60360,518
60361,524
60362,516
60363,520
60364,518
60365,522
60366,524
60367,520
60368,518
60369,18952
60370,524
60371,520
60372,532
60373,520
60374,532
60375,512
60376,518
60377,518
60378,522
60379,522
60380,524
60381,520
60382,526
60383,518
60384,520
60385,522
60386,518
60387,516
60388,524
60389,522
60390,518
60391,524
60392,518
60393,518
60394,524
60395,520
60396,516
60397,524
60398,516
60399,514
60400,520
60401,516
60402,520
60403,516
60404,520
60405,516
60406,522
60407,524
60408,514
60409,518
60410,520
60411,516
60412,518
60413,516
60414,510
60415,524
60416,520
60417,520
60418,514
60419,522
60420,516
60421,520
60422,524
60423,512
60424,564
60425,518
60426,522
60427,520
60428,522
60429,520
60430,516
60431,522
60432,518
60433,558
60434,550
60435,1012
60436,550
60437,538
60438,546
60439,542
60440,542
60441,540
60442,544
60443,542
60444,542
60445,546
60446,544
60447,536
60448,548
60449,546
60450,544
60451,546
60452,542
60453,538
60454,546
60455,540
60456,544
60457,544
60458,542
60459,542
60460,546
60461,548
60462,542
60463,540
60464,542
60465,542
60466,544
60467,546
60468,544
60469,542
60470,544
60471,544
60472,550
60473,546
60474,544
60475,546
60476,544
60477,542
60478,550
60479,546
60480,542
60481,544
60482,546
60483,544
60484,550
60485,548
60486,542
60487,542
60488,544
60489,536
60490,548
60491,586
60492,538
60493,546
60494,550
60495,572
60496,550
60497,542
60498,548
60499,544
60500,544
60501,538
60502,544
60503,542
60504,542
60505,546
60506,544
60507,536
60508,540
60509,546
60510,538
60511,546
60512,542
60513,538
60514,542
60515,540
60516,538
60517,546
60518,544
60519,540
60520,546
60521,546
60522,536
60523,546
60524,548
60525,538
60526,544
60527,540
60528,534
60529,542
60530,540
60531,540
60532,542
60533,540
60534,540
60535,548
60536,544
60537,540
60538,544
60539,548
60540,544
60541,548
60542,542
60543,538
60544,546
60545,546
60546,542
60547,546
60548,544
60549,544
60550,550
60551,542
60552,540
60553,544
60554,544
60555,544
60556,546
60557,546
60558,540
60559,548
60560,548
60561,584
60562,544
60563,548
60564,542
60565,548
60566,546
60567,538
60568,548
60569,546
60570,538
60571,540
60572,546
60573,542
60574,546
60575,544
60576,540
60577,548
60578,546
60579,540
60580,544
60581,548
60582,544
60583,548
60584,546
60585,546
60586,544
60587,544
60588,538
60589,548
60590,546
60591,546
60592,542
60593,548
60594,542
60595,546
60596,540
60597,542
60598,542
60599,548
60600,538
60601,550
60602,548
60603,544
60604,550
60605,546
60606,538
60607,540
60608,548
60609,534
60610,544
60611,544
60612,538
60613,552
60614,542
60615,540
60616,538
60617,544
60618,542
60619,542
60620,546
60621,538
60622,542
60623,588
60624,538
60625,542
60626,546
60627,540
60628,546
60629,546
60630,538
60631,540
60632,546
60633,542
60634,542
60635,546
60636,542
60637,540
60638,546
60639,540
60640,538
60641,540
60642,542
60643,548
60644,548
60645,540
60646,542
60647,544
60648,540
60649,544
60650,546
60651,536
60652,540
60653,546
60654,538
60655,544
60656,544
60657,542
60658,542
60659,542
60660,542
60661,540
60662,546
60663,538
60664,546
60665,546
60666,536
60667,540
60668,544
60669,538
60670,542
60671,550
60672,542
60673,546
60674,546
60675,544
60676,544
60677,546
60678,542
60679,542
60680,546
60681,542
60682,548
60683,540
60684,544
60685,544
60686,542
60687,586
60688,546
60689,550
60690,544
60691,544
60692,544
60693,542
60694,544
60695,548
60696,542
60697,548
60698,544
60699,542
60700,548
60701,546
60702,542
60703,542
60704,540
60705,538
60706,544
60707,544
60708,540
60709,550
60710,542
60711,546
60712,546
60713,542
60714,538
60715,544
60716,546
60717,540
60718,540
60719,542
60720,540
60721,542
60722,548
60723,538
60724,544
60725,542
60726,540
60727,546
60728,546
60729,540
60730,544
60731,546
60732,540
60733,546
60734,548
60735,542
60736,540
60737,544
60738,542
60739,542
60740,548
60741,544
60742,542
60743,540
60744,542
60745,544
60746,546
60747,540
60748,540
60749,546
60750,544
60751,540
60752,538
60753,542
60754,542
60755,540
60756,542
60757,542
60758,546
60759,538
60760,544
60761,540
60762,534
60763,544
60764,540
60765,538
60766,542
60767,546
60768,538
60769,546
60770,544
60771,540
60772,544
60773,548
60774,540
60775,546
60776,544
60777,544
60778,546
60779,544
60780,542
60781,542
60782,550
60783,540
60784,540
60785,542
60786,538
60787,542
60788,548
60789,538
60790,542
60791,546
60792,542
60793,548
60794,544
60795,540
60796,566
60797,546
60798,544
60799,546
60800,546
60801,546
60802,548
60803,542
60804,538
60805,544
60806,546
60807,546
60808,546
60809,548
60810,540
60811,546
60812,542
60813,546
60814,546
60815,548
60816,538
60817,548
60818,548
60819,542
60820,540
60821,548
60822,540
60823,546
60824,546
60825,544
60826,546
60827,540
60828,536
60829,544
60830,546
60831,542
60832,542
60833,546
60834,542
60835,544
60836,544
60837,540
60838,548
60839,546
60840,546
60841,548
60842,550
60843,536
60844,538
60845,548
60846,542
60847,542
60848,544
60849,538
60850,546
60851,544
60852,536
60853,540
60854,542
60855,538
60856,542
60857,548
60858,538
60859,546
60860,542
60861,542
60862,546
60863,544
60864,544
60865,544
60866,542
60867,540
60868,544
60869,546
60870,540
60871,538
60872,540
60873,540
60874,546
60875,542
60876,540
60877,546
60878,540
60879,538
60880,542
60881,546
60882,538
60883,546
60884,540
60885,542
60886,548
60887,546
60888,542
60889,544
60890,548
60891,542
60892,548
60893,546
60894,538
60895,544
60896,546
60897,544
60898,542
60899,550
60900,546
60901,548
60902,548
60903,536
60904,542
60905,562
60906,544
60907,546
60908,596
60909,542
60910,546
60911,546
60912,548
60913,550
60914,546
60915,546
60916,546
60917,550
60918,546
60919,544
60920,550
60921,542
60922,542
60923,548
60924,540
60925,546
60926,550
60927,546
60928,542
60929,546
60930,550
60931,536
60932,544
60933,542
60934,540
60935,546
60936,550
60937,544
60938,538
60939,544
60940,542
60941,544
60942,542
60943,544
60944,542
60945,550
60946,536
60947,542
60948,542
60949,542
60950,544
60951,542
60952,538
60953,546
60954,550
60955,542
60956,546
60957,542
60958,542
60959,544
60960,542
60961,540
60962,546
60963,542
60964,536
60965,548
60966,550
60967,540
60968,542
60969,544
60970,542
60971,548
60972,542
60973,582
60974,546
60975,548
60976,542
60977,542
60978,544
60979,542
60980,544
60981,538
60982,542
60983,540
60984,544
60985,540
60986,540
60987,544
60988,544
60989,546
60990,548
60991,542
60992,546
60993,542
60994,542
60995,550
60996,546
60997,540
60998,542
60999,548
61000,538
61001,546
61002,546
61003,540
61004,544
61005,542
61006,534
61007,548
61008,548
61009,542
61010,550
61011,546
61012,540
61013,544
61014,542
61015,542
61016,544
61017,544
61018,544
61019,546
61020,540
61021,544
61022,542
61023,550
61024,542
61025,548
61026,546
61027,546
61028,550
61029,542
61030,538
61031,550
61032,552
61033,542
61034,544
61035,548
61036,554
61037,548
61038,544
61039,544
61040,544
61041,546
61042,546
61043,544
61044,548
61045,540
61046,548
61047,540
61048,546
61049,544
61050,542
61051,544
61052,548
61053,546
61054,540
61055,542
61056,546
61057,544
61058,546
61059,546
61060,544
61061,550
61062,550
61063,542
61064,550
61065,546
61066,542
61067,544
61068,544
61069,536
61070,546
61071,546
61072,544
61073,542
61074,542
61075,540
61076,544
61077,548
61078,544
61079,544
61080,542
61081,540
61082,544
61083,542
61084,538
61085,544
61086,542
61087,542
61088,542
61089,542
61090,542
61091,540
61092,540
61093,538
61094,544
61095,544
61096,542
61097,546
61098,548
61099,542
61100,584
61101,546
61102,538
61103,542
61104,538
61105,540
61106,544
61107,548
61108,546
61109,546
61110,548
61111,540
61112,546
61113,550
61114,538
61115,544
61116,546
61117,544
61118,544
61119,544
61120,542
61121,548
61122,538
61123,536
61124,540
61125,542
61126,544
61127,546
61128,544
61129,540
61130,550
61131,548
61132,538
61133,548
61134,548
61135,544
61136,544
61137,546
61138,538
61139,546
61140,542
61141,538
61142,542
61143,544
61144,538
61145,542
61146,548
61147,542
61148,542
61149,552
61150,546
61151,546
61152,544
61153,546
61154,548
61155,546
61156,536
61157,550
61158,546
61159,540
61160,546
61161,542
61162,542
61163,548
61164,544
61165,544
61166,608
61167,544
61168,542
61169,546
61170,548
61171,542
61172,548
61173,546
61174,542
61175,548
61176,548
61177,538
61178,548
61179,542
61180,542
61181,546
61182,550
61183,538
61184,544
61185,546
61186,544
61187,544
61188,548
61189,546
61190,542
61191,548
61192,544
61193,542
61194,540
61195,542
61196,542
61197,546
61198,540
61199,548
61200,542
61201,538
61202,548
61203,544
61204,544
61205,546
61206,548
61207,542
61208,544
61209,548
61210,534
61211,544
61212,546
61213,538
61214,544
61215,546
61216,542
61217,546
61218,540
61219,538
61220,542
61221,544
61222,542
61223,546
61224,546
61225,544
61226,546
61227,544
61228,542
61229,546
61230,546
61231,584
61232,546
61233,542
61234,538
61235,546
61236,544
61237,542
61238,542
61239,548
61240,538
61241,546
61242,546
61243,538
61244,542
61245,544
61246,538
61247,544
61248,548
61249,540
61250,546
61251,552
61252,544
61253,548
61254,546
61255,544
61256,546
61257,540
61258,538
61259,546
61260,546
61261,540
61262,546
61263,540
61264,540
61265,550
61266,548
61267,538
61268,546
61269,548
61270,536
61271,546
61272,548
61273,542
61274,548
61275,544
61276,542
61277,546
61278,550
61279,542
61280,550
61281,546
61282,544
61283,544
61284,542
61285,542
61286,544
61287,542
61288,542
61289,542
61290,544
61291,546
61292,548
61293,546
61294,544
61295,584
61296,546
61297,538
61298,546
61299,546
61300,536
61301,546
61302,546
61303,544
61304,548
61305,546
61306,540
61307,546
61308,542
61309,536
61310,546
61311,544
61312,540
61313,542
61314,556
61315,544
61316,548
61317,546
61318,540
61319,540
61320,542
61321,548
61322,544
61323,538
61324,542
61325,540
61326,536
61327,538
61328,544
61329,540
61330,546
61331,540
61332,534
61333,540
61334,544
61335,536
61336,546
61337,544
61338,538
61339,540
61340,542
61341,540
61342,546
61343,540
61344,544
61345,546
61346,542
61347,540
61348,542
61349,548
61350,540
61351,542
61352,546
61353,536
61354,542
61355,546
61356,538
61357,544
61358,548
61359,538
61360,546
61361,546
61362,544
61363,540
61364,584
61365,542
61366,546
61367,544
61368,538
61369,544
61370,542
61371,540
61372,540
61373,550
61374,536
61375,542
61376,544
61377,540
61378,542
61379,546
61380,542
61381,544
61382,542
61383,542
61384,546
61385,542
61386,542
61387,544
61388,544
61389,542
61390,546
61391,544
61392,542
61393,546
61394,542
61395,542
61396,548
61397,548
61398,544
61399,548
61400,548
61401,544
61402,550
61403,546
61404,544
61405,546
61406,544
61407,540
61408,542
61409,546
61410,542
61411,544
61412,540
61413,542
61414,542
61415,546
61416,546
61417,542
61418,542
61419,536
61420,546
61421,540
61422,544
61423,546
61424,546
61425,540
61426,542
61427,542
61428,582
61429,544
61430,542
61431,536
61432,542
61433,546
61434,544
61435,542
61436,544
61437,536
61438,540
61439,546
61440,544
61441,546
61442,542
61443,542
61444,542
61445,544
61446,542
61447,546
61448,544
61449,542
61450,542
61451,542
61452,538
61453,544
61454,548
61455,538
61456,542
61457,542
61458,538
61459,540
61460,552
61461,540
61462,544
61463,542
61464,538
61465,548
61466,546
61467,538
61468,546
61469,546
61470,540
61471,542
61472,544
61473,544
61474,544
61475,544
61476,542
61477,548
61478,542
61479,536
61480,542
61481,540
61482,3654
61483,534
61484,534
61485,528
61486,534
61487,532
61488,534
61489,534
61490,534
61491,526
61492,554
61493,536
61494,528
61495,534
61496,532
61497,528
61498,534
61499,534
61500,534
61501,532
61502,536
61503,532
61504,538
61505,530
61506,528
61507,534
61508,532
61509,530
61510,534
61511,530
61512,536
61513,538
61514,530
61515,532
61516,534
61517,532
61518,532
61519,538
61520,530
61521,532
61522,530
61523,534
61524,534
61525,534
61526,526
61527,530
61528,532
61529,534
61530,526
61531,532
61532,530
61533,528
61534,534
61535,534
61536,526
61537,538
61538,536
61539,528
61540,536
61541,528
61542,530
61543,532
61544,536
61545,528
61546,528
61547,534
61548,530
61549,536
61550,534
61551,530
61552,574
61553,534
61554,528
61555,530
61556,532
61557,528
61558,530
61559,532
61560,530
61561,528
61562,536
61563,530
61564,532
61565,536
61566,530
61567,528
61568,532
61569,524
61570,534
61571,530
61572,522
61573,534
61574,528
61575,524
61576,534
61577,532
61578,528
61579,532
61580,534
61581,530
61582,528
61583,536
61584,524
61585,534
61586,530
61587,526
61588,536
61589,528
61590,532
61591,532
61592,536
61593,524
61594,534
61595,534
61596,528
61597,526
61598,532
61599,530
61600,532
61601,528
61602,532
61603,536
61604,534
61605,530
61606,532
61607,532
61608,530
61609,536
61610,530
61611,530
61612,532
61613,532
61614,528
61615,530
61616,538
61617,528
61618,534
61619,530
61620,532
61621,528
61622,534
61623,530
61624,532
61625,534
61626,532
61627,538
61628,538
61629,526
61630,536
61631,532
61632,528
61633,534
61634,536
61635,530
61636,536
61637,534
61638,530
61639,538
61640,534
61641,532
61642,536
61643,530
61644,528
61645,532
61646,530
61647,526
61648,586
61649,528
61650,526
61651,532
61652,532
61653,530
61654,530
61655,532
61656,528
61657,528
61658,528
61659,530
61660,536
61661,534
61662,532
61663,526
61664,534
61665,530
61666,532
61667,528
61668,528
61669,532
61670,530
61671,532
61672,528
61673,534
61674,532
61675,528
61676,528
61677,528
61678,530
61679,536
61680,528
61681,532
61682,528
61683,526
61684,532
61685,532
61686,532
61687,534
61688,530
61689,528
61690,532
61691,526
61692,528
61693,528
61694,534
61695,526
61696,526
61697,534
61698,530
61699,526
61700,530
61701,528
61702,534
61703,534
61704,528
61705,534
61706,530
61707,526
61708,536
61709,530
61710,522
61711,586
61712,530
61713,528
61714,530
61715,534
61716,522
61717,530
61718,530
61719,530
61720,526
61721,532
61722,532
61723,532
61724,548
61725,532
61726,538
61727,538
61728,530
61729,530
61730,536
61731,530
61732,536
61733,540
61734,526
61735,536
61736,532
61737,530
61738,534
61739,536
61740,532
61741,536
61742,530
61743,530
61744,536
61745,534
61746,528
61747,534
61748,534
61749,530
61750,536
61751,536
61752,530
61753,538
61754,536
61755,530
61756,536
61757,528
61758,532
61759,534
61760,532
61761,530
61762,536
61763,536
61764,528
61765,536
61766,538
61767,530
61768,530
61769,532
61770,534
61771,534
61772,532
61773,526
61774,534
61775,534
61776,530
61777,530
61778,534
61779,534
61780,534
61781,528
61782,532
61783,534
61784,530
61785,532
61786,534
61787,538
61788,528
61789,534
61790,536
61791,524
61792,534
61793,534
61794,528
61795,536
61796,534
61797,528
61798,530
61799,534
61800,528
61801,530
61802,528
61803,526
61804,534
61805,528
61806,528
61807,532
61808,532
61809,532
61810,534
61811,532
61812,528
61813,572
61814,534
61815,528
61816,534
61817,530
61818,530
61819,538
61820,534
61821,526
61822,530
61823,534
61824,526
61825,534
61826,534
61827,526
61828,536
61829,536
61830,530
61831,534
61832,534
61833,534
61834,534
61835,530
61836,530
61837,530
61838,534
61839,528
61840,530
61841,534
61842,532
61843,530
61844,532
61845,530
61846,526
61847,534
61848,530
61849,530
61850,530
61851,532
61852,534
61853,536
61854,530
61855,532
61856,532
61857,532
61858,538
61859,532
61860,532
61861,532
61862,538
61863,526
61864,534
61865,530
61866,530
61867,534
61868,536
61869,532
61870,532
61871,532
61872,532
61873,536
61874,532
61875,530
61876,574
61877,534
61878,536
61879,528
61880,534
61881,532
61882,532
61883,528
61884,532
61885,534
61886,536
61887,534
61888,530
61889,536
61890,528
61891,536
61892,528
61893,530
61894,532
61895,536
61896,528
61897,532
61898,536
61899,528
61900,536
61901,536
61902,532
61903,534
61904,532
61905,526
61906,534
61907,528
61908,530
61909,534
61910,534
61911,532
61912,534
61913,530
61914,526
61915,532
61916,536
61917,530
61918,534
61919,534
61920,530
61921,534
61922,534
61923,526
61924,530
61925,534
61926,530
61927,532
61928,530
61929,522
61930,528
61931,526
61932,526
61933,532
61934,530
61935,526
61936,532
61937,536
61938,526
61939,532
61940,536
61941,530
61942,592
61943,530
61944,530
61945,532
61946,534
61947,528
61948,532
61949,532
61950,530
61951,530
61952,538
61953,530
61954,532
61955,536
61956,528
61957,536
61958,532
61959,530
61960,532
61961,534
61962,534
61963,534
61964,532
61965,526
61966,534
61967,534
61968,528
61969,534
61970,538
61971,534
61972,538
61973,532
61974,526
61975,534
61976,530
61977,536
61978,538
61979,536
61980,530
61981,536
61982,534
61983,532
61984,532
61985,536
61986,534
61987,530
61988,536
61989,526
61990,536
61991,536
61992,528
61993,538
61994,530
61995,524
61996,532
61997,532
61998,526
61999,530
62000,530
62001,530
62002,536
62003,534
62004,532
62005,592
62006,538
62007,530
62008,536
62009,530
62010,528
62011,534
62012,536
62013,526
62014,538
62015,536
62016,528
62017,536
62018,536
62019,530
62020,532
62021,530
62022,532
62023,532
62024,536
62025,528
62026,536
62027,532
62028,526
62029,536
62030,534
62031,530
62032,534
62033,528
62034,526
62035,534
62036,536
62037,526
62038,528
62039,530
62040,530
62041,534
62042,532
62043,528
62044,532
62045,532
62046,530
62047,536
62048,532
62049,530
62050,532
62051,534
62052,530
62053,530
62054,536
62055,524
62056,536
62057,526
62058,530
62059,536
62060,536
62061,530
62062,532
62063,532
62064,526
62065,530
62066,532
62067,532
62068,530
62069,576
62070,528
62071,536
62072,532
62073,530
62074,534
62075,536
62076,526
62077,538
62078,538
62079,532
62080,536
62081,530
62082,532
62083,526
62084,530
62085,530
62086,530
62087,532
62088,532
62089,532
62090,530
62091,530
62092,530
62093,530
62094,530
62095,538
62096,538
62097,530
62098,538
62099,536
62100,526
62101,538
62102,534
62103,526
62104,534
62105,538
62106,530
62107,536
62108,538
62109,532
62110,536
62111,534
62112,532
62113,532
62114,538
62115,532
62116,536
62117,532
62118,530
62119,534
62120,538
62121,526
62122,536
62123,536
62124,528
62125,532
62126,536
62127,526
62128,532
62129,534
62130,528
62131,534
62132,530
62133,546
62134,570
62135,536
62136,538
62137,522
62138,534
62139,532
62140,524
62141,528
62142,534
62143,544
62144,534
62145,534
62146,530
62147,532
62148,530
62149,526
62150,532
62151,534
62152,528
62153,534
62154,534
62155,524
62156,532
62157,528
62158,526
62159,526
62160,524
62161,530
62162,534
62163,534
62164,528
62165,532
62166,536
62167,530
62168,536
62169,544
62170,526
62171,528
62172,536
62173,530
62174,536
62175,536
62176,530
62177,532
62178,536
62179,536
62180,528
62181,530
62182,534
62183,534
62184,536
62185,534
62186,536
62187,534
62188,530
62189,538
62190,574
62191,530
62192,530
62193,536
62194,530
62195,530
62196,532
62197,526
62198,536
62199,536
62200,524
62201,530
62202,534
62203,526
62204,532
62205,536
62206,530
62207,538
62208,538
62209,528
62210,536
62211,532
62212,532
62213,534
62214,534
62215,528
62216,530
62217,536
62218,532
62219,538
62220,532
62221,530
62222,536
62223,536
62224,532
62225,538
62226,536
62227,530
62228,534
62229,538
62230,534
62231,530
62232,530
62233,530
62234,534
62235,536
62236,528
62237,536
62238,536
62239,532
62240,534
62241,536
62242,528
62243,530
62244,530
62245,530
62246,534
62247,534
62248,524
62249,528
62250,532
62251,534
62252,534
62253,534
62254,530
62255,534
62256,530
62257,526
62258,530
62259,532
62260,532
62261,534
62262,538
62263,532
62264,534
62265,538
62266,528
62267,536
62268,538
62269,526
62270,530
62271,534
62272,522
62273,528
62274,534
62275,528
62276,534
62277,534
62278,522
62279,532
62280,574
62281,534
62282,530
62283,536
62284,530
62285,534
62286,526
62287,530
62288,532
62289,534
62290,526
62291,534
62292,540
62293,526
62294,534
62295,530
62296,524
62297,534
62298,528
62299,526
62300,530
62301,534
62302,528
62303,532
62304,534
62305,526
62306,536
62307,532
62308,524
62309,536
62310,534
62311,534
62312,532
62313,530
62314,530
62315,530
62316,534
62317,524
62318,530
62319,534
62320,530
62321,532
62322,534
62323,534
62324,538
62325,534
62326,526
62327,536
62328,534
62329,532
62330,534
62331,532
62332,526
62333,530
62334,530
62335,528
62336,536
62337,532
62338,526
62339,530
62340,534
62341,526
62342,534
62343,576
62344,532
62345,530
62346,536
62347,532
62348,538
62349,536
62350,532
62351,538
62352,534
62353,526
62354,530
62355,536
62356,532
62357,534
62358,536
62359,530
62360,540
62361,536
62362,528
62363,534
62364,534
62365,530
62366,530
62367,534
62368,530
62369,536
62370,534
62371,526
62372,538
62373,536
62374,530
62375,536
62376,532
62377,526
62378,536
62379,530
62380,532
62381,528
62382,534
62383,530
62384,532
62385,536
62386,532
62387,528
62388,530
62389,524
62390,536
62391,534
62392,530
62393,536
62394,534
62395,530
62396,536
62397,536
62398,528
62399,528
62400,534
62401,528
62402,534
62403,536
62404,526
62405,572
62406,530
62407,524
62408,532
62409,530
62410,532
62411,534
62412,530
62413,526
62414,532
62415,538
62416,526
62417,534
62418,534
62419,524
62420,530
62421,528
62422,522
62423,534
62424,534
62425,532
62426,532
62427,534
62428,526
62429,528
62430,530
62431,530
62432,532
62433,530
62434,526
62435,534
62436,528
62437,532
62438,538
62439,536
62440,528
62441,534
62442,530
62443,532
62444,532
62445,538
62446,532
62447,530
62448,530
62449,534
62450,538
62451,532
62452,532
62453,538
62454,536
62455,534
62456,536
62457,534
62458,532
62459,534
62460,530
62461,532
62462,532
62463,530
62464,528
62465,530
62466,528
62467,572
62468,536
62469,532
62470,532
62471,536
62472,530
62473,530
62474,532
62475,530
62476,530
62477,530
62478,534
62479,534
62480,532
62481,536
62482,530
62483,536
62484,534
62485,528
62486,532
62487,536
62488,532
62489,532
62490,536
62491,528
62492,530
62493,532
62494,532
62495,536
62496,532
62497,526
62498,530
62499,534
62500,532
62501,536
62502,530
62503,528
62504,530
62505,534
62506,530
62507,536
62508,532
62509,528
62510,532
62511,532
62512,532
62513,526
62514,536
62515,532
62516,532
62517,534
62518,530
62519,534
62520,530
62521,528
62522,534
62523,536
62524,532
62525,532
62526,536
62527,524
62528,534
62529,536
62530,570
62531,534
62532,528
62533,530
62534,532
62535,532
62536,532
62537,534
62538,528
62539,528
62540,530
62541,536
62542,526
62543,578
62544,530
62545,536
62546,530
62547,530
62548,534
62549,528
62550,530
62551,536
62552,534
62553,532
62554,532
62555,536
62556,536
62557,532
62558,534
62559,526
62560,536
62561,532
62562,526
62563,536
62564,534
62565,532
62566,534
62567,540
62568,530
62569,530
62570,536
62571,530
62572,532
62573,534
62574,528
62575,530
62576,536
62577,524
62578,536
62579,532
62580,534
62581,532
62582,536
62583,532
62584,534
62585,534
62586,526
62587,540
62588,534
62589,532
62590,532
62591,586
62592,528
62593,532
62594,534
62595,534
62596,534
62597,532
62598,534
62599,554
62600,532
62601,526
62602,532
62603,536
62604,532
62605,532
62606,534
62607,530
62608,530
62609,530
62610,528
62611,532
62612,530
62613,528
62614,530
62615,532
62616,526
62617,534
62618,534
62619,528
62620,528
62621,534
62622,530
62623,532
62624,536
62625,532
62626,536
62627,532
62628,530
62629,530
62630,534
62631,524
62632,536
62633,530
62634,526
62635,534
62636,534
62637,528
62638,530
62639,538
62640,534
62641,532
62642,536
62643,528
62644,534
62645,530
62646,530
62647,526
62648,534
62649,530
62650,574
62651,530
62652,524
62653,528
62654,530
62655,526
62656,532
62657,530
62658,532
62659,532
62660,534
62661,526
62662,534
62663,534
62664,528
62665,528
62666,532
62667,530
62668,536
62669,528
62670,530
62671,532
62672,536
62673,528
62674,534
62675,536
62676,530
62677,532
62678,536
62679,530
62680,536
62681,530
62682,534
62683,534
62684,530
62685,524
62686,536
62687,534
62688,530
62689,538
62690,534
62691,534
62692,532
62693,534
62694,530
62695,536
62696,534
62697,528
62698,536
62699,530
62700,526
62701,532
62702,532
62703,532
62704,536
62705,534
62706,532
62707,536
62708,534
62709,532
62710,536
62711,536
62712,524
62713,530
62714,536
62715,526
62716,536
62717,538
62718,528
62719,532
62720,532
62721,532
62722,532
62723,532
62724,528
62725,530
62726,534
62727,526
62728,536
62729,534
62730,528
62731,534
62732,532
62733,524
62734,532
62735,534
62736,530
62737,536
62738,530
62739,530
62740,530
62741,534
62742,524
62743,536
62744,534
62745,530
62746,534
62747,534
62748,526
62749,534
62750,536
62751,530
62752,536
62753,538
62754,528
62755,532
62756,528
62757,532
62758,534
62759,538
62760,528
62761,530
62762,534
62763,524
62764,532
62765,532
62766,526
62767,530
62768,534
62769,534
62770,536
62771,570
62772,528
62773,530
62774,536
62775,526
62776,530
62777,534
62778,524
62779,530
62780,534
62781,526
62782,530
62783,530
62784,528
62785,528
62786,536
62787,528
62788,530
62789,530
62790,532
62791,534
62792,534
62793,526
62794,536
62795,536
62796,534
62797,532
62798,534
62799,534
62800,532
62801,530
62802,532
62803,536
62804,538
62805,522
62806,538
62807,534
62808,530
62809,538
62810,534
62811,532
62812,534
62813,534
62814,528
62815,530
62816,538
62817,534
62818,536
62819,532
62820,532
62821,540
62822,538
62823,530
62824,528
62825,534
62826,526
62827,534
62828,536
62829,528
62830,534
62831,536
62832,572
62833,536
62834,530
62835,528
62836,532
62837,536
62838,530
62839,532
62840,536
62841,526
62842,526
62843,530
62844,532
62845,532
62846,532
62847,530
62848,538
62849,532
62850,530
62851,528
62852,538
62853,532
62854,532
62855,528
62856,532
62857,532
62858,534
62859,530
62860,536
62861,530
62862,530
62863,536
62864,534
62865,534
62866,530
62867,528
62868,532
62869,534
62870,532
62871,526
62872,536
62873,536
62874,532
62875,536
62876,536
62877,528
62878,530
62879,534
62880,530
62881,534
62882,536
62883,524
62884,534
62885,536
62886,530
62887,536
62888,532
62889,530
62890,534
62891,532
62892,526
62893,534
62894,534
62895,526
62896,530
62897,528
62898,526
62899,528
62900,536
62901,524
62902,532
62903,532
62904,530
62905,532
62906,536
62907,528
62908,532
62909,530
62910,528
62911,534
62912,528
62913,526
62914,550
62915,536
62916,528
62917,534
62918,528
62919,530
62920,536
62921,528
62922,532
62923,530
62924,534
62925,528
62926,532
62927,534
62928,530
62929,534
62930,536
62931,526
62932,540
62933,536
62934,528
62935,532
62936,536
62937,526
62938,530
62939,536
62940,526
62941,534
62942,534
62943,532
62944,534
62945,530
62946,532
62947,534
62948,534
62949,526
62950,536
62951,534
62952,528
62953,574
62954,536
62955,558
62956,534
62957,532
62958,532
62959,530
62960,526
62961,530
62962,528
62963,530
62964,526
62965,532
62966,536
62967,534
62968,530
62969,522
62970,530
62971,534
62972,536
62973,528
62974,532
62975,532
62976,540
62977,536
62978,538
62979,524
62980,530
62981,534
62982,524
62983,532
62984,532
62985,522
62986,534
62987,528
62988,526
62989,534
62990,532
62991,532
62992,528
62993,530
62994,530
62995,534
62996,532
62997,524
62998,532
62999,536
63000,532
63001,534
63002,532
63003,526
63004,530
63005,534
63006,526
63007,534
63008,534
63009,532
63010,536
63011,536
63012,526
63013,528
63014,532
63015,524
63016,546
63017,534
63018,524
63019,530
63020,532
63021,528
63022,530
63023,534
63024,526
63025,528
63026,530
63027,532
63028,534
63029,534
63030,532
63031,532
63032,532
63033,532
63034,534
63035,534
63036,530
63037,532
63038,534
63039,530
63040,536
63041,528
63042,530
63043,534
63044,530
63045,526
63046,538
63047,532
63048,532
63049,530
63050,532
63051,528
63052,530
63053,538
63054,526
63055,534
63056,536
63057,528
63058,534
63059,536
63060,528
63061,530
63062,532
63063,530
63064,528
63065,532
63066,536
63067,538
63068,532
63069,530
63070,534
63071,532
63072,528
63073,536
63074,536
63075,526
63076,530
63077,534
63078,528
63079,540
63080,532
63081,524
63082,534
63083,536
63084,530
63085,528
63086,532
63087,566
63088,532
63089,532
63090,532
63091,532
63092,532
63093,526
63094,536
63095,536
63096,530
63097,532
63098,532
63099,526
63100,530
63101,536
63102,530
63103,532
63104,530
63105,528
63106,532
63107,534
63108,528
63109,528
63110,532
63111,524
63112,534
63113,532
63114,524
63115,526
63116,530
63117,526
63118,536
63119,528
63120,526
63121,534
63122,528
63123,530
63124,532
63125,526
63126,524
63127,534
63128,526
63129,528
63130,534
63131,528
63132,524
63133,534
63134,530
63135,532
63136,534
63137,534
63138,526
63139,534
63140,532
63141,530
63142,530
63143,532
63144,534
63145,530
63146,534
63147,530
63148,534
63149,534
63150,522
63151,576
63152,534
63153,530
63154,530
63155,538
63156,524
63157,530
63158,536
63159,530
63160,534
63161,536
63162,532
63163,536
63164,534
63165,530
63166,534
63167,534
63168,526
63169,536
63170,538
63171,526
63172,538
63173,530
63174,528
63175,530
63176,534
63177,528
63178,536
63179,534
63180,530
63181,536
63182,534
63183,534
63184,536
63185,536
63186,528
63187,530
63188,536
63189,532
63190,532
63191,530
63192,526
63193,536
63194,530
63195,530
63196,538
63197,532
63198,532
63199,536
63200,532
63201,532
63202,534
63203,536
63204,526
63205,536
63206,536
63207,530
63208,528
63209,534
63210,526
63211,528
63212,532
63213,534
63214,534
63215,528
63216,532
63217,532
63218,534
63219,538
63220,530
63221,528
63222,530
63223,536
63224,526
63225,532
63226,534
63227,532
63228,526
63229,534
63230,532
63231,526
63232,528
63233,532
63234,526
63235,534
63236,528
63237,530
63238,534
63239,532
63240,530
63241,532
63242,534
63243,530
63244,534
63245,532
63246,528
63247,530
63248,530
63249,530
63250,534
63251,534
63252,524
63253,536
63254,532
63255,524
63256,534
63257,534
63258,530
63259,532
63260,530
63261,534
63262,532
63263,534
63264,530
63265,530
63266,534
63267,524
63268,534
63269,538
63270,530
63271,528
63272,530
63273,524
63274,536
63275,536
63276,526
63277,536
63278,532
63279,530
63280,532
63281,534
63282,528
63283,536
63284,532
63285,530
63286,530
63287,528
63288,530
63289,534
63290,534
63291,530
63292,536
63293,528
63294,530
63295,530
63296,536
63297,526
63298,534
63299,532
63300,532
63301,528
63302,538
63303,530
63304,532
63305,540
63306,528
63307,530
63308,530
63309,530
63310,536
63311,538
63312,534
63313,530
63314,532
63315,528
63316,536
63317,536
63318,530
63319,534
63320,532
63321,528
63322,534
63323,534
63324,532
63325,532
63326,532
63327,532
63328,534
63329,536
63330,528
63331,548
63332,532
63333,532
63334,530
63335,530
63336,528
63337,530
63338,534
63339,528
63340,534
63341,532
63342,532
63343,532
63344,530
63345,528
63346,536
63347,536
63348,528
63349,534
63350,534
63351,522
63352,528
63353,528
63354,530
63355,532
63356,530
63357,530
63358,536
63359,528
63360,530
63361,536
63362,568
63363,532
63364,530
63365,530
63366,530
63367,538
63368,532
63369,526
63370,528
63371,530
63372,534
63373,532
63374,534
63375,534
63376,530
63377,534
63378,534
63379,534
63380,534
63381,534
63382,528
63383,540
63384,532
63385,526
63386,530
63387,536
63388,528
63389,534
63390,528
63391,530
63392,528
63393,536
63394,532
63395,536
63396,534
63397,528
63398,530
63399,534
63400,528
63401,536
63402,532
63403,530
63404,532
63405,536
63406,526
63407,540
63408,532
63409,532
63410,532
63411,528
63412,532
63413,536
63414,530
63415,530
63416,574
63417,534
63418,526
63419,534
63420,536
63421,532
63422,534
63423,534
63424,530
63425,536
63426,532
63427,534
63428,536
63429,534
63430,530
63431,538
63432,532
63433,534
63434,532
63435,530
63436,526
63437,534
63438,536
63439,530
63440,532
63441,534
63442,534
63443,536
63444,532
63445,530
63446,534
63447,528
63448,534
63449,532
63450,538
63451,528
63452,532
63453,536
63454,526
63455,536
63456,532
63457,530
63458,530
63459,528
63460,528
63461,530
63462,530
63463,532
63464,534
63465,528
63466,534
63467,528
63468,536
63469,532
63470,530
63471,530
63472,526
63473,534
63474,588
63475,532
63476,534
63477,528
63478,528
63479,536
63480,534
63481,530
63482,528
63483,528
63484,526
63485,534
63486,532
63487,526
63488,530
63489,530
63490,524
63491,532
63492,534
63493,530
63494,528
63495,534
63496,528
63497,538
63498,532
63499,530
63500,528
63501,530
63502,534
63503,538
63504,532
63505,530
63506,532
63507,530
63508,526
63509,532
63510,536
63511,530
63512,534
63513,536
63514,524
63515,532
63516,534
63517,526
63518,536
63519,532
63520,530
63521,528
63522,536
63523,526
63524,532
63525,534
63526,532
63527,530
63528,534
63529,526
63530,532
63531,530
63532,528
63533,532
63534,532
63535,534
63536,536
63537,532
63538,534
63539,532
63540,536
63541,534
63542,534
63543,538
63544,530
63545,532
63546,532
63547,532
63548,530
63549,536
63550,530
63551,534
63552,538
63553,524
63554,534
63555,540
63556,530
63557,532
63558,530
63559,530
63560,538
63561,532
63562,530
63563,536
63564,534
63565,532
63566,534
63567,534
63568,530
63569,532
63570,536
63571,528
63572,578
63573,538
63574,528
63575,534
63576,532
63577,526
63578,534
63579,536
63580,528
63581,530
63582,530
63583,528
63584,536
63585,528
63586,528
63587,530
63588,536
63589,530
63590,530
63591,532
63592,532
63593,534
63594,530
63595,528
63596,530
63597,534
63598,528
63599,530
63600,536
63601,530
63602,536
63603,530
63604,530
63605,536
63606,534
63607,524
63608,530
63609,530
63610,530
63611,534
63612,534
63613,528
63614,530
63615,534
63616,530
63617,528
63618,534
63619,528
63620,528
63621,534
63622,530
63623,530
63624,534
63625,532
63626,528
63627,534
63628,530
63629,528
63630,536
63631,554
63632,536
63633,534
63634,530
63635,536
63636,534
63637,532
63638,530
63639,534
63640,530
63641,534
63642,538
63643,532
63644,528
63645,536
63646,526
63647,534
63648,540
63649,532
63650,534
63651,534
63652,530
63653,536
63654,534
63655,530
63656,528
63657,538
63658,532
63659,532
63660,530
63661,528
63662,534
63663,530
63664,534
63665,538
63666,536
63667,532
63668,534
63669,534
63670,532
63671,538
63672,532
63673,530
63674,534
63675,538
63676,530
63677,534
63678,536
63679,532
63680,528
63681,536
63682,528
63683,532
63684,530
63685,532
63686,532
63687,536
63688,526
63689,534
63690,534
63691,530
63692,534
63693,532
63694,570
63695,530
63696,534
63697,530
63698,534
63699,534
63700,530
63701,536
63702,534
63703,532
63704,534
63705,530
63706,526
63707,532
63708,528
63709,526
63710,530
63711,536
63712,528
63713,532
63714,530
63715,524
63716,534
63717,530
63718,532
63719,534
63720,536
63721,528
63722,530
63723,536
63724,526
63725,528
63726,534
63727,534
63728,536
63729,536
63730,530
63731,526
63732,536
63733,528
63734,536
63735,534
63736,530
63737,536
63738,532
63739,526
63740,534
63741,528
63742,530
63743,530
63744,536
63745,530
63746,534
63747,536
63748,530
63749,534
63750,530
63751,530
63752,576
63753,528
63754,532
63755,536
63756,530
63757,532
63758,532
63759,532
63760,530
63761,528
63762,532
63763,534
63764,532
63765,532
63766,530
63767,528
63768,538
63769,532
63770,534
63771,538
63772,572
63773,530
63774,534
63775,534
63776,528
63777,536
63778,526
63779,552
63780,538
63781,530
63782,538
63783,534
63784,530
63785,538
63786,532
63787,532
63788,538
63789,530
63790,524
63791,536
63792,536
63793,528
63794,534
63795,528
63796,528
63797,534
63798,530
63799,568
63800,534
63801,536
63802,528
63803,534
63804,530
63805,524
63806,536
63807,530
63808,528
63809,532
63810,532
63811,528
63812,532
63813,536
63814,528
63815,532
63816,532
63817,528
63818,534
63819,534
63820,532
63821,538
63822,528
63823,530
63824,528
63825,530
63826,530
63827,530
63828,530
63829,528
63830,528
63831,538
63832,532
63833,534
63834,530
63835,528
63836,536
63837,534
63838,530
63839,530
63840,532
63841,526
63842,536
63843,536
63844,526
63845,530
63846,530
63847,528
63848,532
63849,534
63850,530
63851,528
63852,536
63853,530
63854,528
63855,532
63856,528
63857,534
63858,534
63859,562
63860,534
63861,538
63862,544
63863,528
63864,528
63865,530
63866,538
63867,526
63868,534
63869,534
63870,530
63871,538
63872,534
63873,526
63874,532
63875,532
63876,524
63877,532
63878,532
63879,528
63880,532
63881,538
63882,528
63883,536
63884,534
63885,526
63886,530
63887,534
63888,530
63889,532
63890,534
63891,532
63892,528
63893,532
63894,530
63895,536
63896,536
63897,534
63898,538
63899,534
63900,526
63901,536
63902,534
63903,530
63904,532
63905,536
63906,528
63907,534
63908,526
63909,528
63910,530
63911,534
63912,570
63913,536
63914,536
63915,534
63916,534
63917,532
63918,526
63919,536
63920,534
63921,534
63922,534
63923,532
63924,522
63925,526
63926,530
63927,526
63928,530
63929,528
63930,528
63931,530
63932,536
63933,526
63934,536
63935,532
63936,528
63937,528
63938,530
63939,528
63940,530
63941,530
63942,530
63943,530
63944,526
63945,530
63946,534
63947,532
63948,526
63949,528
63950,530
63951,526
63952,530
63953,534
63954,532
63955,540
63956,534
63957,526
63958,528
63959,536
63960,530
63961,530
63962,530
63963,530
63964,532
63965,536
63966,528
63967,536
63968,532
63969,530
63970,530
63971,534
63972,528
63973,530
63974,534
63975,532
63976,536
63977,532
63978,534
63979,534
63980,572
63981,528
63982,532
63983,528
63984,528
63985,534
63986,536
63987,532
63988,536
63989,538
63990,534
63991,536
63992,538
63993,528
63994,532
63995,534
63996,528
63997,530
63998,530
63999,528
64000,534
64001,530
64002,530
64003,530
64004,536
64005,530
64006,530
64007,530
64008,526
64009,534
64010,534
64011,526
64012,526
64013,536
64014,530
64015,532
64016,532
64017,532
64018,538
64019,536
64020,526
64021,530
64022,536
64023,532
64024,536
64025,532
64026,528
64027,534
64028,536
64029,524
64030,534
64031,528
64032,528
64033,532
64034,530
64035,526
64036,532
64037,534
64038,524
64039,532
64040,534
64041,530
64042,536
64043,570
64044,530
64045,530
64046,528
64047,536
64048,528
64049,530
64050,530
64051,530
64052,532
64053,526
64054,532
64055,526
64056,532
64057,530
64058,528
64059,530
64060,530
64061,528
64062,524
64063,530
64064,530
64065,524
64066,532
64067,528
64068,522
64069,532
64070,530
64071,530
64072,528
64073,532
64074,530
64075,532
64076,530
64077,530
64078,532
64079,536
64080,528
64081,530
64082,532
64083,534
64084,536
64085,538
64086,530
64087,534
64088,534
64089,532
64090,536
64091,532
64092,530
64093,532
64094,528
64095,530
64096,532
64097,538
64098,526
64099,530
64100,536
64101,528
64102,536
64103,572
64104,530
64105,530
64106,536
64107,530
64108,538
64109,530
64110,536
64111,534
64112,536
64113,528
64114,536
64115,536
64116,532
64117,536
64118,530
64119,532
64120,532
64121,534
64122,530
64123,528
64124,532
64125,530
64126,534
64127,538
64128,532
64129,538
64130,536
64131,526
64132,536
64133,530
64134,530
64135,532
64136,538
64137,532
64138,530
64139,536
64140,532
64141,534
64142,538
64143,528
64144,532
64145,528
64146,528
64147,532
64148,530
64149,530
64150,534
64151,532
64152,526
64153,534
64154,530
64155,522
64156,532
64157,536
64158,526
64159,530
64160,532
64161,524
64162,530
64163,534
64164,530
64165,536
64166,534
64167,570
64168,530
64169,536
64170,526
64171,538
64172,534
64173,530
64174,532
64175,534
64176,528
64177,528
64178,536
64179,526
64180,530
64181,524
64182,542
64183,540
64184,536
64185,534
64186,530
64187,528
64188,534
64189,532
64190,526
64191,530
64192,532
64193,534
64194,528
64195,534
64196,534
64197,524
64198,534
64199,536
64200,526
64201,528
64202,532
64203,522
64204,534
64205,530
64206,530
64207,532
64208,532
64209,524
64210,536
64211,530
64212,528
64213,530
64214,534
64215,530
64216,532
64217,536
64218,524
64219,536
64220,530
64221,530
64222,534
64223,536
64224,524
64225,532
64226,532
64227,532
64228,530
64229,534
64230,532
64231,532
64232,532
64233,530
64234,538
64235,536
64236,528
64237,528
64238,530
64239,524
64240,530
64241,536
64242,532
64243,576
64244,530
64245,528
64246,534
64247,530
64248,526
64249,530
64250,528
64251,524
64252,538
64253,528
64254,526
64255,530
64256,534
64257,530
64258,530
64259,532
64260,524
64261,534
64262,528
64263,530
64264,528
64265,534
64266,13394
64267,534
64268,530
64269,534
64270,528
64271,530
64272,534
64273,536
64274,534
64275,524
64276,530
64277,534
64278,530
64279,534
64280,528
64281,530
64282,530
64283,530
64284,526
64285,532
64286,530
64287,530
64288,536
64289,534
64290,530
64291,532
64292,534
64293,526
64294,534
64295,528
64296,532
64297,534
64298,534
64299,532
64300,528
64301,534
64302,528
64303,536
64304,538
64305,530
64306,534
64307,530
64308,524
64309,534
64310,532
64311,528
64312,534
64313,530
64314,528
64315,532
64316,532
64317,530
64318,534
64319,536
64320,530
64321,530
64322,536
64323,532
64324,538
64325,536
64326,534
64327,538
64328,530
64329,530
64330,536
64331,538
64332,530
64333,538
64334,532
64335,530
64336,580
64337,536
64338,530
64339,538
64340,534
64341,528
64342,536
64343,536
64344,530
64345,532
64346,530
64347,526
64348,536
64349,534
64350,532
64351,536
64352,528
64353,530
64354,526
64355,532
64356,528
64357,538
64358,536
64359,534
64360,536
64361,534
64362,532
64363,530
64364,534
64365,530
64366,534
64367,534
64368,530
64369,530
64370,530
64371,532
64372,534
64373,536
64374,526
64375,532
64376,532
64377,524
64378,526
64379,536
64380,524
64381,532
64382,532
64383,528
64384,532
64385,532
64386,526
64387,536
64388,536
64389,526
64390,528
64391,528
64392,526
64393,530
64394,534
64395,528
64396,532
64397,530
64398,532
64399,536
64400,588
64401,526
64402,530
64403,532
64404,530
64405,528
64406,536
64407,526
64408,534
64409,528
64410,530
64411,532
64412,534
64413,528
64414,534
64415,534
64416,530
64417,536
64418,534
64419,530
64420,536
64421,532
64422,526
64423,536
64424,534
64425,530
64426,530
64427,534
64428,532
64429,530
64430,530
64431,530
64432,536
64433,534
64434,528
64435,536
64436,534
64437,528
64438,536
64439,536
64440,532
64441,530
64442,532
64443,530
64444,534
64445,530
64446,526
64447,530
64448,536
64449,528
64450,538
64451,528
64452,526
64453,538
64454,532
64455,532
64456,530
64457,536
64458,526
64459,536
64460,536
64461,536
64462,536
64463,536
64464,530
64465,574
64466,534
64467,530
64468,530
64469,538
64470,532
64471,530
64472,534
64473,526
64474,532
64475,536
64476,534
64477,528
64478,536
64479,532
64480,536
64481,530
64482,530
64483,536
64484,532
64485,530
64486,534
64487,530
64488,530
64489,534
64490,534
64491,524
64492,536
64493,526
64494,532
64495,534
64496,530
64497,530
64498,528
64499,528
64500,528
64501,534
64502,536
64503,528
64504,532
64505,532
64506,524
64507,536
64508,526
64509,530
64510,530
64511,534
64512,532
64513,528
64514,530
64515,524
64516,536
64517,534
64518,528
64519,534
64520,526
64521,524
64522,534
64523,534
64524,528
64525,534
64526,536
64527,524
64528,530
64529,534
64530,530
64531,528
64532,534
64533,530
64534,536
64535,532
64536,528
64537,532
64538,536
64539,524
64540,534
64541,528
64542,526
64543,538
64544,532
64545,530
64546,536
64547,532
64548,528
64549,530
64550,536
64551,528
64552,534
64553,530
64554,528
64555,532
64556,536
64557,530
64558,534
64559,532
64560,532
64561,536
64562,534
64563,526
64564,532
64565,528
64566,534
64567,536
64568,534
64569,530
64570,534
64571,536
64572,532
64573,536
64574,534
64575,534
64576,536
64577,530
64578,532
64579,532
64580,534
64581,530
64582,538
64583,530
64584,534
64585,536
64586,532
64587,526
64588,574
64589,528
64590,532
64591,564
64592,534
64593,538
64594,534
64595,530
64596,528
64597,536
64598,532
64599,530
64600,534
64601,536
64602,532
64603,530
64604,532
64605,528
64606,532
64607,536
64608,526
64609,532
64610,532
64611,526
64612,532
64613,526
64614,528
64615,532
64616,530
64617,532
64618,530
64619,534
64620,532
64621,534
64622,536
64623,528
64624,528
64625,534
64626,526
64627,536
64628,534
64629,524
64630,532
64631,530
64632,532
64633,532
64634,534
64635,524
64636,530
64637,532
64638,534
64639,532
64640,532
64641,524
64642,578
64643,528
64644,526
64645,532
64646,534
64647,530
64648,532
64649,536
64650,528
64651,534
64652,534
64653,528
64654,534
64655,534
64656,534
64657,530
64658,534
64659,526
64660,536
64661,534
64662,530
64663,536
64664,534
64665,528
64666,538
64667,528
64668,528
64669,532
64670,530
64671,530
64672,534
64673,532
64674,530
64675,528
64676,534
64677,532
64678,530
64679,536
64680,528
64681,530
64682,532
64683,532
64684,534
64685,528
64686,530
64687,536
64688,538
64689,524
64690,536
64691,534
64692,530
64693,534
64694,532
64695,526
64696,538
64697,530
64698,528
64699,528
64700,598
64701,530
64702,532
64703,538
64704,528
64705,534
64706,530
64707,530
64708,530
64709,536
64710,526
64711,534
64712,530
64713,526
64714,538
64715,536
64716,528
64717,536
64718,536
64719,532
64720,530
64721,532
64722,530
64723,530
64724,532
64725,532
64726,534
64727,530
64728,532
64729,530
64730,534
64731,528
64732,534
64733,532
64734,530
64735,530
64736,534
64737,530
64738,538
64739,534
64740,532
64741,532
64742,534
64743,526
64744,536
64745,532
64746,528
64747,534
64748,526
64749,528
64750,528
64751,536
64752,524
64753,530
64754,530
64755,526
64756,534
64757,530
64758,524
64759,534
64760,534
64761,530
64762,540
64763,534
64764,530
64765,530
64766,536
64767,524
64768,530
64769,530
64770,528
64771,534
64772,530
64773,526
64774,530
64775,536
64776,532
64777,532
64778,530
64779,534
64780,540
64781,534
64782,526
64783,536
64784,534
64785,534
64786,538
64787,534
64788,528
64789,538
64790,534
64791,530
64792,532
64793,536
64794,528
64795,530
64796,532
64797,528
64798,530
64799,532
64800,534
64801,530
64802,540
64803,528
64804,532
64805,536
64806,526
64807,538
64808,530
64809,530
64810,532
64811,534
64812,526
64813,584
64814,540
64815,534
64816,530
64817,536
64818,532
64819,530
64820,538
64821,534
64822,538
64823,532
64824,528
64825,532
64826,528
64827,532
64828,534
64829,530
64830,532
64831,528
64832,528
64833,532
64834,532
64835,528
64836,532
64837,532
64838,538
64839,528
64840,532
64841,532
64842,530
64843,530
64844,534
64845,534
64846,534
64847,532
64848,526
64849,532
64850,536
64851,534
64852,534
64853,532
64854,532
64855,528
64856,532
64857,526
64858,532
64859,536
64860,526
64861,528
64862,532
64863,532
64864,534
64865,526
64866,530
64867,530
64868,534
64869,530
64870,530
64871,534
64872,528
64873,530
64874,532
64875,530
64876,532
64877,532
64878,532
64879,532
64880,532
64881,528
64882,528
64883,528
64884,530
64885,532
64886,526
64887,534
64888,528
64889,528
64890,528
64891,534
64892,534
64893,574
64894,532
64895,532
64896,530
64897,528
64898,528
64899,528
64900,530
64901,534
64902,532
64903,536
64904,534
64905,526
64906,534
64907,536
64908,528
64909,532
64910,534
64911,528
64912,534
64913,536
64914,524
64915,528
64916,528
64917,528
64918,532
64919,534
64920,530
64921,530
64922,536
64923,530
64924,530
64925,532
64926,534
64927,532
64928,536
64929,532
64930,532
64931,534
64932,528
64933,532
64934,532
64935,532
64936,538
64937,530
64938,526
64939,530
64940,534
64941,526
64942,538
64943,530
64944,528
64945,530
64946,532
64947,526
64948,532
64949,596
64950,532
64951,538
64952,534
64953,528
64954,532
64955,538
64956,530
64957,536
64958,528
64959,530
64960,530
64961,534
64962,532
64963,530
64964,530
64965,530
64966,528
64967,536
64968,528
64969,530
64970,532
64971,526
64972,534
64973,536
64974,530
64975,528
64976,534
64977,526
64978,536
64979,532
64980,530
64981,534
64982,532
64983,530
64984,532
64985,534
64986,532
64987,534
64988,532
64989,526
64990,530
64991,528
64992,532
64993,526
64994,534
64995,528
64996,534
64997,530
64998,530
64999,530
65000,530
65001,582
65002,524
65003,536
65004,536
65005,528
65006,528
65007,526
65008,548
65009,536
65010,528
65011,532
65012,534
65013,526
65014,550
65015,538
65016,534
65017,528
65018,536
65019,530
65020,530
65021,530
65022,530
65023,534
65024,536
65025,534
65026,530
65027,536
65028,532
65029,530
65030,530
65031,532
65032,536
65033,536
65034,524
65035,534
65036,534
65037,528
65038,530
65039,538
65040,528
65041,538
65042,530
65043,532
65044,532
65045,540
65046,530
65047,574
65048,536
65049,528
65050,528
65051,536
65052,530
65053,536
65054,532
65055,528
65056,530
65057,538
65058,532
65059,530
65060,538
65061,530
65062,530
65063,530
65064,530
65065,536
65066,536
65067,534
65068,534
65069,528
65070,530
65071,532
65072,532
65073,530
65074,536
65075,536
65076,530
65077,536
65078,536
65079,524
65080,534
65081,538
65082,530
65083,536
65084,528
65085,528
65086,530
65087,530
65088,528
65089,532
65090,532
65091,528
65092,530
65093,528
65094,532
65095,534
65096,528
65097,530
65098,528
65099,536
65100,532
65101,534
65102,534
65103,566
65104,530
65105,526
65106,528
65107,528
65108,534
65109,530
65110,536
65111,532
65112,530
65113,530
65114,538
65115,522
65116,530
65117,530
65118,526
65119,534
65120,530
65121,526
65122,536
65123,534
65124,528
65125,528
65126,530
65127,526
65128,538
65129,532
65130,526
65131,532
65132,530
65133,526
65134,532
65135,532
65136,526
65137,536
65138,530
65139,528
65140,530
65141,528
65142,530
65143,536
65144,534
65145,528
65146,534
65147,532
65148,530
65149,534
65150,532
65151,532
65152,534
65153,536
65154,528
65155,534
65156,534
65157,532
65158,536
65159,530
65160,570
65161,532
65162,534
65163,534
65164,534
65165,538
65166,526
65167,536
65168,538
65169,530
65170,536
65171,536
65172,528
65173,534
65174,530
65175,530
65176,534
65177,536
65178,524
65179,536
65180,530
65181,530
65182,536
65183,536
65184,524
65185,536
65186,534
65187,532
65188,532
65189,536
65190,530
65191,530
65192,534
65193,530
65194,532
65195,534
65196,532
65197,530
65198,534
65199,522
65200,532
65201,534
65202,530
65203,534
65204,536
65205,528
65206,536
65207,528
65208,532
65209,536
65210,528
65211,530
65212,534
65213,528
65214,528
65215,532
65216,534
65217,524
65218,528
65219,538
65220,526
65221,534
65222,534
65223,528
65224,526
65225,536
65226,530
65227,526
65228,530
65229,532
65230,528
65231,534
65232,522
65233,532
65234,534
65235,528
65236,574
65237,526
65238,526
65239,530
65240,526
65241,528
65242,530
65243,532
65244,526
65245,528
65246,530
65247,528
65248,534
65249,530
65250,532
65251,534
65252,536
65253,530
65254,532
65255,538
65256,526
65257,532
65258,532
65259,526
65260,528
65261,536
65262,530
65263,536
65264,534
65265,530
65266,534
65267,534
65268,532
65269,530
65270,536
65271,528
65272,536
65273,534
65274,528
65275,536
65276,534
65277,532
65278,534
65279,536
65280,530
65281,2528
65282,612
65283,514
65284,522
65285,516
65286,522
65287,518
65288,526
65289,516
65290,522
65291,520
65292,514
65293,518
65294,560
65295,518
65296,520
65297,520
65298,522
65299,522
65300,524
65301,520
65302,524
65303,516
65304,518
65305,522
65306,522
65307,520
65308,518
65309,522
65310,522
65311,520
65312,524
65313,520
65314,516
65315,522
65316,518
65317,526
65318,522
65319,514
65320,522
65321,520
65322,512
65323,520
65324,522
65325,518
65326,522
65327,520
65328,516
65329,524
65330,524
65331,516
65332,516
65333,522
65334,514
65335,526
65336,522
65337,518
65338,514
65339,518
65340,512
65341,518
65342,518
65343,518
65344,524
65345,518
65346,518
65347,520
65348,522
65349,512
65350,518
65351,518
65352,516
65353,522
65354,518
65355,514
65356,524
65357,524
65358,510
65359,518
65360,518
65361,514
65362,520
65363,520
65364,516
65365,518
65366,516
65367,520
65368,516
65369,518
65370,520
65371,524
65372,524
65373,518
65374,522
65375,522
65376,520
65377,524
65378,524
65379,514
65380,520
65381,516
65382,518
65383,518
65384,516
65385,520
65386,522
65387,526
65388,516
65389,520
65390,516
65391,516
65392,526
65393,524
65394,522
65395,524
65396,520
65397,514
65398,522
65399,522
65400,520
65401,522
65402,534
65403,518
65404,526
65405,520
65406,516
65407,524
65408,524
65409,516
65410,566
65411,524
65412,526
65413,526
65414,516
65415,524
65416,540
65417,520
65418,522
65419,522
65420,518
65421,524
65422,524
65423,516
65424,524
65425,522
65426,516
65427,524
65428,532
65429,516
65430,522
65431,520
65432,518
65433,520
65434,524
65435,520
65436,522
65437,522
65438,520
65439,524
65440,526
65441,514
65442,520
65443,518
65444,520
65445,520
65446,520
65447,518
65448,516
65449,526
65450,520
65451,522
65452,522
65453,514
65454,514
65455,518
65456,520
65457,522
65458,522
65459,520
65460,520
65461,562
65462,516
65463,516
65464,518
65465,516
65466,520
65467,522
65468,516
65469,524
65470,520
65471,518
65472,524
65473,518
65474,520
65475,524
65476,520
65477,514
65478,520
65479,522
65480,514
65481,524
65482,522
65483,516
65484,520
65485,522
65486,516
65487,524
65488,518
65489,518
65490,526
65491,524
65492,516
65493,524
65494,522
65495,518
65496,522
65497,520
65498,514
65499,522
65500,522
65501,518
65502,516
65503,524
65504,518
65505,518
65506,524
65507,524
65508,518
65509,526
65510,522
65511,522
65512,522
65513,520
65514,524
65515,520
65516,516
65517,524
65518,526
65519,516
65520,518
65521,520
65522,518
65523,520
65524,520
65525,514
65526,522
65527,522
65528,520
65529,522
65530,524
65531,518
65532,522
65533,522
65534,520
65535,528
65536,580
65537,518
65538,522
65539,520
65540,520
65541,522
65542,528
65543,518
65544,524
65545,520
65546,516
65547,516
65548,518
65549,516
65550,518
65551,524
65552,522
65553,518
65554,516
65555,518
65556,516
65557,524
65558,514
65559,528
65560,524
65561,522
65562,522
65563,522
65564,514
65565,522
65566,520
65567,518
65568,518
65569,518
65570,520
65571,520
65572,522
65573,518
65574,516
65575,518
65576,512
65577,514
65578,520
65579,520
65580,520
65581,524
65582,520
65583,518
65584,522
65585,518
65586,516
65587,520
65588,520
65589,518
65590,522
65591,514
65592,524
65593,522
65594,516
65595,562
65596,520
65597,514
65598,520
65599,516
65600,516
65601,526
65602,516
65603,512
65604,524
65605,520
65606,514
65607,518
65608,522
65609,516
65610,524
65611,524
65612,520
65613,518
65614,518
65615,522
65616,524
65617,524
65618,522
65619,524
65620,526
65621,516
65622,524
65623,520
65624,520
65625,524
65626,522
65627,516
65628,524
65629,524
65630,520
65631,520
65632,516
65633,520
65634,522
65635,520
65636,518
65637,518
65638,520
65639,522
65640,524
65641,520
65642,518
65643,522
65644,520
65645,520
65646,522
65647,518
65648,518
65649,526
65650,524
65651,518
65652,524
65653,528
65654,516
65655,522
65656,520
65657,520
65658,564
65659,520
65660,522
65661,522
65662,524
65663,516
65664,526
65665,518
65666,520
65667,520
65668,518
65669,516
65670,522
65671,520
65672,518
65673,520
65674,520
65675,516
65676,524
65677,524
65678,518
65679,520
65680,520
65681,514
65682,518
65683,516
65684,520
65685,524
65686,524
65687,516
65688,518
65689,524
65690,514
65691,518
65692,524
65693,518
65694,526
65695,520
65696,516
65697,522
65698,522
65699,520
65700,524
65701,524
65702,514
65703,522
65704,516
65705,516
65706,522
65707,520
65708,514
65709,520
65710,518
65711,518
65712,518
65713,520
65714,516
65715,520
65716,518
65717,516
65718,524
65719,518
65720,518
65721,520
65722,518
65723,518
65724,522
65725,524
65726,518
65727,520
65728,516
65729,518
65730,518
65731,524
65732,514
65733,524
65734,522
65735,518
65736,518
65737,518
65738,514
65739,518
65740,524
65741,516
65742,524
65743,522
65744,514
65745,520
65746,524
65747,514
65748,518
65749,518
65750,516
65751,516
65752,520
65753,516
65754,524
65755,524
65756,514
65757,520
65758,524
65759,520
65760,518
65761,528
65762,518
65763,522
65764,522
65765,518
65766,524
65767,524
65768,514
65769,522
65770,524
65771,516
65772,518
65773,524
65774,520
65775,526
65776,526
65777,516
65778,520
65779,524
65780,520
65781,522
65782,522
65783,512
65784,516
65785,520
65786,520
65787,520
65788,522
65789,520
65790,518
65791,524
65792,514
65793,524
65794,524
65795,514
65796,526
65797,524
65798,516
65799,518
65800,520
65801,518
65802,524
65803,522
65804,516
65805,518
65806,520
65807,520
65808,520
65809,524
65810,516
65811,516
65812,520
65813,520
65814,522
65815,518
65816,514
65817,524
65818,522
65819,516
65820,556
65821,522
65822,522
65823,516
65824,524
65825,528
65826,518
65827,512
65828,518
65829,524
65830,518
65831,520
65832,520
65833,514
65834,518
65835,518
65836,510
65837,522
65838,518
65839,518
65840,522
65841,530
65842,518
65843,524
65844,522
65845,518
65846,522
65847,522
65848,518
65849,520
65850,522
65851,516
65852,522
65853,512
65854,518
65855,518
65856,518
65857,518
65858,516
65859,526
65860,518
65861,520
65862,518
65863,518
65864,522
65865,558
65866,514
65867,524
65868,522
65869,512
65870,524
65871,522
65872,516
65873,522
65874,520
65875,520
65876,518
65877,518
65878,520
65879,518
65880,522
65881,520
65882,526
65883,524
65884,514
65885,516
65886,522
65887,520
65888,520
65889,524
65890,522
65891,522
65892,526
65893,520
65894,526
65895,522
65896,518
65897,516
65898,520
65899,518
65900,524
65901,518
65902,516
65903,520
65904,524
65905,518
65906,522
65907,518
65908,518
65909,524
65910,528
65911,520
65912,518
65913,524
65914,514
65915,524
65916,522
65917,520
65918,520
65919,524
65920,516
65921,518
65922,558
65923,522
65924,526
65925,526
65926,516
65927,520
65928,522
65929,516
65930,522
65931,518
65932,520
65933,520
65934,518
65935,516
65936,518
65937,518
65938,518
65939,522
65940,522
65941,520
65942,520
65943,522
65944,520
65945,518
65946,522
65947,512
65948,518
65949,520
65950,512
65951,522
65952,524
65953,522
65954,518
65955,514
65956,516
65957,518
65958,518
65959,522
65960,520
65961,518
65962,520
65963,518
65964,522
65965,514
65966,524
65967,522
65968,518
65969,518
65970,522
65971,512
65972,522
65973,522
65974,514
65975,522
65976,522
65977,514
65978,520
65979,524
65980,562
65981,518
65982,522
65983,518
65984,522
65985,520
65986,520
65987,520
65988,520
65989,518
65990,522
65991,520
65992,520
65993,524
65994,514
65995,522
65996,524
65997,520
65998,518
65999,520
66000,526
66001,520
66002,526
66003,522
66004,516
66005,520
66006,522
66007,520
66008,526
66009,528
66010,514
66011,520
66012,520
66013,516
66014,522
66015,516
66016,520
66017,526
66018,526
66019,518
66020,520
66021,520
66022,516
66023,522
66024,520
66025,522
66026,526
66027,526
66028,520
66029,520
66030,522
66031,514
66032,524
66033,518
66034,516
66035,524
66036,520
66037,520
66038,522
66039,516
66040,558
66041,526
66042,518
66043,516
66044,524
66045,520
66046,514
66047,516
66048,524
66049,522
66050,522
66051,522
66052,518
66053,518
66054,518
66055,514
66056,522
66057,524
66058,516
66059,518
66060,524
66061,514
66062,526
66063,522
66064,512
66065,522
66066,516
66067,514
66068,520
66069,522
66070,512
66071,524
66072,520
66073,514
66074,524
66075,522
66076,514
66077,524
66078,520
66079,518
66080,524
66081,516
66082,514
66083,520
66084,520
66085,516
66086,522
66087,520
66088,520
66089,526
66090,520
66091,514
66092,522
66093,524
66094,516
66095,522
66096,520
66097,514
66098,524
66099,562
66100,514
66101,520
66102,518
66103,518
66104,524
66105,516
66106,516
66107,522
66108,528
66109,520
66110,518
66111,528
66112,520
66113,520
66114,522
66115,520
66116,522
66117,520
66118,514
66119,520
66120,520
66121,516
66122,522
66123,516
66124,518
66125,522
66126,520
66127,518
66128,522
66129,526
66130,516
66131,520
66132,524
66133,518
66134,520
66135,526
66136,520
66137,526
66138,524
66139,516
66140,526
66141,524
66142,516
66143,520
66144,520
66145,522
66146,520
66147,526
66148,516
66149,520
66150,524
66151,516
66152,520
66153,522
66154,562
66155,520
66156,516
66157,518
66158,524
66159,524
66160,522
66161,522
66162,518
66163,520
66164,524
66165,522
66166,520
66167,524
66168,520
66169,514
66170,522
66171,524
66172,516
66173,524
66174,520
66175,518
66176,522
66177,518
66178,518
66179,522
66180,524
66181,520
66182,516
66183,524
66184,518
66185,524
66186,522
66187,516
66188,524
66189,522
66190,516
66191,522
66192,524
66193,522
66194,520
66195,520
66196,516
66197,522
66198,520
66199,518
66200,522
66201,520
66202,520
66203,520
66204,520
66205,516
66206,522
66207,518
66208,520
66209,522
66210,522
66211,516
66212,522
66213,522
66214,516
66215,522
66216,524
66217,518
66218,518
66219,524
66220,520
66221,524
66222,522
66223,520
66224,520
66225,526
66226,518
66227,520
66228,516
66229,570
66230,520
66231,518
66232,516
66233,526
66234,520
66235,538
66236,520
66237,524
66238,520
66239,522
66240,518
66241,520
66242,520
66243,522
66244,518
66245,522
66246,522
66247,518
66248,524
66249,524
66250,516
66251,524
66252,522
66253,518
66254,528
66255,516
66256,510
66257,522
66258,518
66259,514
66260,520
66261,520
66262,514
66263,522
66264,526
66265,520
66266,524
66267,518
66268,520
66269,524
66270,522
66271,522
66272,522
66273,522
66274,562
66275,520
66276,524
66277,520
66278,522
66279,524
66280,516
66281,524
66282,520
66283,518
66284,520
66285,526
66286,522
66287,520
66288,526
66289,520
66290,522
66291,524
66292,518
66293,524
66294,520
66295,518
66296,524
66297,520
66298,522
66299,520
66300,522
66301,518
66302,524
66303,520
66304,518
66305,520
66306,522
66307,514
66308,526
66309,520
66310,520
66311,524
66312,522
66313,514
66314,520
66315,524
66316,518
66317,518
66318,524
66319,520
66320,518
66321,522
66322,518
66323,520
66324,518
66325,518
66326,522
66327,522
66328,516
66329,518
66330,518
66331,518
66332,514
66333,518
66334,520
66335,526
66336,520
66337,516
66338,522
66339,524
66340,514
66341,522
66342,520
66343,512
66344,516
66345,522
66346,516
66347,524
66348,518
66349,518
66350,518
66351,526
66352,518
66353,520
66354,516
66355,518
66356,518
66357,522
66358,518
66359,516
66360,522
66361,520
66362,524
66363,524
66364,512
66365,524
66366,518
66367,518
66368,522
66369,524
66370,512
66371,522
66372,524
66373,520
66374,520
66375,524
66376,516
66377,520
66378,524
66379,526
66380,524
66381,522
66382,520
66383,520
66384,524
66385,520
66386,528
66387,524
66388,522
66389,520
66390,524
66391,518
66392,526
66393,526
66394,520
66395,528
66396,518
66397,516
66398,524
66399,524
66400,516
66401,520
66402,526
66403,518
66404,520
66405,522
66406,514
66407,524
66408,520
66409,520
66410,522
66411,522
66412,516
66413,524
66414,524
66415,518
66416,522
66417,524
66418,516
66419,524
66420,524
66421,518
66422,520
66423,518
66424,514
66425,520
66426,516
66427,520
66428,518
66429,522
66430,514
66431,524
66432,522
66433,558
66434,522
66435,514
66436,514
66437,524
66438,522
66439,520
66440,520
66441,518
66442,514
66443,520
66444,520
66445,512
66446,520
66447,520
66448,520
66449,520
66450,520
66451,516
66452,518
66453,520
66454,520
66455,524
66456,520
66457,514
66458,520
66459,522
66460,516
66461,522
66462,522
66463,518
66464,518
66465,520
66466,522
66467,524
66468,522
66469,518
66470,522
66471,520
66472,516
66473,518
66474,522
66475,514
66476,522
66477,524
66478,516
66479,518
66480,524
66481,520
66482,520
66483,516
66484,518
66485,524
66486,524
66487,520
66488,520
66489,518
66490,518
66491,524
66492,522
66493,520
66494,564
66495,520
66496,514
66497,526
66498,524
66499,520
66500,522
66501,520
66502,516
66503,520
66504,524
66505,520
66506,518
66507,522
66508,520
66509,524
66510,520
66511,516
66512,524
66513,524
66514,518
66515,522
66516,522
66517,520
66518,524
66519,526
66520,522
66521,520
66522,522
66523,520
66524,520
66525,528
66526,512
66527,526
66528,522
66529,516
66530,524
66531,522
66532,514
66533,522
66534,526
66535,516
66536,526
66537,524
66538,518
66539,526
66540,522
66541,514
66542,520
66543,522
66544,520
66545,520
66546,524
66547,514
66548,520
66549,524
66550,520
66551,524
66552,520
66553,522
66554,562
66555,520
66556,518
66557,518
66558,518
66559,514
66560,518
66561,524
66562,514
66563,522
66564,522
66565,518
66566,522
66567,518
66568,520
66569,522
66570,518
66571,516
66572,516
66573,522
66574,518
66575,524
66576,516
66577,516
66578,516
66579,518
66580,512
66581,518
66582,524
66583,518
66584,518
66585,516
66586,514
66587,516
66588,518
66589,516
66590,520
66591,520
66592,514
66593,524
66594,516
66595,518
66596,524
66597,522
66598,518
66599,522
66600,518
66601,520
66602,518
66603,520
66604,518
66605,518
66606,522
66607,522
66608,522
66609,524
66610,516
66611,524
66612,524
66613,520
66614,522
66615,522
66616,520
66617,522
66618,526
66619,520
66620,518
66621,528
66622,520
66623,524
66624,524
66625,522
66626,518
66627,524
66628,516
66629,562
66630,524
66631,524
66632,514
66633,524
66634,520
66635,518
66636,520
66637,518
66638,524
66639,568
66640,534
66641,522
66642,518
66643,526
66644,522
66645,514
66646,526
66647,516
66648,518
66649,522
66650,532
66651,522
66652,520
66653,520
66654,522
66655,518
66656,516
66657,520
66658,522
66659,520
66660,520
66661,520
66662,524
66663,518
66664,518
66665,526
66666,516
66667,524
66668,520
66669,520
66670,518
66671,520
66672,518
66673,520
66674,522
66675,514
66676,516
66677,524
66678,522
66679,524
66680,524
66681,518
66682,522
66683,522
66684,516
66685,522
66686,524
66687,516
66688,518
66689,516
66690,512
66691,516
66692,516
66693,514
66694,520
66695,518
66696,516
66697,518
66698,520
66699,514
66700,518
66701,518
66702,518
66703,518
66704,518
66705,518
66706,518
66707,520
66708,556
66709,524
66710,522
66711,520
66712,520
66713,518
66714,514
66715,520
66716,524
66717,518
66718,516
66719,522
66720,518
66721,526
66722,522
66723,514
66724,516
66725,522
66726,514
66727,522
66728,520
66729,522
66730,522
66731,522
66732,512
66733,518
66734,524
66735,520
66736,518
66737,520
66738,520
66739,522
66740,518
66741,518
66742,518
66743,520
66744,518
66745,518
66746,522
66747,516
66748,526
66749,528
66750,522
66751,524
66752,524
66753,522
66754,522
66755,526
66756,522
66757,526
66758,524
66759,516
66760,518
66761,520
66762,516
66763,522
66764,528
66765,520
66766,524
66767,518
66768,520
66769,564
66770,520
66771,518
66772,526
66773,522
66774,524
66775,526
66776,522
66777,518
66778,524
66779,522
66780,516
66781,518
66782,522
66783,514
66784,524
66785,520
66786,524
66787,520
66788,522
66789,512
66790,518
66791,522
66792,518
66793,522
66794,520
66795,512
66796,526
66797,518
66798,520
66799,518
66800,520
66801,512
66802,522
66803,518
66804,514
66805,518
66806,522
66807,514
66808,520
66809,522
66810,522
66811,522
66812,518
66813,514
66814,518
66815,520
66816,516
66817,522
66818,522
66819,518
66820,518
66821,516
66822,512
66823,516
66824,522
66825,518
66826,520
66827,522
66828,516
66829,522
66830,522
66831,516
66832,522
66833,520
66834,514
66835,524
66836,520
66837,514
66838,526
66839,522
66840,516
66841,520
66842,520
66843,520
66844,526
66845,526
66846,520
66847,520
66848,518
66849,516
66850,522
66851,520
66852,520
66853,518
66854,522
66855,516
66856,524
66857,520
66858,518
66859,522
66860,522
66861,520
66862,522
66863,524
66864,518
66865,528
66866,522
66867,518
66868,520
66869,522
66870,514
66871,522
66872,516
66873,520
66874,520
66875,520
66876,518
66877,524
66878,524
66879,520
66880,526
66881,520
66882,518
66883,524
66884,522
66885,518
66886,526
66887,524
66888,518
66889,524
66890,524
66891,562
66892,522
66893,522
66894,514
66895,526
66896,518
66897,520
66898,520
66899,518
66900,522
66901,524
66902,522
66903,516
66904,524
66905,518
66906,520
66907,522
66908,522
66909,518
66910,526
66911,522
66912,512
66913,526
66914,518
66915,518
66916,524
66917,524
66918,518
66919,524
66920,518
66921,518
66922,522
66923,520
66924,520
66925,520
66926,522
66927,518
66928,522
66929,520
66930,516
66931,518
66932,518
66933,516
66934,518
66935,518
66936,514
66937,520
66938,518
66939,518
66940,520
66941,524
66942,512
66943,524
66944,524
66945,514
66946,518
66947,520
66948,516
66949,524
66950,522
66951,518
66952,556
66953,518
66954,514
66955,524
66956,524
66957,516
66958,522
66959,522
66960,516
66961,522
66962,520
66963,518
66964,522
66965,518
66966,518
66967,520
66968,518
66969,516
66970,520
66971,522
66972,520
66973,524
66974,520
66975,518
66976,526
66977,520
66978,518
66979,520
66980,524
66981,514
66982,520
66983,516
66984,518
66985,518
66986,522
66987,516
66988,516
66989,524
66990,520
66991,522
66992,516
66993,522
66994,518
66995,526
66996,520
66997,526
66998,522
66999,520
67000,524
67001,524
67002,518
67003,524
67004,524
67005,520
67006,522
67007,522
67008,520
67009,524
67010,516
67011,522
67012,522
67013,562
67014,524
67015,522
67016,520
67017,520
67018,522
67019,526
67020,514
67021,526
67022,522
67023,520
67024,518
67025,526
67026,520
67027,526
67028,524
67029,520
67030,520
67031,518
67032,514
67033,524
67034,522
67035,516
67036,518
67037,520
67038,518
67039,520
67040,522
67041,516
67042,520
67043,518
67044,514
67045,516
67046,524
67047,514
67048,548
67049,546
67050,524
67051,526
67052,516
67053,520
67054,522
67055,522
67056,512
67057,522
67058,518
67059,514
67060,522
67061,518
67062,516
67063,518
67064,520
67065,522
67066,522
67067,518
67068,518
67069,524
67070,522
67071,520
67072,518
67073,520
67074,514
67075,516
67076,520
67077,514
67078,518
67079,522
67080,518
67081,520
67082,516
67083,518
67084,520
67085,518
67086,512
67087,524
67088,522
67089,512
67090,522
67091,522
67092,554
67093,516
67094,520
67095,512
67096,522
67097,520
67098,516
67099,522
67100,524
67101,518
67102,520
67103,520
67104,516
67105,522
67106,520
67107,516
67108,522
67109,520
67110,518
67111,524
67112,518
67113,514
67114,520
67115,522
67116,520
67117,520
67118,524
67119,516
67120,524
67121,524
67122,518
67123,524
67124,522
67125,512
67126,522
67127,524
67128,516
67129,524
67130,518
67131,518
67132,518
67133,522
67134,520
67135,524
67136,522
67137,516
67138,524
67139,524
67140,518
67141,526
67142,524
67143,520
67144,518
67145,522
67146,520
67147,524
67148,562
67149,514
67150,518
67151,520
67152,518
67153,520
67154,526
67155,516
67156,516
67157,520
67158,520
67159,520
67160,522
67161,518
67162,516
67163,520
67164,512
67165,520
67166,520
67167,518
67168,520
67169,520
67170,518
67171,516
67172,518
67173,512
67174,518
67175,520
67176,512
67177,516
67178,516
67179,516
67180,524
67181,520
67182,516
67183,518
67184,516
67185,518
67186,522
67187,516
67188,514
67189,516
67190,516
67191,512
67192,520
67193,516
67194,518
67195,522
67196,520
67197,518
67198,520
67199,520
67200,516
67201,516
67202,516
67203,516
67204,522
67205,570
67206,520
67207,512
67208,516
67209,520
67210,516
67211,516
67212,522
67213,514
67214,516
67215,522
67216,516
67217,522
67218,516
67219,520
67220,522
67221,522
67222,520
67223,526
67224,518
67225,518
67226,518
67227,524
67228,520
67229,524
67230,524
67231,512
67232,524
67233,520
67234,516
67235,524
67236,518
67237,514
67238,522
67239,520
67240,518
67241,518
67242,524
67243,518
67244,516
67245,522
67246,514
67247,518
67248,520
67249,522
67250,524
67251,516
67252,520
67253,520
67254,522
67255,518
67256,524
67257,518
67258,514
67259,518
67260,522
67261,564
67262,518
67263,524
67264,516
67265,524
67266,524
67267,520
67268,524
67269,520
67270,518
67271,522
67272,524
67273,518
67274,524
67275,522
67276,512
67277,522
67278,518
67279,514
67280,522
67281,520
67282,514
67283,522
67284,516
67285,516
67286,518
67287,520
67288,516
67289,520
67290,520
67291,514
67292,520
67293,524
67294,520
67295,522
67296,518
67297,520
67298,518
67299,522
67300,512
67301,522
67302,520
67303,518
67304,522
67305,514
67306,516
67307,522
67308,518
67309,514
67310,518
67311,522
67312,516
67313,520
67314,516
67315,512
67316,522
67317,518
67318,556
67319,522
67320,520
67321,512
67322,520
67323,522
67324,512
67325,518
67326,522
67327,516
67328,522
67329,524
67330,518
67331,516
67332,520
67333,520
67334,518
67335,522
67336,518
67337,522
67338,520
67339,514
67340,520
67341,520
67342,518
67343,522
67344,522
67345,514
67346,522
67347,524
67348,520
67349,524
67350,524
67351,514
67352,518
67353,518
67354,516
67355,522
67356,524
67357,520
67358,518
67359,522
67360,516
67361,518
67362,520
67363,518
67364,522
67365,524
67366,518
67367,518
67368,524
67369,518
67370,518
67371,524
67372,514
67373,520
67374,524
67375,554
67376,520
67377,520
67378,516
67379,520
67380,518
67381,520
67382,524
67383,526
67384,518
67385,516
67386,522
67387,518
67388,524
67389,518
67390,518
67391,520
67392,528
67393,514
67394,514
67395,516
67396,514
67397,524
67398,524
67399,512
67400,522
67401,520
67402,518
67403,522
67404,516
67405,514
67406,516
67407,516
67408,520
67409,524
67410,522
67411,514
67412,520
67413,522
67414,516
67415,518
67416,522
67417,516
67418,518
67419,518
67420,518
67421,520
67422,520
67423,512
67424,518
67425,524
67426,516
67427,524
67428,522
67429,518
67430,520
67431,516
67432,514
67433,520
67434,562
67435,520
67436,522
67437,518
67438,516
67439,516
67440,520
67441,516
67442,518
67443,518
67444,520
67445,520
67446,522
67447,518
67448,514
67449,520
67450,512
67451,518
67452,522
67453,514
67454,520
67455,516
67456,518
67457,522
67458,568
67459,516
67460,524
67461,514
67462,518
67463,520
67464,522
67465,514
67466,520
67467,520
67468,522
67469,518
67470,518
67471,522
67472,520
67473,522
67474,526
67475,518
67476,520
67477,522
67478,520
67479,522
67480,520
67481,514
67482,518
67483,522
67484,518
67485,526
67486,526
67487,516
67488,526
67489,524
67490,520
67491,520
67492,526
67493,520
67494,518
67495,526
67496,518
67497,518
67498,524
67499,520
67500,522
67501,524
67502,518
67503,518
67504,520
67505,518
67506,576
67507,518
67508,520
67509,524
67510,516
67511,530
67512,522
67513,524
67514,518
67515,522
67516,520
67517,516
67518,516
67519,520
67520,518
67521,518
67522,514
67523,516
67524,524
67525,520
67526,516
67527,524
67528,514
67529,518
67530,524
67531,520
67532,520
67533,524
67534,522
67535,514
67536,518
67537,524
67538,518
67539,518
67540,518
67541,514
67542,516
67543,516
67544,512
67545,518
67546,518
67547,520
67548,520
67549,518
67550,514
67551,518
67552,518
67553,520
67554,520
67555,520
67556,520
67557,522
67558,516
67559,516
67560,522
67561,522
67562,514
67563,524
67564,520
67565,512
67566,560
67567,522
67568,512
67569,518
67570,522
67571,510
67572,522
67573,518
67574,510
67575,522
67576,524
67577,516
67578,524
67579,522
67580,512
67581,518
67582,518
67583,522
67584,518
67585,518
67586,520
67587,520
67588,516
67589,514
67590,520
67591,518
67592,518
67593,522
67594,518
67595,522
67596,524
67597,518
67598,514
67599,524
67600,518
67601,514
67602,522
67603,522
67604,518
67605,524
67606,522
67607,514
67608,518
67609,522
67610,516
67611,524
67612,518
67613,518
67614,522
67615,520
67616,520
67617,522
67618,518
67619,512
67620,524
67621,522
67622,514
67623,528
67624,522
67625,518
67626,518
67627,518
67628,520
67629,526
67630,520
67631,516
67632,518
67633,522
67634,516
67635,520
67636,526
67637,520
67638,524
67639,520
67640,518
67641,524
67642,522
67643,514
67644,518
67645,518
67646,516
67647,518
67648,524
67649,520
67650,520
67651,522
67652,520
67653,524
67654,522
67655,516
67656,522
67657,514
67658,518
67659,520
67660,520
67661,520
67662,518
67663,518
67664,520
67665,516
67666,522
67667,520
67668,558
67669,518
67670,514
67671,522
67672,522
67673,512
67674,520
67675,516
67676,516
67677,522
67678,520
67679,516
67680,516
67681,522
67682,514
67683,516
67684,518
67685,516
67686,518
67687,516
67688,510
67689,518
67690,524
67691,520
67692,516
67693,516
67694,516
67695,516
67696,520
67697,514
67698,522
67699,522
67700,518
67701,518
67702,516
67703,520
67704,516
67705,522
67706,514
67707,518
67708,522
67709,514
67710,524
67711,522
67712,516
67713,518
67714,524
67715,512
67716,524
67717,518
67718,520
67719,518
67720,518
67721,516
67722,516
67723,524
67724,520
67725,522
67726,524
67727,514
67728,524
67729,560
67730,516
67731,524
67732,520
67733,518
67734,522
67735,522
67736,514
67737,522
67738,518
67739,520
67740,524
67741,520
67742,520
67743,524
67744,524
67745,514
67746,522
67747,518
67748,514
67749,526
67750,520
67751,520
67752,514
67753,518
67754,520
67755,524
67756,524
67757,516
67758,524
67759,518
67760,520
67761,522
67762,524
67763,514
67764,522
67765,520
67766,514
67767,514
67768,520
67769,516
67770,522
67771,522
67772,520
67773,520
67774,522
67775,520
67776,518
67777,522
67778,516
67779,526
67780,522
67781,514
67782,518
67783,518
67784,514
67785,520
67786,524
67787,550
67788,516
67789,520
67790,512
67791,520
67792,520
67793,520
67794,520
67795,522
67796,514
67797,522
67798,518
67799,516
67800,520
67801,522
67802,512
67803,518
67804,516
67805,520
67806,518
67807,522
67808,516
67809,522
67810,522
67811,520
67812,520
67813,518
67814,514
67815,522
67816,520
67817,518
67818,522
67819,518
67820,522
67821,520
67822,522
67823,520
67824,522
67825,524
67826,518
67827,518
67828,522
67829,514
67830,514
67831,520
67832,516
67833,522
67834,522
67835,514
67836,526
67837,516
67838,516
67839,520
67840,526
67841,518
67842,518
67843,524
67844,516
67845,516
67846,538
67847,516
67848,522
67849,524
67850,522
67851,514
67852,520
67853,520
67854,520
67855,520
67856,522
67857,516
67858,520
67859,522
67860,516
67861,518
67862,520
67863,520
67864,520
67865,522
67866,516
67867,518
67868,568
67869,526
67870,526
67871,520
67872,528
67873,520
67874,520
67875,520
67876,524
67877,520
67878,520
67879,522
67880,518
67881,522
67882,524
67883,520
67884,524
67885,522
67886,516
67887,526
67888,530
67889,518
67890,520
67891,524
67892,518
67893,524
67894,524
67895,532
67896,520
67897,518
67898,516
67899,522
67900,522
67901,514
67902,522
67903,524
67904,518
67905,520
67906,522
67907,518
67908,522
67909,518
67910,518
67911,520
67912,524
67913,516
67914,522
67915,514
67916,512
67917,518
67918,524
67919,552
67920,522
67921,518
67922,518
67923,522
67924,520
67925,514
67926,524
67927,520
67928,512
67929,518
67930,516
67931,512
67932,522
67933,516
67934,516
67935,526
67936,524
67937,520
67938,520
67939,524
67940,520
67941,516
67942,522
67943,516
67944,524
67945,518
67946,514
67947,522
67948,518
67949,516
67950,524
67951,516
67952,514
67953,522
67954,522
67955,518
67956,520
67957,520
67958,518
67959,524
67960,518
67961,516
67962,524
67963,520
67964,512
67965,526
67966,522
67967,514
67968,520
67969,518
67970,514
67971,518
67972,518
67973,516
67974,522
67975,518
67976,518
67977,516
67978,520
67979,516
67980,518
67981,526
67982,522
67983,526
67984,522
67985,520
67986,520
67987,526
67988,516
67989,520
67990,522
67991,518
67992,520
67993,522
67994,520
67995,524
67996,518
67997,518
67998,524
67999,522
68000,514
68001,520
68002,524
68003,520
68004,522
68005,516
68006,522
68007,524
68008,522
68009,516
68010,522
68011,518
68012,520
68013,518
68014,524
68015,516
68016,524
68017,520
68018,552
68019,522
68020,526
68021,516
68022,518
68023,520
68024,512
68025,520
68026,516
68027,516
68028,522
68029,520
68030,520
68031,520
68032,520
68033,518
68034,524
68035,518
68036,514
68037,516
68038,522
68039,520
68040,522
68041,522
68042,514
68043,520
68044,516
68045,518
68046,516
68047,518
68048,520
68049,516
68050,522
68051,518
68052,520
68053,516
68054,516
68055,516
68056,520
68057,520
68058,520
68059,520
68060,518
68061,518
68062,514
68063,516
68064,516
68065,520
68066,514
68067,520
68068,516
68069,518
68070,522
68071,522
68072,512
68073,522
68074,520
68075,512
68076,520
68077,524
68078,516
68079,516
68080,520
68081,518
68082,520
68083,516
68084,516
68085,522
68086,522
68087,516
68088,522
68089,520
68090,518
68091,520
68092,522
68093,516
68094,522
68095,520
68096,516
68097,526
68098,522
68099,520
68100,518
68101,518
68102,520
68103,524
68104,520
68105,520
68106,522
68107,518
68108,518
68109,522
68110,520
68111,520
68112,518
68113,580
68114,514
68115,522
68116,516
68117,520
68118,522
68119,520
68120,516
68121,522
68122,518
68123,518
68124,524
68125,518
68126,514
68127,524
68128,516
68129,518
68130,520
68131,522
68132,516
68133,518
68134,520
68135,516
68136,520
68137,520
68138,518
68139,518
68140,520
68141,518
68142,516
68143,514
68144,516
68145,522
68146,522
68147,514
68148,522
68149,522
68150,516
68151,518
68152,518
68153,518
68154,518
68155,524
68156,516
68157,520
68158,522
68159,510
68160,518
68161,518
68162,520
68163,524
68164,522
68165,516
68166,522
68167,516
68168,522
68169,520
68170,516
68171,512
68172,522
68173,520
68174,512
68175,516
68176,558
68177,512
68178,520
68179,522
68180,520
68181,520
68182,518
68183,518
68184,520
68185,522
68186,512
68187,518
68188,516
68189,518
68190,518
68191,524
68192,518
68193,516
68194,518
68195,516
68196,522
68197,522
68198,512
68199,522
68200,516
68201,518
68202,520
68203,522
68204,518
68205,524
68206,522
68207,512
68208,516
68209,520
68210,522
68211,520
68212,522
68213,518
68214,520
68215,524
68216,514
68217,522
68218,514
68219,512
68220,518
68221,524
68222,512
68223,524
68224,518
68225,520
68226,522
68227,520
68228,520
68229,524
68230,520
68231,514
68232,518
68233,522
68234,520
68235,516
68236,520
68237,560
68238,522
68239,522
68240,520
68241,520
68242,524
68243,520
68244,524
68245,524
68246,516
68247,518
68248,524
68249,520
68250,524
68251,524
68252,518
68253,516
68254,522
68255,520
68256,518
68257,524
68258,520
68259,520
68260,524
68261,510
68262,520
68263,522
68264,514
68265,520
68266,524
68267,518
68268,520
68269,518
68270,516
68271,520
68272,520
68273,518
68274,524
68275,516
68276,520
68277,568
68278,520
68279,522
68280,514
68281,518
68282,520
68283,518
68284,518
68285,512
68286,522
68287,522
68288,520
68289,522
68290,518
68291,512
68292,520
68293,522
68294,514
68295,540
68296,518
68297,518
68298,518
68299,524
68300,520
68301,520
68302,518
68303,518
68304,516
68305,520
68306,516
68307,520
68308,520
68309,516
68310,518
68311,518
68312,514
68313,520
68314,524
68315,520
68316,516
68317,516
68318,37838
68319,518
68320,524
68321,524
68322,526
68323,520
68324,514
68325,524
68326,524
68327,516
68328,516
68329,518
68330,522
68331,522
68332,516
68333,518
68334,524
68335,510
68336,518
68337,522
68338,518
68339,522
68340,526
68341,518
68342,522
68343,524
68344,514
68345,520
68346,524
68347,518
68348,524
68349,518
68350,520
68351,522
68352,520
68353,514
68354,518
68355,522
68356,520
68357,526
68358,522
68359,514
68360,518
68361,516
68362,518
68363,522
68364,520
68365,514
68366,524
68367,522
68368,520
68369,522
68370,524
68371,518
68372,514
68373,562
68374,512
68375,524
68376,518
68377,514
68378,524
68379,524
68380,518
68381,522
68382,520
68383,512
68384,520
68385,518
68386,516
68387,520
68388,520
68389,516
68390,520
68391,522
68392,520
68393,524
68394,520
68395,518
68396,516
68397,520
68398,516
68399,516
68400,518
68401,512
68402,518
68403,522
68404,514
68405,526
68406,524
68407,518
68408,520
68409,526
68410,520
68411,524
68412,520
68413,520
68414,520
68415,524
68416,520
68417,526
68418,524
68419,518
68420,524
68421,518
68422,520
68423,522
68424,522
68425,522
68426,522
68427,518
68428,520
68429,528
68430,524
68431,520
68432,522
68433,524
68434,518
68435,522
68436,566
68437,516
68438,520
68439,524
68440,518
68441,522
68442,518
68443,518
68444,522
68445,520
68446,518
68447,526
68448,522
68449,514
68450,522
68451,520
68452,522
68453,522
68454,522
68455,518
68456,524
68457,524
68458,516
68459,522
68460,522
68461,516
68462,524
68463,524
68464,516
68465,522
68466,520
68467,514
68468,522
68469,520
68470,520
68471,518
68472,524
68473,520
68474,518
68475,520
68476,514
68477,522
68478,526
68479,518
68480,518
68481,524
68482,520
68483,518
68484,520
68485,518
68486,524
68487,526
68488,516
68489,518
68490,522
68491,516
68492,516
68493,518
68494,516
68495,520
68496,516
68497,514
68498,516
68499,518
68500,518
68501,522
68502,520
68503,520
68504,518
68505,538
68506,520
68507,522
68508,522
68509,514
68510,526
68511,524
68512,516
68513,522
68514,516
68515,518
68516,520
68517,522
68518,522
68519,522
68520,524
68521,520
68522,524
68523,526
68524,516
68525,522
68526,524
68527,514
68528,522
68529,520
68530,518
68531,516
68532,520
68533,514
68534,520
68535,520
68536,520
68537,526
68538,520
68539,516
68540,520
68541,526
68542,516
68543,526
68544,516
68545,522
68546,522
68547,520
68548,516
68549,518
68550,524
68551,520
68552,524
68553,522
68554,520
68555,520
68556,526
68557,518
68558,520
68559,522
68560,522
68561,520
68562,520
68563,522
68564,524
68565,524
68566,516
68567,518
68568,558
68569,520
68570,524
68571,526
68572,512
68573,522
68574,520
68575,520
68576,528
68577,518
68578,516
68579,522
68580,524
68581,514
68582,518
68583,526
68584,520
68585,524
68586,520
68587,514
68588,524
68589,524
68590,520
68591,524
68592,522
68593,518
68594,522
68595,520
68596,516
68597,520
68598,516
68599,516
68600,522
68601,520
68602,516
68603,524
68604,520
68605,512
68606,522
68607,518
68608,518
68609,518
68610,516
68611,520
68612,520
68613,520
68614,512
68615,520
68616,522
68617,518
68618,518
68619,518
68620,516
68621,520
68622,516
68623,520
68624,522
68625,518
68626,514
68627,522
68628,518
68629,518
68630,518
68631,560
68632,520
68633,520
68634,524
68635,516
68636,524
68637,524
68638,514
68639,518
68640,522
68641,516
68642,518
68643,524
68644,516
68645,524
68646,520
68647,514
68648,522
68649,524
68650,518
68651,520
68652,518
68653,518
68654,524
68655,524
68656,518
68657,522
68658,524
68659,520
68660,522
68661,526
68662,516
68663,520
68664,522
68665,520
68666,520
68667,520
68668,512
68669,524
68670,520
68671,516
68672,518
68673,518
68674,514
68675,524
68676,524
68677,516
68678,526
68679,524
68680,520
68681,518
68682,516
68683,512
68684,522
68685,522
68686,522
68687,550
68688,536
68689,518
68690,522
68691,520
68692,520
68693,520
68694,520
68695,516
68696,518
68697,526
68698,518
68699,520
68700,522
68701,520
68702,516
68703,518
68704,520
68705,524
68706,516
68707,518
68708,524
68709,524
68710,512
68711,520
68712,522
68713,518
68714,522
68715,522
68716,516
68717,524
68718,520
68719,516
68720,522
68721,520
68722,518
68723,516
68724,518
68725,518
68726,524
68727,516
68728,520
68729,516
68730,522
68731,520
68732,520
68733,520
68734,512
68735,524
68736,522
68737,514
68738,516
68739,556
68740,514
68741,520
68742,518
68743,518
68744,522
68745,522
68746,508
68747,522
68748,516
68749,518
68750,526
68751,522
68752,510
68753,522
68754,514
68755,518
68756,518
68757,524
68758,518
68759,520
68760,520
68761,520
68762,520
68763,518
68764,520
68765,522
68766,524
68767,516
68768,520
68769,524
68770,516
68771,524
68772,522
68773,518
68774,524
68775,520
68776,518
68777,526
68778,518
68779,518
68780,524
68781,520
68782,518
68783,522
68784,522
68785,516
68786,520
68787,518
68788,518
68789,518
68790,522
68791,516
68792,518
68793,520
68794,516
68795,524
68796,524
68797,516
68798,524
68799,526
68800,522
68801,522
68802,524
68803,518
68804,524
68805,524
68806,522
68807,524
68808,526
68809,514
68810,522
68811,518
68812,516
68813,524
68814,526
68815,520
68816,524
68817,524
68818,518
68819,526
68820,524
68821,520
68822,518
68823,518
68824,520
68825,520
68826,518
68827,516
68828,526
68829,576
68830,518
68831,520
68832,522
68833,520
68834,516
68835,520
68836,514
68837,520
68838,518
68839,518
68840,522
68841,524
68842,520
68843,514
68844,522
68845,518
68846,524
68847,520
68848,512
68849,522
68850,524
68851,512
68852,520
68853,522
68854,520
68855,518
68856,522
68857,520
68858,520
68859,516
68860,516
68861,516
68862,518
68863,514
68864,520
68865,522
68866,514
68867,520
68868,516
68869,518
68870,518
68871,524
68872,520
68873,516
68874,522
68875,520
68876,526
68877,524
68878,518
68879,524
68880,524
68881,520
68882,516
68883,520
68884,514
68885,518
68886,526
68887,520
68888,522
68889,524
68890,556
68891,520
68892,522
68893,514
68894,518
68895,516
68896,516
68897,524
68898,520
68899,518
68900,518
68901,522
68902,514
68903,526
68904,526
68905,516
68906,522
68907,524
68908,518
68909,518
68910,522
68911,514
68912,522
68913,522
68914,522
68915,520
68916,524
68917,522
68918,524
68919,522
68920,516
68921,524
68922,522
68923,522
68924,526
68925,522
68926,520
68927,526
68928,522
68929,522
68930,520
68931,516
68932,516
68933,522
68934,524
68935,518
68936,526
68937,522
68938,514
68939,520
68940,520
68941,518
68942,520
68943,522
68944,520
68945,524
68946,524
68947,518
68948,522
68949,562
68950,514
68951,520
68952,520
68953,516
68954,518
68955,518
68956,520
68957,518
68958,522
68959,520
68960,522
68961,516
68962,514
68963,522
68964,522
68965,520
68966,526
68967,522
68968,520
68969,522
68970,516
68971,512
68972,518
68973,522
68974,516
68975,524
68976,520
68977,514
68978,520
68979,520
68980,518
68981,516
68982,518
68983,516
68984,518
68985,520
68986,518
68987,518
68988,520
68989,518
68990,524
68991,524
68992,514
68993,516
68994,516
68995,518
68996,524
68997,522
68998,516
68999,520
69000,516
69001,520
69002,522
69003,518
69004,514
69005,524
69006,518
69007,514
69008,540
69009,520
69010,516
69011,524
69012,520
69013,516
69014,518
69015,524
69016,516
69017,516
69018,518
69019,518
69020,522
69021,524
69022,518
69023,524
69024,524
69025,516
69026,524
69027,522
69028,520
69029,528
69030,520
69031,516
69032,522
69033,522
69034,512
69035,520
69036,524
69037,514
69038,522
69039,524
69040,518
69041,524
69042,520
69043,522
69044,520
69045,518
69046,512
69047,524
69048,522
69049,520
69050,518
69051,520
69052,516
69053,520
69054,522
69055,518
69056,524
69057,518
69058,520
69059,526
69060,520
69061,518
69062,526
69063,520
69064,514
69065,522
69066,526
69067,520
69068,560
69069,524
69070,522
69071,518
69072,522
69073,522
69074,522
69075,520
69076,520
69077,526
69078,520
69079,522
69080,518
69081,520
69082,518
69083,524
69084,522
69085,520
69086,522
69087,522
69088,516
69089,522
69090,520
69091,514
69092,522
69093,524
69094,516
69095,524
69096,566
69097,520
69098,522
69099,520
69100,530
69101,520
69102,514
69103,518
69104,524
69105,516
69106,518
69107,524
69108,518
69109,524
69110,516
69111,518
69112,518
69113,522
69114,520
69115,522
69116,520
69117,514
69118,524
69119,520
69120,518
69121,518
69122,524
69123,520
69124,518
69125,518
69126,512
69127,520
69128,522
69129,518
69130,518
69131,522
69132,518
69133,522
69134,520
69135,514
69136,526
69137,516
69138,520
69139,520
69140,524
69141,516
69142,526
69143,520
69144,558
69145,526
69146,522
69147,516
69148,522
69149,524
69150,522
69151,522
69152,522
69153,520
69154,524
69155,528
69156,522
69157,518
69158,524
69159,524
69160,524
69161,526
69162,522
69163,526
69164,522
69165,514
69166,520
69167,524
69168,516
69169,520
69170,524
69171,518
69172,524
69173,524
69174,518
69175,524
69176,524
69177,514
69178,526
69179,518
69180,520
69181,526
69182,520
69183,514
69184,520
69185,524
69186,516
69187,524
69188,526
69189,516
69190,526
69191,520
69192,518
69193,520
69194,516
69195,518
69196,524
69197,518
69198,520
69199,520
69200,516
69201,556
69202,524
69203,522
69204,520
69205,516
69206,522
69207,516
69208,522
69209,518
69210,518
69211,520
69212,514
69213,516
69214,518
69215,522
69216,518
69217,524
69218,518
69219,520
69220,526
69221,516
69222,520
69223,522
69224,520
69225,518
69226,518
69227,522
69228,518
69229,518
69230,524
69231,512
69232,518
69233,522
69234,518
69235,524
69236,520
69237,510
69238,518
69239,522
69240,520
69241,526
69242,518
69243,514
69244,518
69245,518
69246,516
69247,518
69248,524
69249,516
69250,522
69251,522
69252,516
69253,518
69254,524
69255,518
69256,524
69257,524
69258,516
69259,518
69260,536
69261,520
69262,522
69263,524
69264,518
69265,520
69266,524
69267,520
69268,520
69269,520
69270,520
69271,524
69272,524
69273,518
69274,524
69275,524
69276,520
69277,522
69278,524
69279,516
69280,526
69281,522
69282,520
69283,520
69284,524
69285,524
69286,518
69287,524
69288,518
69289,526
69290,518
69291,522
69292,520
69293,518
69294,520
69295,520
69296,526
69297,520
69298,524
69299,522
69300,520
69301,522
69302,524
69303,520
69304,520
69305,524
69306,516
69307,518
69308,516
69309,516
69310,516
69311,520
69312,518
69313,524
69314,520
69315,520
69316,520
69317,524
69318,520
69319,520
69320,564
69321,522
69322,526
69323,524
69324,520
69325,522
69326,526
69327,516
69328,524
69329,522
69330,520
69331,516
69332,522
69333,518
69334,520
69335,518
69336,512
69337,524
69338,516
69339,516
69340,520
69341,522
69342,516
69343,520
69344,524
69345,514
69346,522
69347,524
69348,518
69349,522
69350,516
69351,518
69352,524
69353,520
69354,512
69355,524
69356,520
69357,514
69358,522
69359,520
69360,516
69361,524
69362,518
69363,520
69364,522
69365,520
69366,516
69367,516
69368,522
69369,520
69370,518
69371,520
69372,518
69373,524
69374,524
69375,514
69376,518
69377,522
69378,522
69379,520
69380,524
69381,514
69382,522
69383,520
69384,522
69385,522
69386,520
69387,516
69388,522
69389,522
69390,518
69391,524
69392,524
69393,520
69394,524
69395,524
69396,518
69397,564
69398,524
69399,516
69400,524
69401,520
69402,514
69403,518
69404,520
69405,522
69406,518
69407,522
69408,524
69409,524
69410,524
69411,516
69412,526
69413,524
69414,520
69415,520
69416,522
69417,518
69418,522
69419,524
69420,518
69421,524
69422,528
69423,516
69424,526
69425,520
69426,514
69427,524
69428,524
69429,516
69430,520
69431,522
69432,516
69433,522
69434,526
69435,518
69436,522
69437,516
69438,516
69439,524
69440,518
69441,516
69442,524
69443,520
69444,516
69445,520
69446,526
69447,518
69448,516
69449,522
69450,514
69451,522
69452,520
69453,516
69454,520
69455,522
69456,522
69457,526
69458,524
69459,514
69460,564
69461,524
69462,520
69463,524
69464,522
69465,520
69466,522
69467,518
69468,516
69469,524
69470,522
69471,516
69472,524
69473,520
69474,516
69475,524
69476,518
69477,514
69478,520
69479,520
69480,516
69481,516
69482,520
69483,518
69484,516
69485,522
69486,520
69487,520
69488,522
69489,516
69490,522
69491,518
69492,512
69493,524
69494,524
69495,516
69496,516
69497,518
69498,516
69499,520
69500,524
69501,518
69502,522
69503,522
69504,520
69505,524
69506,562
69507,524
69508,524
69509,530
69510,520
69511,524
69512,526
69513,516
69514,522
69515,520
69516,526
69517,514
69518,520
69519,520
69520,518
69521,522
69522,520
69523,520
69524,522
69525,522
69526,520
69527,524
69528,522
69529,520
69530,522
69531,518
69532,522
69533,526
69534,518
69535,522
69536,524
69537,518
69538,518
69539,524
69540,526
69541,520
69542,526
69543,522
69544,520
69545,526
69546,524
69547,518
69548,522
69549,520
69550,520
69551,524
69552,524
69553,516
69554,518
69555,520
69556,520
69557,522
69558,522
69559,522
69560,522
69561,518
69562,558
69563,524
69564,526
69565,518
69566,524
69567,516
69568,516
69569,522
69570,522
69571,514
69572,520
69573,524
69574,516
69575,518
69576,516
69577,518
69578,524
69579,518
69580,522
69581,524
69582,518
69583,514
69584,522
69585,524
69586,516
69587,522
69588,522
69589,512
69590,522
69591,518
69592,518
69593,516
69594,518
69595,516
69596,520
69597,522
69598,514
69599,518
69600,518
69601,518
69602,518
69603,518
69604,514
69605,524
69606,520
69607,516
69608,522
69609,522
69610,518
69611,520
69612,522
69613,520
69614,520
69615,518
69616,514
69617,578
69618,520
69619,518
69620,520
69621,516
69622,518
69623,520
69624,526
69625,512
69626,518
69627,524
69628,514
69629,520
69630,522
69631,522
69632,520
69633,524
69634,516
69635,520
69636,516
69637,516
69638,522
69639,518
69640,518
69641,524
69642,520
69643,518
69644,522
69645,518
69646,524
69647,524
69648,520
69649,516
69650,520
69651,524
69652,522
69653,524
69654,524
69655,516
69656,524
69657,520
69658,518
69659,520
69660,526
69661,518
69662,520
69663,522
69664,518
69665,524
69666,526
69667,520
69668,522
69669,518
69670,520
69671,520
69672,538
69673,522
69674,520
69675,524
69676,514
69677,520
69678,522
69679,518
69680,524
69681,522
69682,520
69683,524
69684,520
69685,516
69686,520
69687,520
69688,524
69689,518
69690,526
69691,522
69692,522
69693,524
69694,514
69695,520
69696,526
69697,522
69698,524
69699,524
69700,514
69701,516
69702,522
69703,520
69704,524
69705,520
69706,514
69707,520
69708,516
69709,518
69710,520
69711,520
69712,520
69713,516
69714,520
69715,516
69716,520
69717,522
69718,520
69719,518
69720,520
69721,522
69722,518
69723,522
69724,512
69725,522
69726,516
69727,518
69728,518
69729,518
69730,518
69731,524
69732,522
69733,516
69734,516
69735,516
69736,562
69737,516
69738,524
69739,522
69740,524
69741,520
69742,516
69743,522
69744,520
69745,516
69746,520
69747,524
69748,514
69749,520
69750,522
69751,514
69752,520
69753,522
69754,514
69755,522
69756,522
69757,522
69758,524
69759,518
69760,518
69761,520
69762,526
69763,516
69764,524
69765,518
69766,516
69767,526
69768,518
69769,512
69770,526
69771,518
69772,520
69773,516
69774,524
69775,518
69776,522
69777,520
69778,512
69779,522
69780,524
69781,522
69782,520
69783,520
69784,516
69785,518
69786,524
69787,520
69788,526
69789,526
69790,520
69791,524
69792,524
69793,516
69794,522
69795,566
69796,522
69797,518
69798,520
69799,520
69800,524
69801,522
69802,516
69803,522
69804,522
69805,514
69806,524
69807,524
69808,514
69809,518
69810,516
69811,520
69812,520
69813,522
69814,522
69815,522
69816,522
69817,518
69818,524
69819,522
69820,518
69821,522
69822,516
69823,524
69824,518
69825,520
69826,514
69827,520
69828,522
69829,516
69830,518
69831,518
69832,518
69833,524
69834,524
69835,516
69836,524
69837,520
69838,520
69839,522
69840,520
69841,520
69842,518
69843,518
69844,516
69845,526
69846,514
69847,514
69848,522
69849,524
69850,518
69851,520
69852,526
69853,514
69854,554
69855,520
69856,518
69857,518
69858,524
69859,516
69860,524
69861,520
69862,516
69863,520
69864,520
69865,518
69866,524
69867,522
69868,518
69869,520
69870,524
69871,520
69872,518
69873,522
69874,520
69875,520
69876,522
69877,514
69878,518
69879,520
69880,512
69881,522
69882,524
69883,514
69884,524
69885,520
69886,512
69887,524
69888,518
69889,516
69890,518
69891,518
69892,520
69893,522
69894,518
69895,522
69896,520
69897,522
69898,520
69899,520
69900,518
69901,518
69902,522
69903,524
69904,516
69905,520
69906,526
69907,520
69908,526
69909,524
69910,516
69911,520
69912,520
69913,518
69914,562
69915,562
69916,522
69917,520
69918,520
69919,512
69920,518
69921,514
69922,522
69923,540
69924,516
69925,524
69926,518
69927,518
69928,520
69929,520
69930,516
69931,522
69932,518
69933,512
69934,516
69935,518
69936,512
69937,520
69938,516
69939,518
69940,522
69941,524
69942,514
69943,518
69944,526
69945,518
69946,520
69947,582
69948,516
69949,524
69950,524
69951,510
69952,524
69953,520
69954,516
69955,516
69956,522
69957,516
69958,518
69959,516
69960,514
69961,516
69962,522
69963,518
69964,522
69965,522
69966,516
69967,516
69968,558
69969,512
69970,514
69971,516
69972,512
69973,524
69974,518
69975,518
69976,522
69977,520
69978,518
69979,520
69980,520
69981,520
69982,514
69983,514
69984,510
69985,522
69986,518
69987,518
69988,522
69989,520
69990,516
69991,522
69992,522
69993,514
69994,522
69995,524
69996,514
69997,522
69998,522
69999,520
70000,524
70001,524
70002,520
70003,522
70004,522
70005,520
70006,522
70007,516
70008,516
70009,520
70010,522
70011,514
70012,518
70013,520
70014,514
70015,520
70016,524
70017,514
70018,518
70019,520
70020,520
70021,524
70022,520
70023,512
70024,522
70025,520
70026,518
70027,522
70028,524
70029,520
70030,524
70031,522
70032,520
70033,518
70034,520
70035,516
70036,518
70037,522
70038,514
70039,520
70040,518
70041,518
70042,522
70043,526
70044,512
70045,518
70046,562
70047,508
70048,518
70049,524
70050,516
70051,524
70052,524
70053,516
70054,522
70055,522
70056,516
70057,520
70058,520
70059,518
70060,520
70061,524
70062,518
70063,520
70064,520
70065,520
70066,524
70067,522
70068,516
70069,520
70070,516
70071,516
70072,522
70073,516
70074,516
70075,520
70076,520
70077,512
70078,522
70079,520
70080,514
70081,522
70082,522
70083,514
70084,522
70085,522
70086,514
70087,520
70088,518
70089,512
70090,522
70091,522
70092,514
70093,516
70094,522
70095,518
70096,522
70097,520
70098,516
70099,520
70100,518
70101,516
70102,524
70103,522
70104,518
70105,522
70106,558
70107,512
70108,520
70109,518
70110,516
70111,522
70112,522
70113,512
70114,522
70115,520
70116,518
70117,520
70118,522
70119,516
70120,518
70121,522
70122,516
70123,518
70124,520
70125,518
70126,522
70127,518
70128,520
70129,524
70130,522
70131,514
70132,518
70133,520
70134,520
70135,524
70136,522
70137,520
70138,524
70139,522
70140,514
70141,522
70142,524
70143,518
70144,522
70145,522
70146,516
70147,516
70148,522
70149,520
70150,524
70151,524
70152,518
70153,518
70154,524
70155,522
70156,516
70157,524
70158,516
70159,526
70160,518
70161,514
70162,526
70163,524
70164,514
70165,518
70166,540
70167,518
70168,522
70169,526
70170,520
70171,516
70172,516
70173,514
70174,518
70175,524
70176,520
70177,516
70178,522
70179,516
70180,518
70181,518
70182,518
70183,520
70184,524
70185,516
70186,520
70187,522
70188,520
70189,522
70190,520
70191,518
70192,522
70193,520
70194,514
70195,520
70196,518
70197,516
70198,524
70199,520
70200,510
70201,516
70202,522
70203,516
70204,516
70205,524
70206,516
70207,520
70208,518
70209,518
70210,522
70211,518
70212,518
70213,520
70214,518
70215,516
70216,520
70217,520
70218,516
70219,518
70220,518
70221,518
70222,518
70223,520
70224,514
70225,524
70226,560
70227,518
70228,522
70229,522
70230,512
70231,516
70232,520
70233,516
70234,522
70235,520
70236,518
70237,520
70238,524
70239,516
70240,518
70241,514
70242,518
70243,524
70244,520
70245,518
70246,522
70247,520
70248,514
70249,520
70250,524
70251,518
70252,520
70253,522
70254,518
70255,518
70256,520
70257,516
70258,520
70259,520
70260,520
70261,520
70262,516
70263,520
70264,522
70265,524
70266,516
70267,522
70268,526
70269,518
70270,520
70271,524
70272,514
70273,524
70274,522
70275,516
70276,522
70277,522
70278,512
70279,520
70280,516
70281,520
70282,518
70283,518
70284,518
70285,522
70286,524
70287,514
70288,524
70289,520
70290,520
70291,520
70292,526
70293,514
70294,524
70295,524
70296,518
70297,522
70298,524
70299,518
70300,524
70301,524
70302,522
70303,518
70304,520
70305,518
70306,518
70307,522
70308,514
70309,522
70310,524
70311,512
70312,522
70313,522
70314,520
70315,520
70316,522
70317,514
70318,520
70319,520
70320,514
70321,524
70322,524
70323,516
70324,518
70325,568
70326,518
70327,522
70328,514
70329,534
70330,520
70331,516
70332,522
70333,524
70334,514
70335,518
70336,520
70337,522
70338,516
70339,520
70340,516
70341,514
70342,516
70343,522
70344,518
70345,522
70346,522
70347,514
70348,518
70349,516
70350,514
70351,516
70352,522
70353,516
70354,514
70355,524
70356,518
70357,518
70358,518
70359,514
70360,518
70361,522
70362,514
70363,522
70364,520
70365,514
70366,522
70367,518
70368,516
70369,518
70370,520
70371,518
70372,562
70373,520
70374,520
70375,522
70376,522
70377,518
70378,522
70379,522
70380,516
70381,514
70382,520
70383,516
70384,524
70385,518
70386,516
70387,520
70388,518
70389,516
70390,520
70391,516
70392,518
70393,520
70394,526
70395,516
70396,522
70397,518
70398,516
70399,522
70400,516
70401,514
70402,524
70403,524
70404,514
70405,524
70406,516
70407,522
70408,518
70409,520
70410,522
70411,520
70412,516
70413,518
70414,518
70415,524
70416,514
70417,524
70418,520
70419,518
70420,520
70421,520
70422,518
70423,524
70424,522
70425,512
70426,520
70427,520
70428,520
70429,522
70430,560
70431,514
70432,520
70433,520
70434,518
70435,520
70436,522
70437,516
70438,518
70439,520
70440,514
70441,516
70442,522
70443,514
70444,516
70445,516
70446,512
70447,522
70448,520
70449,518
70450,520
70451,522
70452,514
70453,524
70454,522
70455,516
70456,520
70457,516
70458,516
70459,522
70460,520
70461,516
70462,520
70463,516
70464,520
70465,520
70466,518
70467,516
70468,520
70469,520
70470,516
70471,520
70472,526
70473,516
70474,522
70475,518
70476,520
70477,516
70478,514
70479,512
70480,516
70481,520
70482,510
70483,518
70484,520
70485,514
70486,562
70487,520
70488,516
70489,520
70490,518
70491,516
70492,524
70493,524
70494,512
70495,524
70496,520
70497,512
70498,524
70499,524
70500,514
70501,518
70502,520
70503,518
70504,518
70505,522
70506,518
70507,522
70508,524
70509,518
70510,520
70511,518
70512,520
70513,522
70514,524
70515,520
70516,518
70517,518
70518,518
70519,520
70520,516
70521,518
70522,524
70523,518
70524,520
70525,518
70526,520
70527,518
70528,520
70529,522
70530,512
70531,516
70532,522
70533,520
70534,518
70535,526
70536,520
70537,524
70538,522
70539,518
70540,524
70541,518
70542,512
70543,522
70544,522
70545,556
70546,524
70547,518
70548,514
70549,522
70550,522
70551,518
70552,518
70553,518
70554,520
70555,522
70556,516
70557,520
70558,516
70559,524
70560,516
70561,518
70562,518
70563,518
70564,518
70565,516
70566,512
70567,522
70568,518
70569,516
70570,522
70571,524
70572,518
70573,518
70574,518
70575,518
70576,522
70577,520
70578,514
70579,522
70580,516
70581,516
70582,516
70583,520
70584,514
70585,520
70586,520
70587,512
70588,524
70589,520
70590,520
70591,522
70592,520
70593,512
70594,522
70595,518
70596,514
70597,516
70598,522
70599,518
70600,520
70601,544
70602,514
70603,516
70604,520
70605,520
70606,522
70607,522
70608,516
70609,518
70610,522
70611,514
70612,522
70613,522
70614,520
70615,522
70616,520
70617,518
70618,516
70619,518
70620,514
70621,520
70622,516
70623,520
70624,522
70625,518
70626,514
70627,518
70628,520
70629,520
70630,516
70631,522
70632,514
70633,520
70634,520
70635,518
70636,522
70637,520
70638,522
70639,518
70640,524
70641,516
70642,516
70643,522
70644,518
70645,520
70646,522
70647,520
70648,524
70649,522
70650,520
70651,524
70652,518
70653,518
70654,522
70655,524
70656,518
70657,564
70658,524
70659,520
70660,518
70661,522
70662,520
70663,518
70664,520
70665,516
70666,522
70667,520
70668,516
70669,520
70670,522
70671,514
70672,518
70673,518
70674,518
70675,524
70676,524
70677,520
70678,518
70679,518
70680,520
70681,524
70682,518
70683,512
70684,516
70685,520
70686,518
70687,522
70688,518
70689,520
70690,520
70691,522
70692,520
70693,514
70694,520
70695,514
70696,524
70697,520
70698,510
70699,522
70700,520
70701,518
70702,522
70703,520
70704,516
70705,520
70706,518
70707,518
70708,522
70709,520
70710,516
70711,516
70712,520
70713,576
70714,520
70715,522
70716,512
70717,522
70718,514
70719,510
70720,518
70721,520
70722,518
70723,518
70724,516
70725,514
70726,520
70727,518
70728,514
70729,520
70730,522
70731,518
70732,518
70733,516
70734,514
70735,558
70736,526
70737,522
70738,516
70739,530
70740,522
70741,512
70742,518
70743,516
70744,518
70745,522
70746,518
70747,522
70748,518
70749,522
70750,516
70751,520
70752,524
70753,516
70754,520
70755,524
70756,516
70757,524
70758,518
70759,518
70760,526
70761,516
70762,518
70763,520
70764,520
70765,520
70766,522
70767,526
70768,516
70769,518
70770,522
70771,514
70772,524
70773,518
70774,520
70775,522
70776,524
70777,518
70778,522
70779,518
70780,514
70781,526
70782,522
70783,518
70784,520
70785,520
70786,516
70787,522
70788,522
70789,518
70790,520
70791,520
70792,516
70793,526
70794,518
70795,514
70796,522
70797,524
70798,514
70799,518
70800,562
70801,518
70802,518
70803,522
70804,518
70805,520
70806,522
70807,518
70808,524
70809,522
70810,518
70811,516
70812,520
70813,514
70814,518
70815,524
70816,516
70817,516
70818,522
70819,518
70820,516
70821,516
70822,518
70823,516
70824,518
70825,512
70826,522
70827,518
70828,516
70829,520
70830,518
70831,514
70832,524
70833,518
70834,516
70835,514
70836,520
70837,512
70838,520
70839,518
70840,514
70841,520
70842,520
70843,514
70844,516
70845,516
70846,516
70847,522
70848,522
70849,516
70850,522
70851,524
70852,518
70853,522
70854,516
70855,514
70856,560
70857,522
70858,516
70859,522
70860,520
70861,518
70862,520
70863,516
70864,516
70865,526
70866,524
70867,520
70868,524
70869,520
70870,518
70871,522
70872,518
70873,520
70874,520
70875,520
70876,516
70877,518
70878,518
70879,520
70880,520
70881,520
70882,516
70883,520
70884,520
70885,512
70886,522
70887,516
70888,522
70889,516
70890,522
70891,520
70892,524
70893,520
70894,520
70895,520
70896,522
70897,518
70898,524
70899,518
70900,518
70901,518
70902,526
70903,518
70904,518
70905,522
70906,522
70907,518
70908,518
70909,514
70910,518
70911,524
70912,520
70913,526
70914,524
70915,518
70916,520
70917,560
70918,520
70919,524
70920,518
70921,512
70922,518
70923,520
70924,522
70925,520
70926,522
70927,516
70928,522
70929,524
70930,512
70931,522
70932,518
70933,516
70934,524
70935,520
70936,514
70937,518
70938,518
70939,516
70940,522
70941,522
70942,516
70943,522
70944,518
70945,514
70946,522
70947,516
70948,518
70949,520
70950,516
70951,516
70952,518
70953,518
70954,516
70955,520
70956,524
70957,518
70958,520
70959,524
70960,516
70961,516
70962,518
70963,516
70964,520
70965,520
70966,518
70967,520
70968,524
70969,520
70970,522
70971,522
70972,512
70973,524
70974,518
70975,556
70976,520
70977,516
70978,518
70979,518
70980,520
70981,514
70982,520
70983,518
70984,518
70985,520
70986,520
70987,512
70988,518
70989,524
70990,514
70991,518
70992,522
70993,516
70994,518
70995,522
70996,518
70997,524
70998,524
70999,516
71000,518
71001,522
71002,516
71003,518
71004,522
71005,514
71006,518
71007,522
71008,518
71009,526
71010,518
71011,520
71012,522
71013,520
71014,518
71015,520
71016,524
71017,518
71018,524
71019,526
71020,516
71021,518
71022,520
71023,518
71024,522
71025,524
71026,518
71027,526
71028,518
71029,518
71030,520
71031,522
71032,514
71033,524
71034,528
71035,518
71036,516
71037,522
71038,516
71039,518
71040,516
71041,516
71042,524
71043,518
71044,518
71045,522
71046,524
71047,516
71048,522
71049,520
71050,524
71051,524
71052,516
71053,514
71054,522
71055,520
71056,518
71057,518
71058,518
71059,514
71060,522
71061,520
71062,516
71063,522
71064,516
71065,520
71066,516
71067,518
71068,518
71069,518
71070,524
71071,518
71072,522
71073,524
71074,514
71075,522
71076,520
71077,520
71078,516
71079,518
71080,518
71081,520
71082,520
71083,516
71084,516
71085,522
71086,518
71087,518
71088,520
71089,512
71090,522
71091,516
71092,516
71093,518
71094,520
71095,520
71096,516
71097,520
71098,520
71099,520
71100,522
71101,516
71102,560
71103,520
71104,516
71105,524
71106,516
71107,518
71108,520
71109,522
71110,518
71111,522
71112,520
71113,518
71114,516
71115,516
71116,516
71117,518
71118,516
71119,514
71120,518
71121,522
71122,520
71123,520
71124,520
71125,518
71126,520
71127,524
71128,518
71129,520
71130,522
71131,520
71132,522
71133,524
71134,516
71135,526
71136,518
71137,518
71138,522
71139,526
71140,520
71141,520
71142,526
71143,512
71144,564
71145,518
71146,518
71147,522
71148,520
71149,562
71150,524
71151,520
71152,514
71153,524
71154,522
71155,512
71156,520
71157,524
71158,516
71159,524
71160,522
71161,518
71162,520
71163,524
71164,520
71165,518
71166,520
71167,514
71168,520
71169,534
71170,516
71171,520
71172,518
71173,518
71174,520
71175,522
71176,516
71177,518
71178,524
71179,518
71180,518
71181,520
71182,512
71183,522
71184,518
71185,514
71186,522
71187,522
71188,514
71189,524
71190,520
71191,516
71192,522
71193,522
71194,514
71195,522
71196,524
71197,518
71198,520
71199,522
71200,518
71201,522
71202,516
71203,514
71204,518
71205,516
71206,568
71207,522
71208,516
71209,514
71210,518
71211,516
71212,512
71213,524
71214,522
71215,516
71216,520
71217,522
71218,514
71219,516
71220,516
71221,516
71222,522
71223,518
71224,518
71225,516
71226,524
71227,518
71228,522
71229,524
71230,514
71231,524
71232,516
71233,518
71234,516
71235,522
71236,510
71237,516
71238,524
71239,518
71240,522
71241,522
71242,516
71243,522
71244,524
71245,512
71246,518
71247,522
71248,512
71249,518
71250,520
71251,520
71252,518
71253,520
71254,518
71255,524
71256,522
71257,520
71258,524
71259,518
71260,518
71261,520
71262,526
71263,514
71264,560
71265,524
71266,516
71267,524
71268,518
71269,520
71270,522
71271,526
71272,516
71273,522
71274,524
71275,516
71276,524
71277,526
71278,522
71279,520
71280,522
71281,522
71282,524
71283,524
71284,516
71285,524
71286,522
71287,520
71288,518
71289,524
71290,518
71291,522
71292,524
71293,516
71294,524
71295,520
71296,512
71297,520
71298,526
71299,518
71300,518
71301,520
71302,520
71303,526
71304,522
71305,514
71306,518
71307,520
71308,514
71309,520
71310,518
71311,514
71312,520
71313,518
71314,518
71315,524
71316,518
71317,518
71318,522
71319,518
71320,514
71321,520
71322,554
71323,512
71324,516
71325,516
71326,512
71327,522
71328,520
71329,512
71330,516
71331,518
71332,512
71333,518
71334,522
71335,520
71336,520
71337,524
71338,516
71339,520
71340,522
71341,514
71342,520
71343,520
71344,516
71345,520
71346,520
71347,520
71348,518
71349,522
71350,510
71351,516
71352,516
71353,516
71354,516
71355,518
71356,512
71357,524
71358,520
71359,514
71360,516
71361,522
71362,518
71363,522
71364,524
71365,516
71366,520
71367,520
71368,512
71369,522
71370,520
71371,512
71372,520
71373,522
71374,514
71375,522
71376,518
71377,516
71378,534
71379,524
71380,518
71381,524
71382,522
71383,514
71384,516
71385,518
71386,514
71387,528
71388,522
71389,512
71390,518
71391,520
71392,518
71393,522
71394,518
71395,514
71396,524
71397,520
71398,520
71399,524
71400,518
71401,518
71402,522
71403,524
71404,514
71405,516
71406,520
71407,514
71408,524
71409,518
71410,520
71411,524
71412,522
71413,518
71414,524
71415,522
71416,516
71417,522
71418,518
71419,518
71420,522
71421,522
71422,516
71423,520
71424,520
71425,518
71426,516
71427,524
71428,514
71429,518
71430,520
71431,516
71432,524
71433,520
71434,512
71435,524
71436,518
71437,514
71438,516
71439,514
71440,514
71441,524
71442,518
71443,516
71444,524
71445,520
71446,516
71447,518
71448,522
71449,512
71450,522
71451,516
71452,514
71453,520
71454,522
71455,518
71456,522
71457,516
71458,514
71459,522
71460,518
71461,514
71462,518
71463,524
71464,512
71465,522
71466,516
71467,516
71468,516
71469,514
71470,518
71471,522
71472,524
71473,516
71474,514
71475,524
71476,514
71477,520
71478,522
71479,514
71480,522
71481,522
71482,516
71483,520
71484,522
71485,518
71486,518
71487,520
71488,514
71489,518
71490,522
71491,512
71492,520
71493,520
71494,516
71495,518
71496,556
71497,516
71498,520
71499,520
71500,520
71501,524
71502,522
71503,516
71504,526
71505,520
71506,516
71507,522
71508,520
71509,518
71510,520
71511,522
71512,520
71513,518
71514,522
71515,516
71516,516
71517,524
71518,520
71519,520
71520,522
71521,520
71522,520
71523,524
71524,516
71525,520
71526,522
71527,518
71528,520
71529,522
71530,518
71531,518
71532,524
71533,514
71534,520
71535,520
71536,512
71537,518
71538,526
71539,514
71540,520
71541,518
71542,512
71543,522
71544,522
71545,520
71546,520
71547,516
71548,514
71549,518
71550,518
71551,520
71552,522
71553,516
71554,564
71555,524
71556,520
71557,542
71558,526
71559,512
71560,518
71561,518
71562,518
71563,524
71564,520
71565,520
71566,522
71567,520
71568,524
71569,516
71570,518
71571,520
71572,516
71573,522
71574,516
71575,522
71576,518
71577,518
71578,520
71579,524
71580,518
71581,522
71582,520
71583,516
71584,514
71585,514
71586,514
71587,522
71588,520
71589,516
71590,516
71591,520
71592,518
71593,522
71594,520
71595,518
71596,520
71597,516
71598,518
71599,518
71600,522
71601,518
71602,520
71603,520
71604,518
71605,524
71606,522
71607,516
71608,520
71609,516
71610,556
71611,524
71612,522
71613,514
71614,522
71615,524
71616,516
71617,524
71618,524
71619,522
71620,516
71621,520
71622,512
71623,520
71624,522
71625,522
71626,522
71627,524
71628,516
71629,518
71630,524
71631,518
71632,526
71633,522
71634,520
71635,518
71636,522
71637,518
71638,524
71639,522
71640,522
71641,524
71642,524
71643,514
71644,524
71645,520
71646,514
71647,522
71648,520
71649,520
71650,518
71651,518
71652,518
71653,526
71654,522
71655,522
71656,520
71657,520
71658,520
71659,518
71660,524
71661,520
71662,518
71663,516
71664,520
71665,522
71666,520
71667,514
71668,520
71669,560
71670,522
71671,518
71672,520
71673,514
71674,516
71675,520
71676,516
71677,522
71678,520
71679,518
71680,522
71681,520
71682,516
71683,520
71684,522
71685,518
71686,524
71687,524
71688,518
71689,516
71690,514
71691,514
71692,520
71693,514
71694,518
71695,524
71696,522
71697,514
71698,524
71699,522
71700,510
71701,520
71702,522
71703,512
71704,516
71705,520
71706,512
71707,518
71708,520
71709,514
71710,522
71711,520
71712,516
71713,522
71714,518
71715,512
71716,526
71717,518
71718,512
71719,520
71720,524
71721,512
71722,514
71723,524
71724,516
71725,518
71726,522
71727,516
71728,518
71729,520
71730,558
71731,524
71732,518
71733,520
71734,520
71735,522
71736,520
71737,520
71738,522
71739,522
71740,524
71741,518
71742,520
71743,518
71744,522
71745,514
71746,524
71747,520
71748,518
71749,522
71750,516
71751,518
71752,520
71753,526
71754,516
71755,518
71756,520
71757,520
71758,520
71759,520
71760,520
71761,526
71762,518
71763,516
71764,518
71765,520
71766,516
71767,518
71768,518
71769,518
71770,520
71771,520
71772,520
71773,524
71774,522
71775,512
71776,528
71777,520
71778,516
71779,526
71780,520
71781,516
71782,518
71783,518
71784,520
71785,522
71786,520
71787,514
71788,522
71789,520
71790,560
71791,516
71792,522
71793,518
71794,526
71795,518
71796,518
71797,518
71798,522
71799,518
71800,524
71801,520
71802,510
71803,522
71804,514
71805,520
71806,518
71807,516
71808,518
71809,522
71810,516
71811,518
71812,516
71813,516
71814,514
71815,518
71816,518
71817,518
71818,522
71819,516
71820,518
71821,514
71822,518
71823,512
71824,522
71825,514
71826,514
71827,524
71828,520
71829,510
71830,518
71831,518
71832,514
71833,522
71834,520
71835,514
71836,518
71837,520
71838,518
71839,518
71840,520
71841,512
71842,518
71843,520
71844,516
71845,522
71846,516
71847,518
71848,520
71849,524
71850,518
71851,520
71852,520
71853,512
71854,522
71855,522
71856,520
71857,522
71858,520
71859,518
71860,524
71861,518
71862,514
71863,520
71864,520
71865,514
71866,524
71867,524
71868,518
71869,520
71870,524
71871,516
71872,522
71873,524
71874,512
71875,520
71876,522
71877,518
71878,520
71879,518
71880,514
71881,522
71882,522
71883,520
71884,524
71885,518
71886,514
71887,524
71888,522
71889,518
71890,526
71891,522
71892,516
71893,520
71894,524
71895,514
71896,518
71897,526
71898,522
71899,518
71900,520
71901,516
71902,522
71903,524
71904,518
71905,520
71906,522
71907,518
71908,526
71909,518
71910,520
71911,520
71912,518
71913,514
71914,520
71915,518
71916,518
71917,522
71918,522
71919,518
71920,524
71921,562
71922,518
71923,516
71924,520
71925,520
71926,522
71927,518
71928,518
71929,522
71930,516
71931,518
71932,518
71933,514
71934,518
71935,520
71936,520
71937,514
71938,518
71939,522
71940,518
71941,522
71942,522
71943,516
71944,18088
71945,522
71946,516
71947,522
71948,512
71949,516
71950,520
71951,520
71952,524
71953,520
71954,518
71955,514
71956,514
71957,522
71958,522
71959,520
71960,518
71961,528
71962,516
71963,566
71964,518
71965,526
71966,520
71967,518
71968,520
71969,538
71970,522
71971,518
71972,520
71973,522
71974,520
71975,518
71976,520
71977,522
71978,516
71979,522
71980,524
71981,516
71982,524
71983,522
71984,516
71985,526
71986,522
71987,514
71988,524
71989,518
71990,520
71991,526
71992,522
71993,518
71994,520
71995,524
71996,522
71997,518
71998,524
71999,512
72000,518
72001,520
72002,520
72003,522
72004,520
72005,520
72006,524
72007,524
72008,518
72009,516
72010,522
72011,514
72012,518
72013,520
72014,518
72015,522
72016,520
72017,520
72018,524
72019,514
72020,514
72021,524
72022,520
72023,554
72024,522
72025,522
72026,516
72027,520
72028,518
72029,512
72030,520
72031,522
72032,518
72033,520
72034,516
72035,518
72036,518
72037,520
72038,510
72039,520
72040,522
72041,520
72042,518
72043,520
72044,518
72045,518
72046,522
72047,520
72048,522
72049,520
72050,520
72051,518
72052,516
72053,516
72054,524
72055,518
72056,516
72057,520
72058,522
72059,518
72060,520
72061,520
72062,516
72063,524
72064,524
72065,516
72066,518
72067,518
72068,514
72069,522
72070,522
72071,514
72072,524
72073,518
72074,518
72075,522
72076,522
72077,514
72078,526
72079,522
72080,520
72081,562
72082,516
72083,516
72084,524
72085,520
72086,520
72087,520
72088,520
72089,520
72090,518
72091,520
72092,518
72093,518
72094,524
72095,520
72096,522
72097,522
72098,518
72099,524
72100,520
72101,516
72102,522
72103,522
72104,516
72105,524
72106,524
72107,520
72108,524
72109,518
72110,522
72111,526
72112,522
72113,518
72114,522
72115,522
72116,514
72117,524
72118,516
72119,520
72120,520
72121,520
72122,520
72123,520
72124,526
72125,516
72126,518
72127,520
72128,518
72129,522
72130,524
72131,514
72132,518
72133,520
72134,518
72135,518
72136,522
72137,518
72138,526
72139,522
72140,518
72141,522
72142,520
72143,516
72144,522
72145,518
72146,520
72147,524
72148,526
72149,522
72150,522
72151,518
72152,520
72153,522
72154,526
72155,516
72156,520
72157,522
72158,512
72159,520
72160,524
72161,518
72162,524
72163,518
72164,518
72165,522
72166,564
72167,518
72168,518
72169,524
72170,514
72171,522
72172,518
72173,516
72174,516
72175,514
72176,520
72177,516
72178,518
72179,520
72180,524
72181,518
72182,520
72183,522
72184,516
72185,518
72186,524
72187,518
72188,516
72189,518
72190,518
72191,520
72192,522
72193,522
72194,518
72195,520
72196,518
72197,516
72198,520
72199,524
72200,518
72201,524
72202,528
72203,516
72204,520
72205,522
72206,522
72207,520
72208,524
72209,518
72210,520
72211,526
72212,516
72213,524
72214,524
72215,516
72216,524
72217,524
72218,520
72219,526
72220,526
72221,518
72222,522
72223,560
72224,520
72225,522
72226,524
72227,522
72228,522
72229,522
72230,518
72231,520
72232,528
72233,516
72234,522
72235,520
72236,522
72237,524
72238,522
72239,520
72240,518
72241,524
72242,518
72243,524
72244,526
72245,520
72246,518
72247,518
72248,518
72249,526
72250,526
72251,520
72252,522
72253,522
72254,524
72255,516
72256,524
72257,516
72258,524
72259,516
72260,514
72261,520
72262,524
72263,522
72264,522
72265,524
72266,518
72267,524
72268,526
72269,516
72270,518
72271,520
72272,518
72273,522
72274,522
72275,518
72276,520
72277,520
72278,518
72279,562
72280,522
72281,514
72282,522
72283,516
72284,514
72285,514
72286,518
72287,516
72288,520
72289,522
72290,514
72291,524
72292,518
72293,512
72294,518
72295,516
72296,520
72297,516
72298,520
72299,518
72300,518
72301,520
72302,516
72303,522
72304,518
72305,516
72306,518
72307,518
72308,520
72309,522
72310,520
72311,522
72312,522
72313,516
72314,522
72315,528
72316,524
72317,516
72318,524
72319,520
72320,522
72321,524
72322,522
72323,518
72324,522
72325,518
72326,522
72327,526
72328,526
72329,516
72330,522
72331,516
72332,518
72333,516
72334,520
72335,520
72336,520
72337,518
72338,518
72339,528
72340,516
72341,516
72342,524
72343,524
72344,520
72345,520
72346,522
72347,518
72348,524
72349,526
72350,518
72351,520
72352,524
72353,10190
72354,522
72355,522
72356,522
72357,518
72358,530
72359,522
72360,520
72361,522
72362,518
72363,516
72364,520
72365,524
72366,514
72367,520
72368,518
72369,516
72370,520
72371,520
72372,516
72373,546
72374,524
72375,520
72376,542
72377,520
72378,514
72379,518
72380,524
72381,518
72382,516
72383,522
72384,516
72385,512
72386,516
72387,518
72388,518
72389,518
72390,516
72391,522
72392,512
72393,516
72394,522
72395,516
72396,524
72397,518
72398,518
72399,522
72400,524
72401,528
72402,520
72403,522
72404,512
72405,520
72406,518
72407,518
72408,518
72409,518
72410,514
72411,522
72412,520
72413,518
72414,518
72415,520
72416,516
72417,516
72418,522
72419,516
72420,560
72421,520
72422,516
72423,520
72424,520
72425,516
72426,518
72427,520
72428,520
72429,516
72430,520
72431,520
72432,522
72433,524
72434,514
72435,520
72436,518
72437,520
72438,524
72439,518
72440,518
72441,520
72442,524
72443,518
72444,526
72445,528
72446,516
72447,524
72448,526
72449,520
72450,524
72451,524
72452,516
72453,522
72454,526
72455,518
72456,520
72457,520
72458,514
72459,522
72460,520
72461,516
72462,524
72463,524
72464,516
72465,524
72466,520
72467,518
72468,528
72469,518
72470,514
72471,524
72472,520
72473,516
72474,522
72475,520
72476,516
72477,520
72478,522
72479,518
72480,526
72481,518
72482,560
72483,518
72484,522
72485,516
72486,518
72487,520
72488,516
72489,524
72490,522
72491,518
72492,520
72493,520
72494,514
72495,516
72496,524
72497,518
72498,520
72499,522
72500,514
72501,522
72502,522
72503,518
72504,518
72505,524
72506,518
72507,518
72508,518
72509,518
72510,518
72511,524
72512,520
72513,518
72514,518
72515,518
72516,518
72517,518
72518,520
72519,522
72520,524
72521,516
72522,522
72523,518
72524,518
72525,518
72526,518
72527,518
72528,518
72529,520
72530,516
72531,524
72532,522
72533,516
72534,522
72535,522
72536,516
72537,516
72538,520
72539,520
72540,522
72541,524
72542,518
72543,526
72544,520
72545,558
72546,522
72547,518
72548,520
72549,522
72550,522
72551,516
72552,520
72553,522
72554,518
72555,516
72556,520
72557,520
72558,522
72559,524
72560,522
72561,520
72562,526
72563,520
72564,516
72565,522
72566,520
72567,518
72568,522
72569,520
72570,518
72571,518
72572,520
72573,526
72574,524
72575,516
72576,520
72577,518
72578,516
72579,522
72580,522
72581,516
72582,524
72583,526
72584,516
72585,526
72586,526
72587,522
72588,520
72589,524
72590,516
72591,520
72592,524
72593,520
72594,518
72595,522
72596,516
72597,522
72598,524
72599,520
72600,520
72601,520
72602,514
72603,522
72604,520
72605,520
72606,520
72607,524
72608,518
72609,518
72610,522
72611,520
72612,518
72613,516
72614,512
72615,520
72616,520
72617,516
72618,524
72619,526
72620,518
72621,528
72622,522
72623,520
72624,518
72625,522
72626,516
72627,522
72628,526
72629,518
72630,518
72631,524
72632,518
72633,522
72634,526
72635,516
72636,520
72637,560
72638,520
72639,520
72640,518
72641,520
72642,516
72643,522
72644,516
72645,524
72646,524
72647,516
72648,520
72649,522
72650,516
72651,522
72652,518
72653,518
72654,518
72655,522
72656,518
72657,520
72658,524
72659,512
72660,524
72661,522
72662,514
72663,518
72664,522
72665,518
72666,520
72667,518
72668,518
72669,516
72670,524
72671,514
72672,520
72673,516
72674,520
72675,522
72676,520
72677,512
72678,520
72679,520
72680,514
72681,518
72682,520
72683,518
72684,524
72685,524
72686,518
72687,526
72688,522
72689,520
72690,518
72691,518
72692,520
72693,522
72694,520
72695,516
72696,522
72697,522
72698,520
72699,520
72700,524
72701,522
72702,522
72703,520
72704,514
72705,518
72706,520
72707,514
72708,520
72709,522
72710,522
72711,518
72712,524
72713,520
72714,526
72715,524
72716,556
72717,526
72718,524
72719,520
72720,522
72721,520
72722,518
72723,516
72724,524
72725,520
72726,526
72727,524
72728,522
72729,528
72730,524
72731,518
72732,524
72733,524
72734,520
72735,522
72736,526
72737,516
72738,522
72739,524
72740,518
72741,522
72742,520
72743,522
72744,524
72745,520
72746,518
72747,520
72748,526
72749,518
72750,520
72751,518
72752,516
72753,522
72754,520
72755,514
72756,516
72757,518
72758,516
72759,516
72760,518
72761,514
72762,524
72763,522
72764,520
72765,524
72766,520
72767,516
72768,524
72769,518
72770,516
72771,518
72772,520
72773,518
72774,522
72775,560
72776,514
72777,526
72778,522
72779,518
72780,522
72781,522
72782,558
72783,518
72784,520
72785,522
72786,526
72787,520
72788,516
72789,522
72790,518
72791,518
72792,520
72793,520
72794,518
72795,520
72796,524
72797,514
72798,520
72799,522
72800,522
72801,520
72802,520
72803,518
72804,530
72805,518
72806,520
72807,518
72808,524
72809,516
72810,522
72811,522
72812,518
72813,520
72814,524
72815,516
72816,520
72817,524
72818,520
72819,520
72820,524
72821,522
72822,524
72823,520
72824,520
72825,526
72826,520
72827,522
72828,518
72829,520
72830,516
72831,524
72832,520
72833,520
72834,516
72835,518
72836,520
72837,518
72838,522
72839,558
72840,522
72841,524
72842,514
72843,522
72844,524
72845,516
72846,524
72847,522
72848,516
72849,518
72850,526
72851,520
72852,518
72853,520
72854,520
72855,524
72856,522
72857,520
72858,524
72859,516
72860,514
72861,522
72862,522
72863,520
72864,520
72865,518
72866,516
72867,522
72868,516
72869,512
72870,518
72871,520
72872,516
72873,516
72874,520
72875,518
72876,524
72877,518
72878,520
72879,522
72880,524
72881,512
72882,524
72883,516
72884,516
72885,520
72886,518
72887,518
72888,522
72889,520
72890,520
72891,518
72892,520
72893,518
72894,520
72895,524
72896,510
72897,516
72898,516
72899,518
72900,516
72901,522
72902,514
72903,518
72904,522
72905,518
72906,520
72907,526
72908,518
72909,516
72910,522
72911,520
72912,520
72913,518
72914,512
72915,524
72916,522
72917,522
72918,522
72919,516
72920,516
72921,526
72922,520
72923,520
72924,522
72925,518
72926,520
72927,520
72928,524
72929,522
72930,518
72931,522
72932,518
72933,524
72934,524
72935,518
72936,516
72937,522
72938,522
72939,524
72940,518
72941,516
72942,524
72943,524
72944,518
72945,526
72946,522
72947,556
72948,522
72949,524
72950,520
72951,526
72952,522
72953,518
72954,522
72955,526
72956,520
72957,518
72958,520
72959,518
72960,522
72961,518
72962,518
72963,524
72964,524
72965,522
72966,526
72967,522
72968,522
72969,524
72970,522
72971,520
72972,522
72973,524
72974,520
72975,520
72976,522
72977,516
72978,520
72979,524
72980,520
72981,522
72982,522
72983,520
72984,516
72985,518
72986,520
72987,522
72988,520
72989,514
72990,516
72991,520
72992,512
72993,524
72994,516
72995,516
72996,518
72997,524
72998,512
72999,520
73000,522
73001,518
73002,518
73003,536
73004,518
73005,516
73006,516
73007,518
73008,516
73009,522
73010,514
73011,520
73012,520
73013,514
73014,520
73015,520
73016,518
73017,524
73018,516
73019,518
73020,518
73021,520
73022,518
73023,522
73024,522
73025,518
73026,524
73027,514
73028,518
73029,520
73030,514
73031,516
73032,520
73033,520
73034,518
73035,522
73036,516
73037,514
73038,518
73039,522
73040,514
73041,516
73042,516
73043,512
73044,516
73045,522
73046,516
73047,524
73048,524
73049,518
73050,520
73051,520
73052,520
73053,524
73054,524
73055,520
73056,520
73057,522
73058,516
73059,524
73060,564
73061,516
73062,524
73063,520
73064,520
73065,518
73066,520
73067,520
73068,518
73069,520
73070,520
73071,522
73072,520
73073,514
73074,520
73075,526
73076,520
73077,520
73078,516
73079,514
73080,524
73081,526
73082,514
73083,522
73084,516
73085,518
73086,522
73087,520
73088,520
73089,524
73090,522
73091,516
73092,520
73093,524
73094,516
73095,520
73096,520
73097,518
73098,520
73099,522
73100,514
73101,518
73102,520
73103,514
73104,522
73105,522
73106,518
73107,524
73108,524
73109,520
73110,524
73111,524
73112,520
73113,522
73114,516
73115,520
73116,556
73117,524
73118,518
73119,522
73120,516
73121,520
73122,518
73123,522
73124,514
73125,516
73126,524
73127,518
73128,520
73129,516
73130,512
73131,520
73132,516
73133,520
73134,518
73135,516
73136,512
73137,518
73138,522
73139,516
73140,520
73141,522
73142,514
73143,524
73144,516
73145,516
73146,522
73147,526
73148,518
73149,522
73150,518
73151,514
73152,522
73153,520
73154,520
73155,520
73156,522
73157,512
73158,518
73159,522
73160,512
73161,522
73162,526
73163,512
73164,522
73165,524
73166,518
73167,518
73168,522
73169,518
73170,524
73171,524
73172,514
73173,516
73174,526
73175,516
73176,524
73177,576
73178,520
73179,522
73180,518
73181,518
73182,524
73183,522
73184,514
73185,518
73186,518
73187,520
73188,522
73189,520
73190,518
73191,516
73192,570
73193,530
73194,518
73195,520
73196,516
73197,520
73198,520
73199,524
73200,516
73201,518
73202,520
73203,522
73204,520
73205,520
73206,518
73207,520
73208,524
73209,516
73210,520
73211,520
73212,520
73213,520
73214,524
73215,516
73216,520
73217,526
73218,514
73219,526
73220,524
73221,514
73222,516
73223,524
73224,516
73225,526
73226,520
73227,522
73228,524
73229,524
73230,512
73231,524
73232,524
73233,512
73234,520
73235,522
73236,520
73237,522
73238,518
73239,516
73240,520
73241,522
73242,514
73243,524
73244,524
73245,514
73246,522
73247,524
73248,518
73249,524
73250,522
73251,520
73252,516
73253,516
73254,512
73255,520
73256,526
73257,514
73258,558
73259,524
73260,514
73261,524
73262,526
73263,520
73264,526
73265,522
73266,520
73267,524
73268,518
73269,520
73270,516
73271,516
73272,514
73273,518
73274,522
73275,516
73276,520
73277,522
73278,520
73279,520
73280,520
73281,514
73282,518
73283,520
73284,518
73285,522
73286,526
73287,514
73288,520
73289,520
73290,518
73291,522
73292,522
73293,516
73294,520
73295,522
73296,520
73297,518
73298,518
73299,522
73300,518
73301,522
73302,520
73303,520
73304,524
73305,516
73306,522
73307,524
73308,520
73309,522
73310,524
73311,518
73312,520
73313,524
73314,520
73315,518
73316,526
73317,516
73318,522
73319,524
73320,520
73321,566
73322,524
73323,520
73324,524
73325,522
73326,520
73327,522
73328,524
73329,516
73330,522
73331,520
73332,520
73333,520
73334,524
73335,520
73336,524
73337,522
73338,514
73339,524
73340,522
73341,514
73342,524
73343,522
73344,518
73345,522
73346,518
73347,522
73348,522
73349,526
73350,514
73351,524
73352,524
73353,516
73354,520
73355,516
73356,514
73357,524
73358,524
73359,514
73360,520
73361,524
73362,518
73363,524
73364,524
73365,512
73366,524
73367,522
73368,520
73369,522
73370,520
73371,518
73372,518
73373,524
73374,518
73375,516
73376,518
73377,518
73378,522
73379,520
73380,518
73381,524
73382,562
73383,512
73384,520
73385,524
73386,518
73387,522
73388,520
73389,514
73390,518
73391,516
73392,518
73393,522
73394,518
73395,520
73396,522
73397,522
73398,516
73399,524
73400,524
73401,518
73402,520
73403,522
73404,516
73405,522
73406,524
73407,514
73408,518
73409,524
73410,516
73411,526
73412,520
73413,518
73414,518
73415,522
73416,516
73417,522
73418,524
73419,514
73420,524
73421,526
73422,520
73423,524
73424,520
73425,522
73426,526
73427,518
73428,516
73429,520
73430,526
73431,516
73432,524
73433,518
73434,520
73435,526
73436,526
73437,518
73438,522
73439,524
73440,518
73441,522
73442,516
73443,562
73444,520
73445,522
73446,526
73447,526
73448,520
73449,524
73450,520
73451,524
73452,522
73453,524
73454,520
73455,520
73456,518
73457,524
73458,516
73459,518
73460,524
73461,518
73462,526
73463,522
73464,512
73465,524
73466,524
73467,520
73468,526
73469,526
73470,522
73471,526
73472,518
73473,514
73474,524
73475,526
73476,516
73477,522
73478,526
73479,518
73480,524
73481,518
73482,522
73483,520
73484,524
73485,516
73486,522
73487,520
73488,518
73489,520
73490,522
73491,516
73492,524
73493,520
73494,514
73495,522
73496,524
73497,514
73498,518
73499,520
73500,514
73501,518
73502,524
73503,516
73504,522
73505,518
73506,518
73507,526
73508,518
73509,516
73510,522
73511,522
73512,516
73513,518
73514,522
73515,514
73516,524
73517,516
73518,516
73519,520
73520,520
73521,520
73522,518
73523,520
73524,520
73525,520
73526,522
73527,518
73528,522
73529,520
73530,520
73531,536
73532,518
73533,518
73534,524
73535,522
73536,520
73537,520
73538,522
73539,512
73540,520
73541,520
73542,514
73543,518
73544,520
73545,518
73546,522
73547,524
73548,516
73549,520
73550,524
73551,514
73552,524
73553,526
73554,520
73555,522
73556,526
73557,518
73558,524
73559,522
73560,516
73561,526
73562,526
73563,522
73564,522
73565,518
73566,518
73567,524
73568,520
73569,524
73570,520
73571,528
73572,516
73573,522
73574,522
73575,516
73576,520
73577,524
73578,516
73579,520
73580,526
73581,518
73582,524
73583,520
73584,518
73585,524
73586,524
73587,516
73588,520
73589,520
73590,518
73591,520
73592,520
73593,516
73594,562
73595,524
73596,520
73597,524
73598,522
73599,520
73600,518
73601,566
73602,516
73603,524
73604,516
73605,532
73606,516
73607,520
73608,518
73609,516
73610,516
73611,518
73612,520
73613,520
73614,514
73615,520
73616,522
73617,520
73618,518
73619,524
73620,518
73621,520
73622,518
73623,516
73624,524
73625,524
73626,518
73627,522
73628,514
73629,514
73630,524
73631,524
73632,520
73633,522
73634,522
73635,520
73636,516
73637,524
73638,518
73639,562
73640,518
73641,514
73642,516
73643,526
73644,518
73645,522
73646,516
73647,516
73648,522
73649,524
73650,516
73651,516
73652,520
73653,518
73654,518
73655,524
73656,520
73657,520
73658,524
73659,516
73660,524
73661,520
73662,518
73663,520
73664,522
73665,520
73666,522
73667,522
73668,520
73669,522
73670,524
73671,516
73672,522
73673,524
73674,516
73675,524
73676,524
73677,520
73678,518
73679,522
73680,522
73681,518
73682,520
73683,522
73684,522
73685,518
73686,522
73687,528
73688,520
73689,520
73690,524
73691,526
73692,518
73693,524
73694,524
73695,522
73696,520
73697,522
73698,518
73699,522
73700,522
73701,522
73702,524
73703,524
73704,520
73705,520
73706,522
73707,520
73708,520
73709,518
73710,522
73711,524
73712,520
73713,516
73714,520
73715,524
73716,520
73717,516
73718,518
73719,518
73720,524
73721,524
73722,514
73723,522
73724,522
73725,514
73726,520
73727,520
73728,518
73729,524
73730,520
73731,514
73732,522
73733,520
73734,520
73735,522
73736,518
73737,512
73738,520
73739,522
73740,516
73741,518
73742,522
73743,518
73744,524
73745,522
73746,512
73747,520
73748,520
73749,512
73750,522
73751,518
73752,562
73753,520
73754,518
73755,520
73756,520
73757,524
73758,516
73759,520
73760,526
73761,514
73762,518
73763,524
73764,518
73765,524
73766,518
73767,514
73768,522
73769,518
73770,514
73771,524
73772,520
73773,516
73774,522
73775,520
73776,520
73777,524
73778,516
73779,514
73780,522
73781,516
73782,516
73783,524
73784,522
73785,516
73786,524
73787,524
73788,522
73789,526
73790,520
73791,520
73792,522
73793,520
73794,520
73795,516
73796,526
73797,516
73798,518
73799,522
73800,520
73801,524
73802,522
73803,514
73804,524
73805,518
73806,520
73807,522
73808,528
73809,524
73810,522
73811,518
73812,520
73813,524
73814,524
73815,522
73816,566
73817,518
73818,518
73819,526
73820,518
73821,522
73822,522
73823,524
73824,518
73825,520
73826,522
73827,514
73828,522
73829,522
73830,514
73831,522
73832,522
73833,516
73834,524
73835,518
73836,522
73837,520
73838,520
73839,518
73840,518
73841,518
73842,520
73843,520
73844,520
73845,514
73846,516
73847,524
73848,512
73849,522
73850,518
73851,516
73852,522
73853,522
73854,522
73855,522
73856,518
73857,514
73858,524
73859,520
73860,516
73861,520
73862,524
73863,516
73864,520
73865,520
73866,518
73867,522
73868,522
73869,512
73870,520
73871,522
73872,512
73873,524
73874,518
73875,514
73876,520
73877,520
73878,558
73879,520
73880,522
73881,514
73882,518
73883,520
73884,520
73885,518
73886,524
73887,518
73888,520
73889,524
73890,522
73891,524
73892,520
73893,518
73894,524
73895,522
73896,518
73897,518
73898,524
73899,520
73900,524
73901,522
73902,520
73903,524
73904,522
73905,516
73906,522
73907,524
73908,520
73909,522
73910,522
73911,518
73912,526
73913,522
73914,520
73915,520
73916,520
73917,520
73918,524
73919,524
73920,516
73921,522
73922,518
73923,514
73924,520
73925,526
73926,516
73927,518
73928,520
73929,516
73930,524
73931,526
73932,518
73933,524
73934,522
73935,516
73936,526
73937,520
73938,522
73939,524
73940,522
73941,520
73942,526
73943,524
73944,520
73945,524
73946,524
73947,516
73948,518
73949,520
73950,520
73951,524
73952,524
73953,520
73954,518
73955,520
73956,520
73957,518
73958,518
73959,520
73960,526
73961,524
73962,512
73963,522
73964,520
73965,518
73966,522
73967,520
73968,520
73969,518
73970,522
73971,580
73972,522
73973,524
73974,520
73975,522
73976,516
73977,516
73978,524
73979,526
73980,516
73981,524
73982,524
73983,520
73984,520
73985,524
73986,518
73987,522
73988,520
73989,514
73990,518
73991,522
73992,516
73993,520
73994,518
73995,518
73996,518
73997,520
73998,512
73999,520
74000,522
74001,518
74002,520
74003,520
74004,516
74005,518
74006,520
74007,520
74008,520
74009,518
74010,520
74011,568
74012,524
74013,526
74014,528
74015,518
74016,520
74017,524
74018,534
74019,520
74020,518
74021,518
74022,520
74023,524
74024,522
74025,518
74026,524
74027,524
74028,522
74029,524
74030,524
74031,520
74032,524
74033,520
74034,520
74035,518
74036,518
74037,520
74038,520
74039,520
74040,524
74041,526
74042,518
74043,524
74044,520
74045,520
74046,528
74047,526
74048,514
74049,518
74050,520
74051,516
74052,524
74053,516
74054,522
74055,520
74056,524
74057,518
74058,520
74059,522
74060,516
74061,540
74062,524
74063,518
74064,520
74065,524
74066,518
74067,524
74068,522
74069,516
74070,522
74071,518
74072,516
74073,520
74074,522
74075,520
74076,524
74077,520
74078,512
74079,518
74080,524
74081,520
74082,524
74083,520
74084,516
74085,526
74086,524
74087,518
74088,516
74089,522
74090,516
74091,520
74092,522
74093,516
74094,520
74095,522
74096,514
74097,520
74098,520
74099,520
74100,518
74101,518
74102,518
74103,516
74104,522
74105,518
74106,524
74107,516
74108,518
74109,516
74110,522
74111,520
74112,522
74113,520
74114,518
74115,524
74116,522
74117,516
74118,520
74119,568
74120,516
74121,516
74122,522
74123,514
74124,516
74125,522
74126,520
74127,520
74128,518
74129,520
74130,522
74131,524
74132,514
74133,518
74134,524
74135,516
74136,522
74137,522
74138,512
74139,522
74140,526
74141,518
74142,518
74143,518
74144,514
74145,522
74146,518
74147,512
74148,520
74149,520
74150,518
74151,524
74152,522
74153,520
74154,524
74155,518
74156,520
74157,520
74158,520
74159,514
74160,518
74161,520
74162,516
74163,522
74164,522
74165,518
74166,524
74167,520
74168,518
74169,520
74170,520
74171,514
74172,518
74173,522
74174,522
74175,526
74176,522
74177,520
74178,566
74179,518
74180,514
74181,524
74182,528
74183,516
74184,520
74185,524
74186,522
74187,524
74188,522
74189,518
74190,524
74191,522
74192,520
74193,526
74194,518
74195,518
74196,520
74197,522
74198,518
74199,520
74200,524
74201,520
74202,520
74203,524
74204,518
74205,520
74206,520
74207,520
74208,524
74209,516
74210,512
74211,520
74212,524
74213,514
74214,516
74215,518
74216,516
74217,528
74218,524
74219,516
74220,520
74221,522
74222,518
74223,522
74224,520
74225,518
74226,520
74227,522
74228,518
74229,516
74230,522
74231,516
74232,522
74233,520
74234,518
74235,518
74236,520
74237,520
74238,562
74239,524
74240,512
74241,522
74242,520
74243,516
74244,518
74245,520
74246,518
74247,518
74248,518
74249,514
74250,520
74251,524
74252,514
74253,516
74254,518
74255,518
74256,518
74257,516
74258,514
74259,516
74260,520
74261,514
74262,524
74263,524
74264,514
74265,524
74266,520
74267,514
74268,522
74269,518
74270,514
74271,518
74272,518
74273,514
74274,522
74275,522
74276,516
74277,520
74278,520
74279,518
74280,524
74281,520
74282,516
74283,520
74284,522
74285,520
74286,520
74287,524
74288,520
74289,524
74290,518
74291,516
74292,522
74293,522
74294,516
74295,520
74296,520
74297,520
74298,520
74299,582
74300,522
74301,522
74302,520
74303,520
74304,524
74305,518
74306,514
74307,528
74308,524
74309,520
74310,526
74311,522
74312,520
74313,522
74314,522
74315,516
74316,520
74317,524
74318,516
74319,520
74320,526
74321,522
74322,522
74323,518
74324,512
74325,524
74326,520
74327,518
74328,520
74329,528
74330,516
74331,522
74332,526
74333,514
74334,522
74335,524
74336,522
74337,526
74338,518
74339,518
74340,524
74341,524
74342,518
74343,524
74344,522
74345,520
74346,524
74347,526
74348,516
74349,518
74350,524
74351,516
74352,520
74353,520
74354,520
74355,520
74356,518
74357,516
74358,522
74359,516
74360,518
74361,520
74362,522
74363,514
74364,524
74365,522
74366,518
74367,524
74368,522
74369,510
74370,524
74371,516
74372,518
74373,520
74374,518
74375,514
74376,562
74377,520
74378,518
74379,522
74380,518
74381,518
74382,518
74383,520
74384,516
74385,524
74386,518
74387,514
74388,522
74389,524
74390,516
74391,522
74392,516
74393,520
74394,520
74395,524
74396,512
74397,516
74398,524
74399,518
74400,520
74401,520
74402,522
74403,520
74404,520
74405,514
74406,524
74407,520
74408,518
74409,524
74410,524
74411,512
74412,522
74413,524
74414,516
74415,522
74416,522
74417,516
74418,520
74419,520
74420,518
74421,566
74422,520
74423,522
74424,524
74425,522
74426,526
74427,526
74428,522
74429,528
74430,520
74431,514
74432,520
74433,524
74434,518
74435,528
74436,524
74437,516
74438,520
74439,520
74440,516
74441,518
74442,518
74443,518
74444,524
74445,520
74446,520
74447,518
74448,522
74449,524
74450,524
74451,516
74452,518
74453,520
74454,522
74455,516
74456,520
74457,516
74458,514
74459,526
74460,526
74461,516
74462,522
74463,518
74464,516
74465,520
74466,522
74467,514
74468,520
74469,522
74470,520
74471,518
74472,518
74473,518
74474,520
74475,518
74476,518
74477,520
74478,522
74479,514
74480,520
74481,518
74482,514
74483,520
74484,520
74485,520
74486,558
74487,520
74488,518
74489,522
74490,518
74491,512
74492,524
74493,524
74494,522
74495,516
74496,520
74497,520
74498,520
74499,518
74500,516
74501,520
74502,520
74503,514
74504,520
74505,522
74506,520
74507,516
74508,522
74509,524
74510,520
74511,522
74512,522
74513,526
74514,524
74515,516
74516,518
74517,520
74518,516
74519,524
74520,522
74521,516
74522,518
74523,522
74524,520
74525,518
74526,526
74527,518
74528,518
74529,516
74530,518
74531,518
74532,524
74533,516
74534,522
74535,520
74536,516
74537,520
74538,520
74539,518
74540,526
74541,524
74542,516
74543,522
74544,524
74545,564
74546,518
74547,520
74548,520
74549,526
74550,524
74551,520
74552,522
74553,520
74554,514
74555,524
74556,528
74557,514
74558,522
74559,524
74560,522
74561,524
74562,526
74563,516
74564,526
74565,518
74566,516
74567,522
74568,524
74569,516
74570,522
74571,518
74572,518
74573,524
74574,520
74575,516
74576,524
74577,522
74578,514
74579,520
74580,518
74581,516
74582,524
74583,520
74584,516
74585,524
74586,524
74587,518
74588,524
74589,516
74590,516
74591,522
74592,524
74593,512
74594,518
74595,518
74596,516
74597,522
74598,522
74599,520
74600,522
74601,526
74602,516
74603,516
74604,560
74605,516
74606,514
74607,522
74608,512
74609,520
74610,518
74611,516
74612,522
74613,516
74614,520
74615,520
74616,524
74617,512
74618,520
74619,518
74620,520
74621,518
74622,522
74623,516
74624,516
74625,524
74626,520
74627,524
74628,522
74629,516
74630,520
74631,518
74632,518
74633,522
74634,520
74635,516
74636,526
74637,524
74638,520
74639,516
74640,524
74641,520
74642,518
74643,524
74644,518
74645,522
74646,520
74647,518
74648,520
74649,516
74650,516
74651,518
74652,526
74653,516
74654,524
74655,520
74656,516
74657,524
74658,522
74659,520
74660,520
74661,526
74662,520
74663,524
74664,522
74665,520
74666,526
74667,522
74668,524
74669,520
74670,524
74671,516
74672,524
74673,520
74674,522
74675,528
74676,520
74677,516
74678,520
74679,524
74680,516
74681,526
74682,522
74683,520
74684,520
74685,526
74686,516
74687,518
74688,520
74689,518
74690,526
74691,518
74692,520
74693,522
74694,522
74695,520
74696,520
74697,518
74698,518
74699,524
74700,524
74701,514
74702,520
74703,518
74704,518
74705,516
74706,520
74707,516
74708,524
74709,522
74710,516
74711,522
74712,526
74713,514
74714,524
74715,526
74716,514
74717,542
74718,526
74719,520
74720,524
74721,524
74722,512
74723,524
74724,522
74725,516
74726,518
74727,520
74728,516
74729,520
74730,522
74731,520
74732,522
74733,522
74734,512
74735,518
74736,520
74737,520
74738,520
74739,516
74740,520
74741,518
74742,518
74743,518
74744,524
74745,520
74746,518
74747,518
74748,524
74749,512
74750,522
74751,522
74752,512
74753,522
74754,526
74755,516
74756,518
74757,518
74758,518
74759,522
74760,522
74761,516
74762,526
74763,520
74764,516
74765,524
74766,520
74767,518
74768,520
74769,520
74770,520
74771,522
74772,522
74773,520
74774,562
74775,520
74776,516
74777,520
74778,520
74779,518
74780,522
74781,526
74782,518
74783,522
74784,522
74785,518
74786,522
74787,522
74788,520
74789,516
74790,522
74791,518
74792,520
74793,522
74794,518
74795,526
74796,516
74797,520
74798,526
74799,524
74800,516
74801,522
74802,526
74803,520
74804,522
74805,524
74806,518
74807,520
74808,520
74809,522
74810,524
74811,524
74812,520
74813,526
74814,526
74815,514
74816,524
74817,520
74818,518
74819,524
74820,522
74821,516
74822,518
74823,524
74824,514
74825,520
74826,520
74827,514
74828,522
74829,518
74830,568
74831,524
74832,524
74833,538
74834,522
74835,526
74836,514
74837,522
74838,522
74839,520
74840,518
74841,520
74842,520
74843,522
74844,524
74845,516
74846,522
74847,522
74848,512
74849,522
74850,522
74851,518
74852,518
74853,520
74854,516
74855,522
74856,520
74857,520
74858,524
74859,528
74860,520
74861,524
74862,524
74863,516
74864,518
74865,518
74866,518
74867,522
74868,522
74869,518
74870,522
74871,526
74872,514
74873,518
74874,520
74875,518
74876,522
74877,522
74878,516
74879,512
74880,520
74881,562
74882,516
74883,516
74884,516
74885,520
74886,520
74887,514
74888,524
74889,520
74890,518
74891,522
74892,524
74893,516
74894,518
74895,522
74896,516
74897,524
74898,522
74899,518
74900,520
74901,518
74902,516
74903,526
74904,526
74905,520
74906,522
74907,520
74908,516
74909,520
74910,520
74911,522
74912,522
74913,520
74914,518
74915,522
74916,518
74917,518
74918,524
74919,522
74920,518
74921,524
74922,524
74923,520
74924,522
74925,520
74926,514
74927,520
74928,522
74929,516
74930,526
74931,522
74932,522
74933,516
74934,524
74935,514
74936,524
74937,522
74938,516
74939,522
74940,524
74941,520
74942,520
74943,564
74944,518
74945,520
74946,518
74947,514
74948,522
74949,524
74950,518
74951,518
74952,518
74953,524
74954,522
74955,524
74956,516
74957,516
74958,524
74959,518
74960,520
74961,524
74962,514
74963,518
74964,518
74965,512
74966,522
74967,522
74968,514
74969,520
74970,524
74971,520
74972,524
74973,518
74974,514
74975,518
74976,516
74977,514
74978,524
74979,516
74980,514
74981,516
74982,520
74983,518
74984,522
74985,522
74986,518
74987,524
74988,518
74989,514
74990,524
74991,522
74992,520
74993,514
74994,522
74995,516
74996,518
74997,520
74998,518
74999,516
75000,520
75001,516
75002,520
75003,518
75004,514
75005,520
75006,520
75007,522
75008,524
75009,522
75010,518
75011,524
75012,526
75013,512
75014,524
75015,522
75016,520
75017,522
75018,522
75019,516
75020,522
75021,524
75022,516
75023,516
75024,520
75025,520
75026,518
75027,520
75028,520
75029,584
75030,522
75031,518
75032,526
75033,526
75034,520
75035,520
75036,526
75037,520
75038,524
75039,522
75040,520
75041,524
75042,524
75043,520
75044,522
75045,520
75046,516
75047,520
75048,520
75049,514
75050,520
75051,520
75052,522
75053,520
75054,524
75055,516
75056,520
75057,522
75058,518
75059,526
75060,522
75061,518
75062,518
75063,522
75064,516
75065,524
75066,526
75067,516
75068,524
75069,520
75070,522
75071,516
75072,518
75073,516
75074,524
75075,524
75076,516
75077,524
75078,518
75079,520
75080,522
75081,520
75082,518
75083,518
75084,520
75085,514
75086,518
75087,520
75088,514
75089,520
75090,522
75091,520
75092,520
75093,522
75094,514
75095,524
75096,516
75097,520
75098,524
75099,524
75100,518
75101,522
75102,518
75103,520
75104,520
75105,522
75106,514
75107,524
75108,522
75109,516
75110,518
75111,516
75112,520
75113,520
75114,518
75115,516
75116,522
75117,518
75118,514
75119,516
75120,522
75121,520
75122,518
75123,516
75124,518
75125,524
75126,518
75127,520
75128,524
75129,524
75130,516
75131,520
75132,520
75133,518
75134,524
75135,520
75136,514
75137,520
75138,516
75139,518
75140,522
75141,560
75142,516
75143,520
75144,526
75145,516
75146,522
75147,522
75148,514
75149,518
75150,522
75151,516
75152,522
75153,518
75154,520
75155,524
75156,520
75157,514
75158,522
75159,522
75160,518
75161,524
75162,524
75163,516
75164,522
75165,524
75166,516
75167,524
75168,520
75169,512
75170,522
75171,518
75172,518
75173,522
75174,526
75175,518
75176,520
75177,520
75178,518
75179,522
75180,522
75181,514
75182,524
75183,522
75184,516
75185,518
75186,522
75187,518
75188,526
75189,524
75190,516
75191,524
75192,524
75193,512
75194,522
75195,524
75196,516
75197,518
75198,518
75199,518
75200,520
75201,520
75202,518
75203,564
75204,522
75205,518
75206,520
75207,520
75208,518
75209,524
75210,524
75211,520
75212,524
75213,524
75214,516
75215,520
75216,518
75217,516
75218,520
75219,518
75220,514
75221,526
75222,520
75223,518
75224,522
75225,518
75226,520
75227,520
75228,520
75229,520
75230,518
75231,520
75232,512
75233,522
75234,518
75235,516
75236,520
75237,520
75238,518
75239,520
75240,568
75241,524
75242,524
75243,526
75244,524
75245,518
75246,524
75247,520
75248,520
75249,516
75250,516
75251,528
75252,516
75253,532
75254,522
75255,522
75256,518
75257,518
75258,524
75259,512
75260,520
75261,522
75262,516
75263,522
75264,520
75265,516
75266,520
75267,522
75268,520
75269,524
75270,518
75271,514
75272,518
75273,522
75274,520
75275,524
75276,524
75277,520
75278,522
75279,518
75280,520
75281,518
75282,518
75283,518
75284,524
75285,524
75286,522
75287,522
75288,526
75289,516
75290,518
75291,524
75292,516
75293,526
75294,538
75295,520
75296,528
75297,526
75298,518
75299,524
75300,520
75301,520
75302,518
75303,524
75304,518
75305,520
75306,520
75307,520
75308,518
75309,522
75310,520
75311,524
75312,518
75313,518
75314,520
75315,520
75316,512
75317,520
75318,524
75319,522
75320,518
75321,526
75322,516
75323,524
75324,516
75325,520
75326,520
75327,518
75328,518
75329,524
75330,522
75331,520
75332,524
75333,518
75334,518
75335,520
75336,522
75337,514
75338,522
75339,524
75340,520
75341,522
75342,524
75343,520
75344,520
75345,524
75346,514
75347,520
75348,518
75349,512
75350,524
75351,522
75352,514
75353,524
75354,520
75355,514
75356,524
75357,516
75358,514
75359,522
75360,522
75361,520
75362,524
75363,522
75364,516
75365,520
75366,518
75367,516
75368,520
75369,524
75370,516
75371,524
75372,524
75373,522
75374,520
75375,526
75376,514
75377,524
75378,516
75379,520
75380,522
75381,520
75382,516
75383,528
75384,524
75385,536
75386,526
75387,520
75388,520
75389,524
75390,516
75391,514
75392,520
75393,524
75394,518
75395,524
75396,518
75397,520
75398,524
75399,526
75400,516
75401,522
75402,522
75403,522
75404,524
75405,520
75406,520
75407,524
75408,526
75409,520
75410,518
75411,522
75412,514
75413,526
75414,522
75415,514
75416,528
75417,524
75418,518
75419,524
75420,526
75421,518
75422,526
75423,522
75424,514
75425,528
75426,522
75427,520
75428,516
75429,516
75430,516
75431,524
75432,524
75433,516
75434,520
75435,516
75436,514
75437,518
75438,520
75439,522
75440,524
75441,522
75442,516
75443,556
75444,524
75445,518
75446,524
75447,524
75448,514
75449,518
75450,518
75451,516
75452,522
75453,522
75454,516
75455,520
75456,522
75457,514
75458,522
75459,520
75460,518
75461,518
75462,524
75463,516
75464,518
75465,520
75466,514
75467,526
75468,524
75469,516
75470,522
75471,520
75472,518
75473,518
75474,522
75475,516
75476,518
75477,516
75478,518
75479,512
75480,518
75481,520
75482,524
75483,518
75484,520
75485,520
75486,522
75487,512
75488,522
75489,522
75490,520
75491,518
75492,524
75493,516
75494,520
75495,522
75496,516
75497,518
75498,562
75499,518
75500,518
75501,520
75502,518
75503,524
75504,522
75505,522
75506,526
75507,522
75508,516
75509,528
75510,524
75511,518
75512,522
75513,518
75514,522
75515,522
75516,518
75517,516
75518,518
75519,518
75520,520
75521,520
75522,520
75523,518
75524,518
75525,524
75526,520
75527,526
75528,520
75529,518
75530,518
75531,528
75532,516
75533,520
75534,520
75535,516
75536,526
75537,522
75538,520
75539,522
75540,522
75541,522
75542,524
75543,526
75544,520
75545,520
75546,522
75547,522
75548,524
75549,522
75550,514
75551,522
75552,524
75553,516
75554,522
75555,520
75556,560
75557,516
75558,520
75559,520
75560,518
75561,516
75562,520
75563,520
75564,524
75565,518
75566,522
75567,522
75568,518
75569,520
75570,516
75571,516
75572,518
75573,522
75574,520
75575,522
75576,520
75577,512
75578,518
75579,518
75580,520
75581,520
75582,522
75583,518
75584,520
75585,520
75586,514
75587,518
75588,522
75589,516
75590,520
75591,516
75592,512
75593,518
75594,524
75595,516
75596,518
75597,522
75598,520
75599,520
75600,522
75601,518
75602,520
75603,520
75604,518
75605,520
75606,522
75607,512
75608,520
75609,514
75610,516
75611,522
75612,524
75613,512
75614,522
75615,522
75616,518
75617,518
75618,518
75619,522
75620,522
75621,522
75622,520
75623,524
75624,520
75625,520
75626,520
75627,522
75628,520
75629,520
75630,516
75631,522
75632,518
75633,524
75634,518
75635,522
75636,524
75637,516
75638,526
75639,518
75640,514
75641,520
75642,522
75643,518
75644,520
75645,522
75646,516
75647,522
75648,524
75649,562
75650,526
75651,526
75652,514
75653,534
75654,522
75655,524
75656,518
75657,524
75658,518
75659,526
75660,518
75661,522
75662,526
75663,522
75664,522
75665,524
75666,524
75667,516
75668,518
75669,520
75670,516
75671,524
75672,520
75673,520
75674,524
75675,524
75676,514
75677,524
75678,524
75679,520
75680,518
75681,520
75682,514
75683,518
75684,524
75685,514
75686,520
75687,522
75688,520
75689,520
75690,522
75691,518
75692,524
75693,520
75694,518
75695,518
75696,524
75697,514
75698,518
75699,522
75700,514
75701,524
75702,522
75703,514
75704,522
75705,520
75706,520
75707,522
75708,520
75709,518
75710,518
75711,524
75712,514
75713,516
75714,522
75715,520
75716,520
75717,520
75718,516
75719,520
75720,522
75721,516
75722,560
75723,514
75724,518
75725,516
75726,520
75727,516
75728,524
75729,522
75730,520
75731,520
75732,524
75733,516
75734,522
75735,522
75736,516
75737,522
75738,520
75739,514
75740,520
75741,524
75742,520
75743,516
75744,520
75745,520
75746,522
75747,520
75748,516
75749,518
75750,522
75751,520
75752,518
75753,524
75754,518
75755,524
75756,520
75757,514
75758,520
75759,518
75760,514
75761,524
75762,522
75763,512
75764,518
75765,520
75766,520
75767,524
75768,524
75769,520
75770,520
75771,520
75772,522
75773,526
75774,520
75775,518
75776,518
75777,522
75778,516
75779,518
75780,524
75781,516
75782,524
75783,518
75784,520
75785,520
75786,564
75787,520
75788,520
75789,522
75790,514
75791,522
75792,522
75793,514
75794,522
75795,522
75796,516
75797,516
75798,518
75799,514
75800,522
75801,516
75802,516
75803,522
75804,524
75805,516
75806,518
75807,520
75808,516
75809,518
75810,524
75811,512
75812,520
75813,520
75814,518
75815,518
75816,524
75817,520
75818,518
75819,524
75820,516
75821,520
75822,520
75823,512
75824,522
75825,520
75826,518
75827,516
75828,516
75829,520
75830,518
75831,518
75832,518
75833,522
75834,518
75835,518
75836,520
75837,518
75838,512
75839,524
75840,522
75841,514
75842,522
75843,522
75844,514
75845,520
75846,518
75847,514
75848,514
75849,516
75850,512
75851,522
75852,520
75853,518
75854,516
75855,520
75856,560
75857,516
75858,516
75859,520
75860,522
75861,518
75862,518
75863,522
75864,522
75865,514
75866,526
75867,522
75868,518
75869,520
75870,526
75871,522
75872,516
75873,516
75874,518
75875,518
75876,522
75877,520
75878,518
75879,518
75880,520
75881,524
75882,524
75883,518
75884,518
75885,522
75886,518
75887,516
75888,518
75889,518
75890,518
75891,520
75892,520
75893,520
75894,524
75895,514
75896,516
75897,524
75898,522
75899,520
75900,524
75901,518
75902,522
75903,522
75904,520
75905,516
75906,520
75907,522
75908,526
75909,520
75910,522
75911,526
75912,524
75913,518
75914,558
75915,524
75916,520
75917,522
75918,518
75919,518
75920,520
75921,524
75922,516
75923,524
75924,522
75925,520
75926,524
75927,522
75928,520
75929,520
75930,518
75931,520
75932,524
75933,518
75934,518
75935,518
75936,524
75937,518
75938,518
75939,520
75940,516
75941,524
75942,524
75943,516
75944,524
75945,522
75946,520
75947,524
75948,520
75949,516
75950,516
75951,522
75952,520
75953,520
75954,516
75955,516
75956,522
75957,516
75958,516
75959,520
75960,524
75961,516
75962,524
75963,524
75964,510
75965,518
75966,520
75967,514
75968,522
75969,520
75970,520
75971,516
75972,524
75973,514
75974,522
75975,516
75976,512
75977,518
75978,522
75979,520
75980,522
75981,522
75982,518
75983,522
75984,524
75985,518
75986,520
75987,518
75988,512
75989,524
75990,518
75991,520
75992,520
75993,520
75994,518
75995,518
75996,516
75997,516
75998,518
75999,524
76000,520
76001,522
76002,518
76003,518
76004,522
76005,522
76006,516
76007,520
76008,524
76009,522
76010,518
76011,518
76012,514
76013,524
76014,518
76015,556
76016,526
76017,526
76018,522
76019,518
76020,524
76021,518
76022,522
76023,516
76024,520
76025,524
76026,518
76027,520
76028,518
76029,518
76030,520
76031,522
76032,526
76033,520
76034,518
76035,520
76036,514
76037,520
76038,524
76039,520
76040,526
76041,522
76042,520
76043,522
76044,518
76045,520
76046,524
76047,524
76048,512
76049,524
76050,520
76051,516
76052,520
76053,522
76054,518
76055,522
76056,520
76057,516
76058,524
76059,564
76060,518
76061,520
76062,522
76063,570
76064,524
76065,512
76066,528
76067,522
76068,524
76069,520
76070,522
76071,522
76072,516
76073,518
76074,520
76075,518
76076,518
76077,524
76078,514
76079,516
76080,518
76081,516
76082,520
76083,516
76084,516
76085,514
76086,524
76087,514
76088,520
76089,518
76090,518
76091,524
76092,518
76093,520
76094,518
76095,520
76096,520
76097,524
76098,524
76099,514
76100,520
76101,522
76102,516
76103,524
76104,524
76105,514
76106,520
76107,516
76108,514
76109,520
76110,522
76111,516
76112,522
76113,520
76114,514
76115,524
76116,520
76117,520
76118,526
76119,520
76120,514
76121,562
76122,522
76123,516
76124,522
76125,516
76126,520
76127,520
76128,522
76129,516
76130,522
76131,524
76132,516
76133,518
76134,518
76135,518
76136,522
76137,528
76138,516
76139,522
76140,522
76141,520
76142,522
76143,522
76144,520
76145,526
76146,520
76147,518
76148,520
76149,524
76150,516
76151,522
76152,524
76153,514
76154,518
76155,520
76156,520
76157,520
76158,520
76159,514
76160,524
76161,524
76162,520
76163,522
76164,520
76165,516
76166,520
76167,524
76168,520
76169,522
76170,526
76171,520
76172,520
76173,522
76174,514
76175,520
76176,560
76177,514
76178,520
76179,524
76180,516
76181,518
76182,518
76183,520
76184,524
76185,524
76186,516
76187,524
76188,524
76189,512
76190,522
76191,524
76192,518
76193,518
76194,518
76195,520
76196,524
76197,516
76198,518
76199,524
76200,518
76201,518
76202,520
76203,524
76204,518
76205,524
76206,522
76207,516
76208,522
76209,516
76210,516
76211,524
76212,518
76213,518
76214,522
76215,514
76216,514
76217,520
76218,520
76219,518
76220,522
76221,526
76222,516
76223,524
76224,520
76225,520
76226,522
76227,518
76228,520
76229,518
76230,520
76231,520
76232,558
76233,524
76234,518
76235,526
76236,518
76237,514
76238,520
76239,522
76240,512
76241,518
76242,520
76243,514
76244,520
76245,520
76246,518
76247,520
76248,516
76249,518
76250,520
76251,516
76252,518
76253,522
76254,522
76255,516
76256,524
76257,522
76258,520
76259,518
76260,526
76261,518
76262,526
76263,516
76264,520
76265,522
76266,524
76267,518
76268,522
76269,520
76270,516
76271,520
76272,518
76273,522
76274,518
76275,524
76276,520
76277,522
76278,516
76279,518
76280,522
76281,518
76282,520
76283,526
76284,522
76285,520
76286,522
76287,524
76288,518
76289,534
76290,524
76291,520
76292,524
76293,524
76294,516
76295,526
76296,524
76297,522
76298,520
76299,520
76300,514
76301,522
76302,518
76303,518
76304,520
76305,520
76306,512
76307,514
76308,520
76309,514
76310,518
76311,524
76312,516
76313,518
76314,518
76315,514
76316,522
76317,522
76318,518
76319,520
76320,518
76321,518
76322,518
76323,522
76324,516
76325,524
76326,520
76327,512
76328,522
76329,520
76330,516
76331,522
76332,524
76333,518
76334,522
76335,518
76336,518
76337,518
76338,522
76339,514
76340,522
76341,518
76342,512
76343,516
76344,518
76345,518
76346,524
76347,520
76348,520
76349,560
76350,520
76351,516
76352,522
76353,524
76354,518
76355,520
76356,518
76357,514
76358,520
76359,522
76360,518
76361,522
76362,526
76363,516
76364,520
76365,520
76366,518
76367,520
76368,524
76369,516
76370,526
76371,520
76372,516
76373,520
76374,524
76375,522
76376,524
76377,524
76378,514
76379,524
76380,520
76381,520
76382,524
76383,526
76384,514
76385,522
76386,520
76387,516
76388,518
76389,524
76390,516
76391,524
76392,522
76393,516
76394,524
76395,520
76396,518
76397,524
76398,520
76399,520
76400,518
76401,528
76402,520
76403,524
76404,528
76405,520
76406,524
76407,524
76408,516
76409,522
76410,524
76411,530
76412,526
76413,524
76414,520
76415,522
76416,526
76417,520
76418,520
76419,524
76420,516
76421,518
76422,520
76423,520
76424,526
76425,524
76426,522
76427,520
76428,526
76429,522
76430,518
76431,524
76432,516
76433,522
76434,522
76435,512
76436,526
76437,522
76438,512
76439,518
76440,550
76441,520
76442,524
76443,520
76444,536
76445,518
76446,524
76447,516
76448,518
76449,518
76450,512
76451,518
76452,518
76453,514
76454,518
76455,522
76456,516
76457,520
76458,520
76459,512
76460,518
76461,520
76462,518
76463,522
76464,520
76465,514
76466,520
76467,528
76468,516
76469,564
76470,518
76471,516
76472,542
76473,512
76474,512
76475,512
76476,520
76477,516
76478,518
76479,522
76480,530
76481,516
76482,524
76483,524
76484,520
76485,524
76486,520
76487,520
76488,520
76489,524
76490,518
76491,522
76492,522
76493,514
76494,524
76495,524
76496,522
76497,522
76498,524
76499,522
76500,518
76501,528
76502,520
76503,518
76504,526
76505,518
76506,526
76507,524
76508,520
76509,520
76510,520
76511,518
76512,522
76513,520
76514,516
76515,520
76516,518
76517,516
76518,518
76519,522
76520,514
76521,524
76522,520
76523,516
76524,520
76525,526
76526,524
76527,522
76528,518
76529,558
76530,524
76531,522
76532,520
76533,520
76534,524
76535,518
76536,520
76537,518
76538,514
76539,520
76540,518
76541,514
76542,518
76543,518
76544,512
76545,518
76546,520
76547,518
76548,520
76549,520
76550,520
76551,516
76552,522
76553,516
76554,520
76555,520
76556,514
76557,524
76558,520
76559,518
76560,524
76561,522
76562,518
76563,518
76564,518
76565,518
76566,522
76567,520
76568,518
76569,524
76570,518
76571,512
76572,518
76573,522
76574,516
76575,524
76576,520
76577,518
76578,520
76579,522
76580,518
76581,520
76582,522
76583,518
76584,522
76585,518
76586,512
76587,518
76588,524
76589,516
76590,520
76591,534
76592,512
76593,520
76594,524
76595,516
76596,516
76597,520
76598,516
76599,522
76600,524
76601,514
76602,518
76603,524
76604,520
76605,526
76606,520
76607,516
76608,524
76609,518
76610,516
76611,522
76612,518
76613,514
76614,520
76615,522
76616,514
76617,520
76618,520
76619,520
76620,522
76621,522
76622,520
76623,522
76624,518
76625,520
76626,522
76627,524
76628,520
76629,528
76630,520
76631,518
76632,524
76633,526
76634,520
76635,520
76636,522
76637,518
76638,524
76639,522
76640,520
76641,524
76642,522
76643,524
76644,526
76645,524
76646,518
76647,524
76648,520
76649,516
76650,524
76651,520
76652,522
76653,560
76654,518
76655,514
76656,522
76657,520
76658,516
76659,522
76660,518
76661,514
76662,524
76663,518
76664,512
76665,520
76666,522
76667,518
76668,520
76669,524
76670,518
76671,524
76672,518
76673,516
76674,522
76675,518
76676,520
76677,520
76678,520
76679,518
76680,524
76681,520
76682,510
76683,522
76684,520
76685,520
76686,520
76687,516
76688,512
76689,524
76690,516
76691,516
76692,520
76693,518
76694,516
76695,518
76696,518
76697,512
76698,522
76699,520
76700,518
76701,520
76702,522
76703,516
76704,524
76705,516
76706,516
76707,522
76708,524
76709,514
76710,524
76711,520
76712,522
76713,520
76714,520
76715,520
76716,520
76717,532
76718,518
76719,522
76720,520
76721,518
76722,522
76723,522
76724,520
76725,518
76726,520
76727,518
76728,520
76729,524
76730,512
76731,518
76732,520
76733,520
76734,520
76735,524
76736,522
76737,524
76738,524
76739,514
76740,526
76741,524
76742,520
76743,524
76744,526
76745,516
76746,522
76747,524
76748,522
76749,518
76750,520
76751,516
76752,522
76753,524
76754,522
76755,520
76756,522
76757,520
76758,520
76759,524
76760,516
76761,524
76762,522
76763,516
76764,524
76765,524
76766,520
76767,526
76768,524
76769,520
76770,520
76771,518
76772,522
76773,524
76774,522
76775,516
76776,526
76777,518
76778,520
76779,560
76780,522
76781,518
76782,520
76783,524
76784,518
76785,520
76786,522
76787,518
76788,516
76789,522
76790,514
76791,520
76792,522
76793,522
76794,518
76795,520
76796,514
76797,524
76798,518
76799,520
76800,520
76801,518
76802,520
76803,522
76804,520
76805,514
76806,516
76807,520
76808,516
76809,518
76810,516
76811,514
76812,516
76813,520
76814,516
76815,524
76816,524
76817,516
76818,522
76819,518
76820,518
76821,516
76822,522
76823,520
76824,524
76825,520
76826,516
76827,518
76828,518
76829,514
76830,524
76831,518
76832,516
76833,524
76834,522
76835,518
76836,518
76837,518
76838,520
76839,524
76840,518
76841,520
76842,524
76843,516
76844,520
76845,560
76846,522
76847,514
76848,522
76849,522
76850,518
76851,516
76852,518
76853,514
76854,522
76855,520
76856,520
76857,522
76858,520
76859,522
76860,524
76861,522
76862,516
76863,520
76864,520
76865,518
76866,522
76867,522
76868,520
76869,524
76870,526
76871,520
76872,522
76873,516
76874,520
76875,524
76876,522
76877,514
76878,570
76879,518
76880,518
76881,520
76882,530
76883,524
76884,526
76885,526
76886,516
76887,516
76888,526
76889,522
76890,518
76891,522
76892,524
76893,518
76894,524
76895,526
76896,516
76897,524
76898,522
76899,516
76900,524
76901,526
76902,518
76903,526
76904,518
76905,516
76906,522
76907,524
76908,514
76909,518
76910,518
76911,520
76912,522
76913,522
76914,516
76915,522
76916,518
76917,516
76918,518
76919,526
76920,516
76921,524
76922,526
76923,518
76924,522
76925,522
76926,518
76927,522
76928,516
76929,518
76930,520
76931,524
76932,518
76933,522
76934,558
76935,514
76936,520
76937,520
76938,516
76939,520
76940,524
76941,516
76942,524
76943,520
76944,512
76945,522
76946,524
76947,516
76948,522
76949,520
76950,518
76951,518
76952,520
76953,512
76954,522
76955,522
76956,516
76957,522
76958,516
76959,518
76960,522
76961,518
76962,518
76963,524
76964,520
76965,518
76966,526
76967,518
76968,518
76969,524
76970,522
76971,520
76972,526
76973,524
76974,514
76975,518
76976,522
76977,516
76978,522
76979,520
76980,518
76981,516
76982,518
76983,520
76984,522
76985,518
76986,514
76987,524
76988,524
76989,516
76990,526
76991,518
76992,520
76993,526
76994,524
76995,516
76996,522
76997,524
76998,524
76999,568
77000,524
77001,520
77002,518
77003,524
77004,520
77005,524
77006,524
77007,520
77008,524
77009,524
77010,518
77011,524
77012,518
77013,520
77014,518
77015,520
77016,514
77017,522
77018,524
77019,518
77020,522
77021,518
77022,514
77023,522
77024,526
77025,518
77026,526
77027,524
77028,520
77029,520
77030,520
77031,520
77032,520
77033,520
77034,516
77035,518
77036,518
77037,514
77038,524
77039,524
77040,518
77041,522
77042,522
77043,514
77044,520
77045,516
77046,520
77047,518
77048,522
77049,518
77050,520
77051,522
77052,514
77053,524
77054,518
77055,514
77056,524
77057,522
77058,520
77059,522
77060,518
77061,520
77062,520
77063,522
77064,518
77065,516
77066,520
77067,512
77068,520
77069,516
77070,522
77071,516
77072,516
77073,516
77074,518
77075,520
77076,514
77077,520
77078,514
77079,518
77080,524
77081,522
77082,520
77083,522
77084,522
77085,520
77086,550
77087,520
77088,518
77089,522
77090,524
77091,520
77092,516
77093,520
77094,518
77095,524
77096,522
77097,518
77098,520
77099,526
77100,516
77101,524
77102,522
77103,522
77104,522
77105,526
77106,512
77107,524
77108,520
77109,518
77110,518
77111,522
77112,520
77113,524
77114,524
77115,522
77116,520
77117,518
77118,512
77119,516
77120,516
77121,520
77122,520
77123,520
77124,520
77125,518
77126,520
77127,514
77128,518
77129,528
77130,512
77131,518
77132,520
77133,516
77134,518
77135,524
77136,516
77137,520
77138,524
77139,518
77140,518
77141,516
77142,520
77143,520
77144,524
77145,534
77146,524
77147,526
77148,516
77149,520
77150,520
77151,520
77152,518
77153,524
77154,512
77155,524
77156,520
77157,520
77158,516
77159,522
77160,516
77161,522
77162,516
77163,516
77164,520
77165,520
77166,520
77167,520
77168,518
77169,512
77170,520
77171,518
77172,518
77173,520
77174,518
77175,518
77176,520
77177,522
77178,520
77179,522
77180,522
77181,520
77182,520
77183,518
77184,514
77185,522
77186,522
77187,518
77188,522
77189,524
77190,516
77191,516
77192,522
77193,516
77194,518
77195,524
77196,512
77197,518
77198,520
77199,518
77200,520
77201,518
77202,512
77203,522
77204,518
77205,556
77206,516
77207,520
77208,516
77209,522
77210,522
77211,516
77212,520
77213,524
77214,522
77215,518
77216,524
77217,520
77218,520
77219,518
77220,518
77221,526
77222,524
77223,518
77224,522
77225,522
77226,522
77227,524
77228,516
77229,516
77230,524
77231,524
77232,514
77233,522
77234,518
77235,514
77236,520
77237,516
77238,514
77239,524
77240,522
77241,520
77242,524
77243,524
77244,516
77245,518
77246,518
77247,518
77248,522
77249,524
77250,514
77251,520
77252,520
77253,522
77254,522
77255,526
77256,522
77257,526
77258,520
77259,516
77260,524
77261,518
77262,516
77263,522
77264,524
77265,522
77266,522
77267,516
77268,518
77269,520
77270,520
77271,516
77272,518
77273,518
77274,520
77275,520
77276,516
77277,518
77278,516
77279,522
77280,516
77281,518
77282,524
77283,520
77284,522
77285,522
77286,522
77287,524
77288,564
77289,520
77290,518
77291,522
77292,524
77293,516
77294,518
77295,528
77296,518
77297,516
77298,518
77299,526
77300,518
77301,520
77302,516
77303,516
77304,522
77305,518
77306,516
77307,524
77308,522
77309,514
77310,522
77311,524
77312,518
77313,518
77314,516
77315,516
77316,524
77317,516
77318,514
77319,520
77320,524
77321,516
77322,522
77323,520
77324,518
77325,522
77326,518
77327,514
77328,520
77329,522
77330,512
77331,526
77332,524
77333,512
77334,520
77335,522
77336,520
77337,518
77338,526
77339,514
77340,524
77341,518
77342,520
77343,518
77344,522
77345,514
77346,524
77347,520
77348,518
77349,518
77350,522
77351,522
77352,526
77353,524
77354,520
77355,526
77356,518
77357,518
77358,518
77359,518
77360,518
77361,522
77362,522
77363,516
77364,524
77365,524
77366,520
77367,522
77368,522
77369,520
77370,526
77371,518
77372,516
77373,524
77374,520
77375,518
77376,518
77377,526
77378,520
77379,524
77380,518
77381,516
77382,522
77383,580
77384,520
77385,518
77386,520
77387,518
77388,518
77389,524
77390,516
77391,518
77392,518
77393,522
77394,518
77395,522
77396,518
77397,518
77398,526
77399,520
77400,516
77401,520
77402,512
77403,522
77404,524
77405,520
77406,520
77407,520
77408,516
77409,520
77410,522
77411,518
77412,520
77413,524
77414,516
77415,520
77416,522
77417,516
77418,518
77419,524
77420,520
77421,520
77422,524
77423,520
77424,522
77425,522
77426,516
77427,522
77428,516
77429,520
77430,518
77431,520
77432,516
77433,518
77434,516
77435,516
77436,516
77437,524
77438,514
77439,520
77440,522
77441,554
77442,516
77443,518
77444,518
77445,524
77446,520
77447,518
77448,522
77449,520
77450,514
77451,520
77452,520
77453,520
77454,516
77455,518
77456,512
77457,526
77458,518
77459,514
77460,522
77461,524
77462,516
77463,518
77464,522
77465,516
77466,520
77467,520
77468,516
77469,522
77470,518
77471,518
77472,520
77473,520
77474,516
77475,518
77476,522
77477,518
77478,526
77479,524
77480,522
77481,520
77482,522
77483,516
77484,524
77485,518
77486,518
77487,522
77488,520
77489,512
77490,520
77491,524
77492,518
77493,520
77494,526
77495,520
77496,524
77497,518
77498,518
77499,562
77500,520
77501,520
77502,524
77503,524
77504,518
77505,518
77506,524
77507,518
77508,520
77509,518
77510,514
77511,524
77512,522
77513,520
77514,526
77515,524
77516,512
77517,526
77518,520
77519,516
77520,526
77521,518
77522,518
77523,522
77524,526
77525,520
77526,524
77527,524
77528,520
77529,520
77530,520
77531,520
77532,522
77533,518
77534,514
77535,524
77536,524
77537,514
77538,522
77539,522
77540,516
77541,524
77542,524
77543,520
77544,516
77545,518
77546,518
77547,522
77548,520
77549,520
77550,518
77551,522
77552,518
77553,518
77554,524
77555,514
77556,522
77557,516
77558,516
77559,560
77560,514
77561,520
77562,520
77563,518
77564,514
77565,520
77566,520
77567,518
77568,522
77569,520
77570,512
77571,524
77572,522
77573,518
77574,520
77575,522
77576,520
77577,518
77578,520
77579,518
77580,518
77581,522
77582,520
77583,524
77584,520
77585,518
77586,518
77587,516
77588,520
77589,524
77590,522
77591,514
77592,524
77593,524
77594,516
77595,522
77596,520
77597,518
77598,522
77599,524
77600,520
77601,518
77602,524
77603,520
77604,524
77605,526
77606,520
77607,520
77608,522
77609,516
77610,518
77611,522
77612,520
77613,524
77614,522
77615,518
77616,520
77617,574
77618,524
77619,520
77620,522
77621,518
77622,520
77623,524
77624,518
77625,522
77626,524
77627,518
77628,524
77629,522
77630,520
77631,518
77632,522
77633,514
77634,522
77635,524
77636,520
77637,522
77638,524
77639,520
77640,518
77641,522
77642,522
77643,520
77644,524
77645,514
77646,520
77647,522
77648,520
77649,524
77650,522
77651,518
77652,528
77653,520
77654,514
77655,520
77656,522
77657,514
77658,522
77659,516
77660,518
77661,524
77662,520
77663,518
77664,522
77665,520
77666,514
77667,516
77668,520
77669,514
77670,524
77671,522
77672,516
77673,522
77674,518
77675,572
77676,518
77677,520
77678,514
77679,518
77680,524
77681,514
77682,520
77683,518
77684,514
77685,518
77686,520
77687,518
77688,516
77689,516
77690,514
77691,524
77692,524
77693,512
77694,516
77695,522
77696,516
77697,556
77698,518
77699,522
77700,526
77701,524
77702,520
77703,520
77704,538
77705,522
77706,516
77707,522
77708,522
77709,514
77710,522
77711,524
77712,514
77713,524
77714,522
77715,514
77716,524
77717,522
77718,558
77719,520
77720,526
77721,518
77722,520
77723,520
77724,520
77725,524
77726,524
77727,520
77728,524
77729,524
77730,518
77731,524
77732,526
77733,514
77734,526
77735,526
77736,516
77737,520
77738,526
77739,516
77740,524
77741,518
77742,518
77743,526
77744,520
77745,520
77746,520
77747,518
77748,514
77749,524
77750,524
77751,520
77752,524
77753,524
77754,516
77755,520
77756,526
77757,520
77758,524
77759,528
77760,520
77761,524
77762,524
77763,514
77764,518
77765,520
77766,516
77767,524
77768,520
77769,520
77770,522
77771,522
77772,518
77773,520
77774,520
77775,520
77776,520
77777,542
77778,520
77779,520
77780,524
77781,516
77782,520
77783,516
77784,516
77785,522
77786,524
77787,514
77788,520
77789,524
77790,518
77791,516
77792,516
77793,516
77794,518
77795,518
77796,520
77797,520
77798,514
77799,514
77800,516
77801,516
77802,516
77803,518
77804,524
77805,516
77806,522
77807,518
77808,516
77809,516
77810,520
77811,518
77812,518
77813,522
77814,516
77815,520
77816,522
77817,512
77818,524
77819,522
77820,516
77821,522
77822,524
77823,520
77824,520
77825,522
77826,516
77827,520
77828,518
77829,520
77830,524
77831,524
77832,520
77833,516
77834,524
77835,520
77836,558
77837,522
77838,518
77839,518
77840,520
77841,516
77842,522
77843,526
77844,512
77845,524
77846,524
77847,518
77848,524
77849,524
77850,520
77851,522
77852,526
77853,522
77854,526
77855,520
77856,518
77857,520
77858,526
77859,520
77860,524
77861,518
77862,512
77863,522
77864,524
77865,518
77866,524
77867,522
77868,522
77869,528
77870,526
77871,516
77872,522
77873,524
77874,516
77875,524
77876,520
77877,516
77878,522
77879,524
77880,520
77881,520
77882,522
77883,518
77884,524
77885,522
77886,520
77887,518
77888,518
77889,520
77890,518
77891,516
77892,518
77893,524
77894,522
77895,516
77896,562
77897,522
77898,518
77899,520
77900,524
77901,518
77902,520
77903,520
77904,518
77905,522
77906,520
77907,520
77908,520
77909,520
77910,516
77911,524
77912,522
77913,520
77914,518
77915,524
77916,514
77917,516
77918,520
77919,518
77920,520
77921,526
77922,516
77923,526
77924,518
77925,518
77926,518
77927,518
77928,516
77929,520
77930,520
77931,518
77932,522
77933,518
77934,518
77935,518
77936,522
77937,516
77938,522
77939,522
77940,516
77941,520
77942,524
77943,512
77944,516
77945,518
77946,520
77947,520
77948,522
77949,520
77950,520
77951,522
77952,516
77953,526
77954,558
77955,520
77956,518
77957,520
77958,516
77959,524
77960,524
77961,520
77962,524
77963,520
77964,514
77965,524
77966,524
77967,518
77968,524
77969,524
77970,512
77971,526
77972,520
77973,522
77974,516
77975,520
77976,514
77977,520
77978,522
77979,518
77980,522
77981,520
77982,516
77983,518
77984,518
77985,516
77986,522
77987,518
77988,520
77989,522
77990,524
77991,518
77992,524
77993,522
77994,516
77995,524
77996,518
77997,516
77998,524
77999,522
78000,524
78001,518
78002,522
78003,520
78004,524
78005,520
78006,514
78007,522
78008,524
78009,514
78010,522
78011,522
78012,514
78013,562
78014,522
78015,520
78016,524
78017,524
78018,514
78019,518
78020,524
78021,518
78022,516
78023,522
78024,514
78025,520
78026,520
78027,518
78028,524
78029,524
78030,514
78031,522
78032,516
78033,518
78034,522
78035,516
78036,520
78037,522
78038,518
78039,514
78040,520
78041,520
78042,520
78043,516
78044,518
78045,518
78046,520
78047,520
78048,520
78049,524
78050,524
78051,516
78052,524
78053,522
78054,512
78055,518
78056,514
78057,518
78058,524
78059,516
78060,516
78061,518
78062,522
78063,514
78064,524
78065,520
78066,512
78067,520
78068,518
78069,514
78070,516
78071,522
78072,558
78073,518
78074,522
78075,520
78076,524
78077,522
78078,516
78079,524
78080,520
78081,516
78082,526
78083,520
78084,516
78085,522
78086,522
78087,516
78088,518
78089,518
78090,516
78091,518
78092,518
78093,520
78094,518
78095,522
78096,514
78097,520
78098,522
78099,516
78100,524
78101,524
78102,514
78103,522
78104,520
78105,516
78106,518
78107,568
78108,522
78109,528
78110,522
78111,524
78112,524
78113,522
78114,544
78115,528
78116,524
78117,514
78118,564
78119,524
78120,516
78121,522
78122,518
78123,522
78124,528
78125,526
78126,518
78127,520
78128,524
78129,514
78130,522
78131,520
78132,514
78133,524
78134,518
78135,516
78136,522
78137,524
78138,516
78139,524
78140,524
78141,518
78142,526
78143,524
78144,516
78145,524
78146,524
78147,516
78148,524
78149,522
78150,520
78151,524
78152,522
78153,514
78154,524
78155,518
78156,518
78157,524
78158,524
78159,512
78160,520
78161,524
78162,522
78163,522
78164,518
78165,520
78166,518
78167,524
78168,520
78169,524
78170,524
78171,518
78172,524
78173,520
78174,518
78175,520
78176,522
78177,516
78178,524
78179,522
78180,516
78181,522
78182,526
78183,514
78184,522
78185,522
78186,524
78187,522
78188,518
78189,520
78190,522
78191,524
78192,512
78193,522
78194,520
78195,512
78196,534
78197,520
78198,514
78199,518
78200,520
78201,518
78202,526
78203,518
78204,514
78205,520
78206,524
78207,520
78208,522
78209,518
78210,520
78211,524
78212,522
78213,518
78214,524
78215,522
78216,520
78217,528
78218,524
78219,522
78220,522
78221,520
78222,516
78223,520
78224,524
78225,520
78226,524
78227,528
78228,516
78229,524
78230,526
78231,518
78232,520
78233,520
78234,518
78235,526
78236,522
78237,514
78238,526
78239,526
78240,522
78241,520
78242,524
78243,522
78244,520
78245,522
78246,520
78247,524
78248,524
78249,518
78250,524
78251,518
78252,520
78253,518
78254,524
78255,560
78256,520
78257,524
78258,520
78259,524
78260,520
78261,520
78262,526
78263,520
78264,516
78265,524
78266,518
78267,520
78268,524
78269,522
78270,516
78271,520
78272,524
78273,518
78274,518
78275,518
78276,512
78277,518
78278,520
78279,512
78280,520
78281,522
78282,520
78283,526
78284,520
78285,514
78286,522
78287,518
78288,518
78289,524
78290,520
78291,516
78292,516
78293,518
78294,516
78295,516
78296,516
78297,518
78298,520
78299,520
78300,520
78301,522
78302,524
78303,516
78304,518
78305,520
78306,512
78307,520
78308,524
78309,520
78310,524
78311,522
78312,518
78313,560
78314,520
78315,516
78316,518
78317,524
78318,518
78319,522
78320,520
78321,516
78322,524
78323,516
78324,520
78325,522
78326,524
78327,522
78328,518
78329,524
78330,516
78331,524
78332,520
78333,516
78334,518
78335,520
78336,514
78337,524
78338,520
78339,516
78340,524
78341,524
78342,518
78343,524
78344,520
78345,520
78346,524
78347,520
78348,516
78349,524
78350,524
78351,516
78352,522
78353,526
78354,518
78355,524
78356,522
78357,520
78358,524
78359,522
78360,518
78361,526
78362,524
78363,520
78364,524
78365,524
78366,518
78367,522
78368,522
78369,520
78370,520
78371,522
78372,516
78373,524
78374,560
78375,520
78376,522
78377,522
78378,520
78379,524
78380,522
78381,520
78382,524
78383,520
78384,520
78385,524
78386,522
78387,520
78388,522
78389,522
78390,520
78391,520
78392,520
78393,522
78394,522
78395,522
78396,522
78397,526
78398,520
78399,520
78400,518
78401,524
78402,518
78403,524
78404,524
78405,516
78406,522
78407,520
78408,516
78409,520
78410,522
78411,520
78412,516
78413,520
78414,516
78415,520
78416,522
78417,514
78418,522
78419,520
78420,514
78421,518
78422,522
78423,518
78424,524
78425,522
78426,520
78427,522
78428,518
78429,516
78430,524
78431,520
78432,556
78433,518
78434,518
78435,518
78436,522
78437,520
78438,520
78439,524
78440,518
78441,518
78442,522
78443,522
78444,518
78445,520
78446,518
78447,520
78448,524
78449,522
78450,516
78451,522
78452,516
78453,516
78454,524
78455,526
78456,516
78457,522
78458,522
78459,516
78460,522
78461,524
78462,520
78463,520
78464,520
78465,518
78466,520
78467,524
78468,514
78469,524
78470,520
78471,516
78472,518
78473,526
78474,520
78475,518
78476,522
78477,520
78478,526
78479,522
78480,520
78481,524
78482,526
78483,518
78484,528
78485,524
78486,520
78487,520
78488,524
78489,524
78490,522
78491,524
78492,516
78493,522
78494,526
78495,518
78496,520
78497,524
78498,518
78499,526
78500,522
78501,516
78502,524
78503,528
78504,518
78505,536
78506,520
78507,516
78508,518
78509,520
78510,514
78511,520
78512,520
78513,516
78514,522
78515,520
78516,520
78517,568
78518,518
78519,518
78520,514
78521,530
78522,526
78523,514
78524,516
78525,520
78526,526
78527,514
78528,518
78529,520
78530,514
78531,522
78532,522
78533,518
78534,520
78535,520
78536,516
78537,522
78538,520
78539,516
78540,524
78541,518
78542,518
78543,518
78544,520
78545,514
78546,516
78547,524
78548,514
78549,516
78550,518
78551,578
78552,522
78553,516
78554,516
78555,520
78556,516
78557,516
78558,524
78559,520
78560,518
78561,516
78562,520
78563,520
78564,522
78565,516
78566,514
78567,524
78568,522
78569,522
78570,522
78571,516
78572,522
78573,522
78574,524
78575,514
78576,522
78577,524
78578,514
78579,520
78580,518
78581,516
78582,516
78583,518
78584,518
78585,524
78586,522
78587,512
78588,520
78589,522
78590,512
78591,526
78592,524
78593,520
78594,524
78595,522
78596,514
78597,518
78598,526
78599,520
78600,518
78601,526
78602,520
78603,518
78604,518
78605,518
78606,520
78607,518
78608,516
78609,544
78610,524
78611,518
78612,518
78613,520
78614,516
78615,524
78616,520
78617,516
78618,520
78619,522
78620,512
78621,522
78622,518
78623,520
78624,520
78625,516
78626,516
78627,518
78628,524
78629,522
78630,520
78631,520
78632,518
78633,524
78634,520
78635,520
78636,524
78637,522
78638,512
78639,520
78640,522
78641,518
78642,520
78643,520
78644,518
78645,522
78646,522
78647,514
78648,520
78649,518
78650,516
78651,522
78652,520
78653,514
78654,514
78655,522
78656,516
78657,518
78658,518
78659,512
78660,518
78661,524
78662,516
78663,518
78664,524
78665,532
78666,520
78667,518
78668,516
78669,524
78670,518
78671,520
78672,522
78673,518
78674,514
78675,518
78676,522
78677,516
78678,518
78679,520
78680,520
78681,524
78682,524
78683,518
78684,516
78685,522
78686,514
78687,518
78688,520
78689,518
78690,524
78691,524
78692,518
78693,524
78694,524
78695,512
78696,522
78697,522
78698,516
78699,520
78700,522
78701,520
78702,522
78703,520
78704,514
78705,520
78706,526
78707,516
78708,516
78709,520
78710,518
78711,520
78712,522
78713,518
78714,524
78715,520
78716,518
78717,522
78718,518
78719,514
78720,522
78721,524
78722,558
78723,522
78724,520
78725,520
78726,518
78727,522
78728,514
78729,520
78730,524
78731,516
78732,524
78733,528
78734,518
78735,518
78736,524
78737,520
78738,524
78739,524
78740,520
78741,526
78742,524
78743,518
78744,522
78745,520
78746,518
78747,526
78748,520
78749,522
78750,520
78751,530
78752,522
78753,522
78754,522
78755,512
78756,524
78757,520
78758,520
78759,520
78760,524
78761,520
78762,524
78763,518
78764,514
78765,520
78766,522
78767,512
78768,524
78769,524
78770,516
78771,522
78772,524
78773,514
78774,522
78775,524
78776,516
78777,516
78778,520
78779,558
78780,522
78781,518
78782,512
78783,524
78784,518
78785,514
78786,524
78787,522
78788,518
78789,516
78790,522
78791,512
78792,516
78793,520
78794,516
78795,522
78796,524
78797,512
78798,516
78799,522
78800,520
78801,516
78802,522
78803,520
78804,516
78805,524
78806,518
78807,518
78808,518
78809,518
78810,518
78811,520
78812,516
78813,522
78814,518
78815,520
78816,524
78817,522
78818,518
78819,518
78820,524
78821,516
78822,518
78823,522
78824,522
78825,524
78826,518
78827,518
78828,520
78829,524
78830,520
78831,518
78832,522
78833,516
78834,526
78835,522
78836,520
78837,524
78838,518
78839,560
78840,522
78841,518
78842,520
78843,520
78844,522
78845,514
78846,524
78847,524
78848,516
78849,522
78850,524
78851,514
78852,520
78853,526
78854,516
78855,522
78856,516
78857,524
78858,528
78859,520
78860,520
78861,526
78862,524
78863,524
78864,522
78865,524
78866,520
78867,522
78868,524
78869,520
78870,522
78871,520
78872,518
78873,526
78874,518
78875,520
78876,520
78877,520
78878,520
78879,518
78880,518
78881,518
78882,526
78883,518
78884,522
78885,518
78886,526
78887,520
78888,520
78889,524
78890,518
78891,526
78892,522
78893,520
78894,524
78895,520
78896,516
78897,516
78898,518
78899,510
78900,518
78901,524
78902,520
78903,524
78904,520
78905,520
78906,518
78907,516
78908,520
78909,516
78910,558
78911,518
78912,524
78913,522
78914,518
78915,520
78916,522
78917,520
78918,520
78919,524
78920,516
78921,518
78922,518
78923,520
78924,520
78925,518
78926,564
78927,520
78928,526
78929,522
78930,530
78931,520
78932,516
78933,518
78934,520
78935,516
78936,516
78937,520
78938,524
78939,514
78940,524
78941,518
78942,514
78943,524
78944,518
78945,528
78946,520
78947,518
78948,516
78949,520
78950,524
78951,520
78952,522
78953,520
78954,518
78955,524
78956,524
78957,518
78958,526
78959,522
78960,522
78961,524
78962,522
78963,516
78964,524
78965,524
78966,518
78967,522
78968,522
78969,554
78970,524
78971,526
78972,520
78973,522
78974,520
78975,518
78976,520
78977,526
78978,522
78979,518
78980,526
78981,520
78982,524
78983,520
78984,522
78985,516
78986,520
78987,520
78988,520
78989,522
78990,522
78991,520
78992,524
78993,514
78994,518
78995,526
78996,516
78997,522
78998,520
78999,518
79000,520
79001,522
79002,514
79003,524
79004,524
79005,516
79006,520
79007,524
79008,520
79009,522
79010,524
79011,520
79012,524
79013,520
79014,516
79015,520
79016,516
79017,518
79018,522
79019,526
79020,518
79021,524
79022,522
79023,518
79024,518
79025,522
79026,514
79027,520
79028,522
79029,518
79030,518
79031,520
79032,516
79033,522
79034,558
79035,514
79036,524
79037,518
79038,518
79039,520
79040,518
79041,510
79042,522
79043,524
79044,512
79045,546
79046,520
79047,524
79048,530
79049,518
79050,522
79051,520
79052,518
79053,520
79054,522
79055,522
79056,520
79057,522
79058,518
79059,514
79060,524
79061,526
79062,518
79063,520
79064,526
79065,520
79066,526
79067,526
79068,518
79069,522
79070,522
79071,520
79072,522
79073,522
79074,512
79075,526
79076,516
79077,516
79078,524
79079,526
79080,516
79081,520
79082,520
79083,516
79084,518
79085,524
79086,516
79087,520
79088,522
79089,516
79090,522
79091,520
79092,516
79093,516
79094,516
79095,520
79096,516
79097,524
79098,514
79099,520
79100,522
79101,514
79102,524
79103,518
79104,520
79105,522
79106,520
79107,516
79108,524
79109,558
79110,516
79111,522
79112,516
79113,518
79114,526
79115,526
79116,518
79117,516
79118,524
79119,518
79120,524
79121,524
79122,518
79123,520
79124,524
79125,516
79126,522
79127,518
79128,514
79129,520
79130,520
79131,514
79132,518
79133,524
79134,520
79135,520
79136,516
79137,510
79138,520
79139,518
79140,516
79141,518
79142,522
79143,514
79144,522
79145,516
79146,516
79147,518
79148,518
79149,520
79150,522
79151,524
79152,518
79153,520
79154,520
79155,516
79156,524
79157,520
79158,518
79159,520
79160,522
79161,518
79162,520
79163,524
79164,516
79165,522
79166,522
79167,520
79168,524
79169,518
79170,518
79171,524
79172,518
79173,518
79174,518
79175,524
79176,512
79177,516
79178,522
79179,520
79180,518
79181,520
79182,516
79183,516
79184,524
79185,518
79186,524
79187,524
79188,514
79189,524
79190,524
79191,522
79192,520
79193,520
79194,518
79195,524
79196,520
79197,520
79198,518
79199,520
79200,520
79201,526
79202,526
79203,518
79204,520
79205,520
79206,518
79207,520
79208,520
79209,520
79210,516
79211,526
79212,520
79213,520
79214,524
79215,518
79216,524
79217,524
79218,520
79219,524
79220,516
79221,516
79222,524
79223,524
79224,520
79225,522
79226,520
79227,520
79228,520
79229,562
79230,516
79231,522
79232,520
79233,512
79234,520
79235,522
79236,514
79237,516
79238,522
79239,518
79240,522
79241,522
79242,520
79243,522
79244,522
79245,520
79246,520
79247,522
79248,518
79249,524
79250,522
79251,514
79252,520
79253,524
79254,518
79255,522
79256,520
79257,518
79258,524
79259,520
79260,516
79261,516
79262,520
79263,518
79264,520
79265,518
79266,512
79267,520
79268,522
79269,514
79270,516
79271,516
79272,518
79273,518
79274,520
79275,518
79276,520
79277,524
79278,518
79279,518
79280,520
79281,514
79282,524
79283,516
79284,518
79285,524
79286,524
79287,514
79288,526
79289,518
79290,518
79291,524
79292,520
79293,516
79294,520
79295,524
79296,514
79297,522
79298,518
79299,516
79300,524
79301,520
79302,514
79303,518
79304,526
79305,520
79306,520
79307,520
79308,516
79309,522
79310,518
79311,518
79312,518
79313,524
79314,520
79315,524
79316,520
79317,522
79318,520
79319,524
79320,516
79321,526
79322,522
79323,520
79324,526
79325,520
79326,516
79327,522
79328,522
79329,518
79330,522
79331,524
79332,520
79333,524
79334,522
79335,518
79336,522
79337,528
79338,524
79339,520
79340,526
79341,522
79342,522
79343,516
79344,518
79345,524
79346,518
79347,522
79348,520
79349,518
79350,520
79351,524
79352,522
79353,526
79354,522
79355,520
79356,518
79357,520
79358,518
79359,522
79360,522
79361,516
79362,518
79363,522
79364,516
79365,520
79366,526
79367,518
79368,524
79369,524
79370,522
79371,520
79372,522
79373,514
79374,520
79375,522
79376,520
79377,518
79378,522
79379,518
79380,522
79381,520
79382,518
79383,526
79384,562
79385,520
79386,518
79387,518
79388,518
79389,520
79390,522
79391,518
79392,518
79393,522
79394,516
79395,520
79396,520
79397,518
79398,518
79399,518
79400,514
79401,520
79402,516
79403,514
79404,526
79405,520
79406,512
79407,516
79408,518
79409,518
79410,522
79411,526
79412,514
79413,522
79414,522
79415,522
79416,526
79417,524
79418,522
79419,526
79420,522
79421,518
79422,520
79423,528
79424,522
79425,522
79426,526
79427,520
79428,524
79429,522
79430,520
79431,522
79432,522
79433,520
79434,520
79435,524
79436,520
79437,524
79438,518
79439,520
79440,520
79441,524
79442,516
79443,520
79444,526
79445,518
79446,520
79447,524
79448,520
79449,522
79450,528
79451,518
79452,526
79453,524
79454,518
79455,520
79456,522
79457,518
79458,520
79459,522
79460,514
79461,524
79462,522
79463,522
79464,524
79465,520
79466,518
79467,524
79468,518
79469,562
79470,516
79471,522
79472,514
79473,522
79474,522
79475,518
79476,524
79477,522
79478,516
79479,524
79480,522
79481,512
79482,518
79483,522
79484,514
79485,520
79486,520
79487,514
79488,518
79489,526
79490,518
79491,524
79492,520
79493,520
79494,522
79495,520
79496,518
79497,520
79498,520
79499,516
79500,524
79501,520
79502,518
79503,520
79504,516
79505,520
79506,524
79507,518
79508,512
79509,522
79510,516
79511,518
79512,522
79513,526
79514,520
79515,524
79516,522
79517,518
79518,520
79519,522
79520,516
79521,516
79522,522
79523,518
79524,522
79525,518
79526,514
79527,524
79528,524
79529,558
79530,518
79531,520
79532,518
79533,524
79534,522
79535,516
79536,524
79537,520
79538,520
79539,524
79540,522
79541,514
79542,522
79543,520
79544,514
79545,520
79546,524
79547,520
79548,522
79549,524
79550,520
79551,522
79552,526
79553,522
79554,520
79555,516
79556,520
79557,520
79558,526
79559,518
79560,518
79561,524
79562,514
79563,528
79564,524
79565,520
79566,526
79567,524
79568,520
79569,520
79570,524
79571,516
79572,520
79573,520
79574,514
79575,520
79576,518
79577,520
79578,524
79579,518
79580,516
79581,524
79582,524
79583,520
79584,522
79585,524
79586,520
79587,524
79588,522
79589,522
79590,522
79591,520
79592,522
79593,564
79594,524
79595,520
79596,520
79597,522
79598,520
79599,522
79600,522
79601,518
79602,520
79603,518
79604,516
79605,522
79606,526
79607,512
79608,518
79609,520
79610,522
79611,520
79612,516
79613,518
79614,522
79615,520
79616,518
79617,524
79618,520
79619,518
79620,520
79621,516
79622,514
79623,526
79624,520
79625,516
79626,522
79627,516
79628,512
79629,518
79630,524
79631,512
79632,522
79633,516
79634,512
79635,524
79636,524
79637,514
79638,522
79639,520
79640,520
79641,524
79642,520
79643,520
79644,516
79645,520
79646,514
79647,518
79648,524
79649,518
79650,524
79651,522
79652,516
79653,520
79654,522
79655,562
79656,522
79657,524
79658,516
79659,516
79660,518
79661,512
79662,522
79663,524
79664,514
79665,518
79666,524
79667,518
79668,520
79669,520
79670,516
79671,524
79672,524
79673,518
79674,526
79675,522
79676,518
79677,518
79678,524
79679,520
79680,522
79681,516
79682,522
79683,524
79684,518
79685,520
79686,524
79687,522
79688,516
79689,518
79690,524
79691,522
79692,524
79693,526
79694,514
79695,526
79696,520
79697,520
79698,520
79699,520
79700,516
79701,516
79702,520
79703,522
79704,520
79705,520
79706,520
79707,518
79708,524
79709,514
79710,522
79711,526
79712,520
79713,524
79714,514
79715,518
79716,584
79717,526
79718,518
79719,520
79720,522
79721,516
79722,524
79723,524
79724,516
79725,522
79726,520
79727,518
79728,516
79729,516
79730,516
79731,524
79732,524
79733,512
79734,522
79735,514
79736,512
79737,522
79738,524
79739,518
79740,516
79741,522
79742,516
79743,524
79744,522
79745,562
79746,522
79747,520
79748,520
79749,534
79750,524
79751,520
79752,526
79753,516
79754,514
79755,518
79756,518
79757,514
79758,514
79759,526
79760,516
79761,524
79762,522
79763,512
79764,516
79765,562
79766,516
79767,522
79768,516
79769,522
79770,520
79771,520
79772,516
79773,526
79774,516
79775,518
79776,524
79777,526
79778,520
79779,518
79780,518
79781,520
79782,520
79783,516
79784,518
79785,524
79786,524
79787,520
79788,518
79789,522
79790,520
79791,526
79792,520
79793,514
79794,524
79795,526
79796,516
79797,522
79798,524
79799,516
79800,526
79801,516
79802,522
79803,522
79804,520
79805,518
79806,518
79807,522
79808,518
79809,520
79810,522
79811,518
79812,520
79813,520
79814,514
79815,524
79816,522
79817,522
79818,518
79819,524
79820,516
79821,518
79822,522
79823,522
79824,520
79825,520
79826,518
79827,524
79828,518
79829,514
79830,522
79831,524
79832,522
79833,524
79834,524
79835,514
79836,516
79837,522
79838,516
79839,518
79840,516
79841,520
79842,524
79843,516
79844,510
79845,516
79846,522
79847,516
79848,518
79849,524
79850,518
79851,524
79852,522
79853,510
79854,516
79855,516
79856,520
79857,516
79858,518
79859,514
79860,520
79861,522
79862,520
79863,524
79864,516
79865,518
79866,520
79867,522
79868,514
79869,518
79870,520
79871,520
79872,516
79873,520
79874,512
79875,518
79876,522
79877,518
79878,524
79879,516
79880,512
79881,524
79882,524
79883,514
79884,522
79885,514
79886,518
79887,518
79888,522
79889,516
79890,516
79891,522
79892,520
79893,524
79894,518
79895,514
79896,520
79897,520
79898,512
79899,524
79900,520
79901,518
79902,520
79903,560
79904,518
79905,516
79906,522
79907,518
79908,522
79909,518
79910,516
79911,520
79912,520
79913,518
79914,518
79915,520
79916,516
79917,526
79918,522
79919,518
79920,520
79921,518
79922,514
79923,518
79924,518
79925,520
79926,520
79927,520
79928,518
79929,522
79930,522
79931,514
79932,522
79933,522
79934,518
79935,522
79936,526
79937,516
79938,520
79939,522
79940,516
79941,524
79942,522
79943,518
79944,520
79945,526
79946,520
79947,524
79948,520
79949,518
79950,524
79951,522
79952,518
79953,522
79954,522
79955,520
79956,520
79957,524
79958,520
79959,522
79960,516
79961,520
79962,524
79963,560
79964,516
79965,518
79966,520
79967,512
79968,522
79969,524
79970,514
79971,522
79972,524
79973,512
79974,516
79975,524
79976,518
79977,516
79978,524
79979,516
79980,518
79981,524
79982,512
79983,516
79984,520
79985,518
79986,522
79987,520
79988,518
79989,518
79990,518
79991,520
79992,516
79993,522
79994,514
79995,524
79996,520
79997,520
79998,524
79999,522
80000,516
80001,520
80002,522
80003,512
80004,522
80005,522
80006,514
80007,522
80008,520
80009,514
80010,518
80011,520
80012,516
80013,518
80014,518
80015,516
80016,516
80017,522
80018,516
80019,518
80020,522
80021,522
80022,520
80023,522
80024,516
80025,522
80026,520
80027,514
80028,520
80029,518
80030,520
80031,558
80032,524
80033,516
80034,520
80035,516
80036,514
80037,520
80038,524
80039,518
80040,522
80041,524
80042,518
80043,516
80044,522
80045,520
80046,518
80047,524
80048,520
80049,522
80050,520
80051,520
80052,518
80053,524
80054,520
80055,524
80056,524
80057,516
80058,518
80059,520
80060,516
80061,522
80062,520
80063,518
80064,526
80065,520
80066,512
80067,520
80068,518
80069,520
80070,524
80071,518
80072,522
80073,528
80074,520
80075,514
80076,524
80077,522
80078,516
80079,520
80080,522
80081,516
80082,520
80083,522
80084,514
80085,518
80086,524
80087,518
80088,522
80089,522
80090,516
80091,520
80092,518
80093,518
80094,516
80095,526
80096,520
80097,522
80098,520
80099,520
80100,524
80101,520
80102,514
80103,518
80104,520
80105,512
80106,522
80107,520
80108,514
80109,518
80110,520
80111,518
80112,520
80113,518
80114,518
80115,520
80116,516
80117,518
80118,520
80119,520
80120,518
80121,524
80122,516
80123,518
80124,522
80125,522
80126,518
80127,518
80128,522
80129,514
80130,518
80131,522
80132,518
80133,522
80134,518
80135,512
80136,518
80137,520
80138,518
80139,538
80140,516
80141,516
80142,522
80143,518
80144,520
80145,518
80146,526
80147,520
80148,520
80149,522
80150,514
80151,518
80152,520
80153,512
80154,520
80155,568
80156,520
80157,520
80158,516
80159,516
80160,524
80161,520
80162,518
80163,534
80164,520
80165,514
80166,522
80167,518
80168,520
80169,522
80170,524
80171,516
80172,526
80173,522
80174,518
80175,520
80176,524
80177,520
80178,520
80179,524
80180,518
80181,528
80182,518
80183,514
80184,522
80185,524
80186,520
80187,520
80188,524
80189,520
80190,520
80191,520
80192,518
80193,524
80194,524
80195,516
80196,520
80197,522
80198,520
80199,524
80200,522
80201,516
80202,520
80203,522
80204,558
80205,524
80206,518
80207,516
80208,518
80209,518
80210,520
80211,522
80212,522
80213,518
80214,522
80215,518
80216,516
80217,522
80218,522
80219,520
80220,528
80221,522
80222,514
80223,516
80224,522
80225,522
80226,522
80227,520
80228,516
80229,524
80230,522
80231,516
80232,524
80233,520
80234,512
80235,518
80236,520
80237,516
80238,518
80239,522
80240,520
80241,520
80242,516
80243,514
80244,518
80245,516
80246,510
80247,522
80248,516
80249,514
80250,524
80251,524
80252,520
80253,520
80254,518
80255,512
80256,518
80257,522
80258,518
80259,522
80260,518
80261,520
80262,520
80263,520
80264,514
80265,518
80266,522
80267,520
80268,516
80269,524
80270,518
80271,526
80272,520
80273,516
80274,518
80275,518
80276,520
80277,518
80278,524
80279,512
80280,522
80281,524
80282,520
80283,522
80284,524
80285,516
80286,518
80287,522
80288,516
80289,522
80290,520
80291,520
80292,520
80293,526
80294,516
80295,520
80296,524
80297,520
80298,524
80299,522
80300,520
80301,524
80302,520
80303,520
80304,562
80305,518
80306,518
80307,522
80308,520
80309,520
80310,518
80311,522
80312,516
80313,520
80314,524
80315,516
80316,526
80317,526
80318,516
80319,524
80320,524
80321,520
80322,522
80323,524
80324,516
80325,522
80326,520
80327,520
80328,522
80329,520
80330,520
80331,524
80332,524
80333,520
80334,522
80335,520
80336,512
80337,522
80338,526
80339,520
80340,520
80341,522
80342,518
80343,520
80344,520
80345,516
80346,522
80347,522
80348,514
80349,524
80350,520
80351,520
80352,522
80353,524
80354,520
80355,524
80356,522
80357,516
80358,524
80359,524
80360,556
80361,518
80362,524
80363,512
80364,522
80365,520
80366,520
80367,524
80368,520
80369,514
80370,518
80371,518
80372,512
80373,516
80374,524
80375,516
80376,516
80377,516
80378,516
80379,518
80380,516
80381,518
80382,516
80383,526
80384,516
80385,516
80386,522
80387,512
80388,522
80389,524
80390,524
80391,520
80392,516
80393,520
80394,518
80395,520
80396,518
80397,522
80398,520
80399,522
80400,520
80401,516
80402,514
80403,516
80404,518
80405,516
80406,524
80407,518
80408,520
80409,526
80410,522
80411,518
80412,518
80413,524
80414,558
80415,520
80416,520
80417,518
80418,524
80419,518
80420,516
80421,524
80422,522
80423,520
80424,524
80425,520
80426,522
80427,526
80428,522
80429,518
80430,526
80431,524
80432,524
80433,522
80434,520
80435,514
80436,526
80437,522
80438,522
80439,526
80440,518
80441,516
80442,522
80443,526
80444,518
80445,526
80446,526
80447,516
80448,520
80449,522
80450,520
80451,520
80452,524
80453,512
80454,526
80455,520
80456,520
80457,518
80458,526
80459,516
80460,518
80461,518
80462,520
80463,524
80464,522
80465,518
80466,522
80467,522
80468,556
80469,518
80470,518
80471,518
80472,522
80473,522
80474,520
80475,524
80476,524
80477,516
80478,522
80479,522
80480,516
80481,522
80482,520
80483,516
80484,520
80485,524
80486,518
80487,520
80488,522
80489,520
80490,518
80491,524
80492,520
80493,522
80494,518
80495,518
80496,522
80497,524
80498,516
80499,518
80500,516
80501,516
80502,524
80503,520
80504,514
80505,520
80506,516
80507,516
80508,522
80509,520
80510,522
80511,518
80512,520
80513,514
80514,548
80515,520
80516,526
80517,518
80518,526
80519,520
80520,516
80521,516
80522,524
80523,522
80524,524
80525,516
80526,524
80527,518
80528,520
80529,518
80530,524
80531,516
80532,524
80533,522
80534,514
80535,520
80536,520
80537,522
80538,522
80539,526
80540,516
80541,520
80542,522
80543,522
80544,518
80545,524
80546,520
80547,526
80548,522
80549,520
80550,518
80551,520
80552,520
80553,520
80554,522
80555,516
80556,518
80557,520
80558,524
80559,518
80560,526
80561,518
80562,520
80563,526
80564,516
80565,546
80566,530
80567,522
80568,516
80569,524
80570,520
80571,520
80572,516
80573,522
80574,518
80575,516
80576,524
80577,518
80578,514
80579,524
80580,520
80581,518
80582,518
80583,524
80584,516
80585,522
80586,520
80587,514
80588,518
80589,518
80590,516
80591,520
80592,518
80593,516
80594,524
80595,518
80596,516
80597,516
80598,522
80599,516
80600,522
80601,518
80602,516
80603,520
80604,524
80605,520
80606,520
80607,524
80608,518
80609,524
80610,518
80611,514
80612,518
80613,524
80614,516
80615,524
80616,522
80617,520
80618,524
80619,524
80620,514
80621,524
80622,516
80623,520
80624,522
80625,516
80626,514
80627,522
80628,516
80629,516
80630,524
80631,520
80632,518
80633,518
80634,522
80635,522
80636,522
80637,524
80638,514
80639,524
80640,524
80641,522
80642,524
80643,526
80644,522
80645,518
80646,522
80647,516
80648,518
80649,524
80650,522
80651,520
80652,518
80653,514
80654,526
80655,520
80656,518
80657,526
80658,526
80659,516
80660,564
80661,526
80662,516
80663,526
80664,522
80665,516
80666,524
80667,522
80668,520
80669,524
80670,522
80671,514
80672,522
80673,524
80674,522
80675,518
80676,522
80677,518
80678,524
80679,526
80680,516
80681,526
80682,526
80683,522
80684,520
80685,520
80686,514
80687,522
80688,522
80689,518
80690,518
80691,524
80692,520
80693,524
80694,524
80695,516
80696,520
80697,522
80698,512
80699,520
80700,518
80701,518
80702,522
80703,524
80704,520
80705,520
80706,518
80707,512
80708,520
80709,522
80710,516
80711,520
80712,518
80713,512
80714,522
80715,522
80716,516
80717,522
80718,516
80719,518
80720,522
80721,524
80722,562
80723,518
80724,520
80725,520
80726,522
80727,514
80728,514
80729,522
80730,518
80731,516
80732,522
80733,520
80734,514
80735,516
80736,518
80737,516
80738,524
80739,522
80740,520
80741,520
80742,524
80743,516
80744,520
80745,524
80746,514
80747,520
80748,522
80749,518
80750,520
80751,522
80752,518
80753,522
80754,520
80755,520
80756,516
80757,524
80758,518
80759,524
80760,522
80761,520
80762,524
80763,522
80764,514
80765,520
80766,520
80767,522
80768,518
80769,524
80770,518
80771,520
80772,526
80773,518
80774,522
80775,526
80776,524
80777,524
80778,522
80779,516
80780,524
80781,520
80782,522
80783,520
80784,524
80785,558
80786,524
80787,522
80788,520
80789,526
80790,520
80791,518
80792,524
80793,524
80794,512
80795,520
80796,520
80797,520
80798,526
80799,518
80800,518
80801,518
80802,526
80803,516
80804,524
80805,518
80806,520
80807,526
80808,522
80809,522
80810,516
80811,524
80812,522
80813,524
80814,520
80815,516
80816,518
80817,518
80818,512
80819,518
80820,520
80821,516
80822,518
80823,516
80824,514
80825,524
80826,520
80827,516
80828,524
80829,524
80830,512
80831,518
80832,522
80833,518
80834,520
80835,522
80836,520
80837,522
80838,522
80839,514
80840,516
80841,526
80842,522
80843,522
80844,520
80845,520
80846,558
80847,522
80848,514
80849,518
80850,518
80851,518
80852,518
80853,522
80854,520
80855,524
80856,520
80857,514
80858,516
80859,518
80860,518
80861,522
80862,518
80863,520
80864,518
80865,524
80866,514
80867,522
80868,526
80869,518
80870,526
80871,524
80872,516
80873,518
80874,526
80875,518
80876,524
80877,520
80878,522
80879,520
80880,526
80881,516
80882,524
80883,524
80884,516
80885,526
80886,524
80887,518
80888,516
80889,520
80890,512
80891,526
80892,524
80893,518
80894,524
80895,518
80896,516
80897,524
80898,522
80899,512
80900,520
80901,522
80902,518
80903,520
80904,522
80905,518
80906,520
80907,564
80908,518
80909,518
80910,524
80911,522
80912,522
80913,524
80914,520
80915,526
80916,522
80917,518
80918,520
80919,528
80920,520
80921,524
80922,528
80923,516
80924,524
80925,522
80926,520
80927,520
80928,526
80929,514
80930,524
80931,522
80932,516
80933,522
80934,522
80935,514
80936,522
80937,526
80938,516
80939,520
80940,518
80941,520
80942,522
80943,520
80944,516
80945,526
80946,522
80947,520
80948,518
80949,516
80950,516
80951,520
80952,518
80953,514
80954,524
80955,518
80956,520
80957,522
80958,518
80959,520
80960,520
80961,524
80962,516
80963,520
80964,522
80965,520
80966,520
80967,518
80968,516
80969,516
80970,520
80971,556
80972,522
80973,516
80974,566
80975,520
80976,526
80977,518
80978,516
80979,514
80980,542
80981,524
80982,518
80983,518
80984,520
80985,514
80986,522
80987,522
80988,516
80989,520
80990,518
80991,516
80992,526
80993,516
80994,520
80995,520
80996,522
80997,516
80998,522
80999,516
81000,516
81001,520
81002,520
81003,518
81004,522
81005,520
81006,520
81007,524
81008,520
81009,518
81010,522
81011,520
81012,520
81013,522
81014,520
81015,522
81016,524
81017,522
81018,558
81019,522
81020,524
81021,516
81022,520
81023,520
81024,518
81025,522
81026,522
81027,520
81028,520
81029,524
81030,514
81031,522
81032,524
81033,516
81034,522
81035,524
81036,516
81037,524
81038,520
81039,514
81040,520
81041,524
81042,518
81043,522
81044,520
81045,512
81046,522
81047,518
81048,518
81049,520
81050,524
81051,520
81052,526
81053,520
81054,514
81055,520
81056,520
81057,514
81058,526
81059,522
81060,516
81061,522
81062,518
81063,518
81064,522
81065,524
81066,522
81067,520
81068,526
81069,520
81070,516
81071,520
81072,514
81073,522
81074,524
81075,514
81076,520
81077,538
81078,520
81079,518
81080,522
81081,516
81082,518
81083,518
81084,516
81085,520
81086,522
81087,516
81088,522
81089,516
81090,512
81091,524
81092,520
81093,512
81094,520
81095,514
81096,516
81097,526
81098,520
81099,516
81100,518
81101,522
81102,518
81103,522
81104,520
81105,516
81106,518
81107,524
81108,516
81109,520
81110,520
81111,518
81112,518
81113,518
81114,522
81115,526
81116,518
81117,520
81118,520
81119,522
81120,514
81121,524
81122,524
81123,518
81124,518
81125,522
81126,514
81127,520
81128,520
81129,514
81130,520
81131,524
81132,520
81133,520
81134,520
81135,514
81136,518
81137,524
81138,560
81139,518
81140,520
81141,512
81142,522
81143,524
81144,516
81145,524
81146,520
81147,512
81148,524
81149,522
81150,518
81151,522
81152,520
81153,522
81154,522
81155,522
81156,520
81157,524
81158,520
81159,516
81160,518
81161,522
81162,524
81163,518
81164,524
81165,520
81166,520
81167,520
81168,516
81169,522
81170,522
81171,516
81172,522
81173,524
81174,518
81175,522
81176,524
81177,514
81178,522
81179,520
81180,518
81181,522
81182,518
81183,516
81184,526
81185,518
81186,518
81187,518
81188,524
81189,520
81190,522
81191,524
81192,518
81193,518
81194,518
81195,520
81196,520
81197,524
81198,518
81199,522
81200,560
81201,520
81202,522
81203,524
81204,516
81205,520
81206,524
81207,518
81208,518
81209,522
81210,518
81211,520
81212,522
81213,514
81214,520
81215,522
81216,518
81217,524
81218,522
81219,520
81220,520
81221,524
81222,518
81223,518
81224,524
81225,514
81226,518
81227,524
81228,514
81229,522
81230,516
81231,516
81232,524
81233,520
81234,514
81235,518
81236,516
81237,516
81238,522
81239,526
81240,514
81241,524
81242,520
81243,514
81244,524
81245,518
81246,520
81247,520
81248,518
81249,518
81250,520
81251,526
81252,512
81253,524
81254,524
81255,518
81256,524
81257,524
81258,518
81259,566
81260,526
81261,520
81262,522
81263,524
81264,518
81265,520
81266,520
81267,522
81268,520
81269,522
81270,522
81271,520
81272,522
81273,516
81274,524
81275,522
81276,518
81277,516
81278,526
81279,514
81280,526
81281,522
81282,518
81283,524
81284,526
81285,522
81286,526
81287,518
81288,518
81289,524
81290,520
81291,520
81292,520
81293,524
81294,520
81295,518
81296,518
81297,518
81298,524
81299,524
81300,516
81301,520
81302,524
81303,516
81304,522
81305,524
81306,518
81307,516
81308,524
81309,518
81310,520
81311,524
81312,516
81313,520
81314,520
81315,514
81316,518
81317,520
81318,516
81319,566
81320,524
81321,514
81322,522
81323,520
81324,514
81325,526
81326,524
81327,518
81328,520
81329,516
81330,518
81331,516
81332,518
81333,518
81334,518
81335,522
81336,514
81337,524
81338,520
81339,512
81340,520
81341,520
81342,520
81343,520
81344,522
81345,518
81346,522
81347,520
81348,518
81349,524
81350,518
81351,522
81352,522
81353,520
81354,516
81355,522
81356,522
81357,520
81358,522
81359,518
81360,516
81361,522
81362,520
81363,518
81364,518
81365,524
81366,520
81367,522
81368,518
81369,518
81370,516
81371,524
81372,516
81373,520
81374,518
81375,520
81376,558
81377,522
81378,514
81379,518
81380,520
81381,520
81382,524
81383,522
81384,566
81385,528
81386,526
81387,524
81388,526
81389,522
81390,522
81391,524
81392,526
81393,514
81394,524
81395,522
81396,518
81397,524
81398,524
81399,518
81400,522
81401,524
81402,520
81403,522
81404,518
81405,518
81406,522
81407,518
81408,512
81409,520
81410,522
81411,520
81412,524
81413,524
81414,518
81415,522
81416,520
81417,514
81418,522
81419,520
81420,520
81421,520
81422,522
81423,514
81424,522
81425,520
81426,514
81427,526
81428,518
81429,518
81430,564
81431,526
81432,514
81433,520
81434,518
81435,518
81436,524
81437,516
81438,514
81439,514
81440,524
81441,514
81442,520
81443,518
81444,514
81445,522
81446,520
81447,514
81448,520
81449,524
81450,520
81451,524
81452,520
81453,514
81454,524
81455,524
81456,520
81457,524
81458,518
81459,516
81460,524
81461,522
81462,516
81463,518
81464,524
81465,516
81466,522
81467,522
81468,516
81469,520
81470,518
81471,518
81472,520
81473,518
81474,522
81475,522
81476,518
81477,520
81478,520
81479,520
81480,516
81481,520
81482,518
81483,518
81484,516
81485,522
81486,516
81487,540
81488,522
81489,522
81490,526
81491,524
81492,514
81493,520
81494,520
81495,514
81496,522
81497,520
81498,512
81499,520
81500,518
81501,520
81502,522
81503,524
81504,520
81505,520
81506,520
81507,514
81508,524
81509,520
81510,518
81511,520
81512,516
81513,514
81514,520
81515,522
81516,518
81517,520
81518,526
81519,520
81520,520
81521,524
81522,514
81523,522
81524,522
81525,522
81526,520
81527,518
81528,520
81529,524
81530,526
81531,520
81532,516
81533,522
81534,518
81535,518
81536,520
81537,522
81538,524
81539,518
81540,520
81541,518
81542,520
81543,558
81544,520
81545,524
81546,520
81547,524
81548,522
81549,522
81550,524
81551,522
81552,522
81553,520
81554,522
81555,520
81556,522
81557,524
81558,516
81559,522
81560,518
81561,514
81562,520
81563,522
81564,510
81565,524
81566,524
81567,512
81568,522
81569,520
81570,520
81571,518
81572,516
81573,518
81574,516
81575,520
81576,520
81577,526
81578,522
81579,516
81580,522
81581,520
81582,516
81583,522
81584,516
81585,512
81586,520
81587,518
81588,516
81589,522
81590,520
81591,520
81592,516
81593,524
81594,514
81595,518
81596,520
81597,514
81598,518
81599,564
81600,516
81601,520
81602,518
81603,520
81604,516
81605,524
81606,518
81607,522
81608,518
81609,522
81610,522
81611,516
81612,518
81613,526
81614,518
81615,516
81616,520
81617,524
81618,520
81619,522
81620,524
81621,520
81622,520
81623,524
81624,520
81625,520
81626,524
81627,522
81628,522
81629,524
81630,518
81631,520
81632,524
81633,516
81634,524
81635,522
81636,516
81637,518
81638,520
81639,516
81640,522
81641,526
81642,516
81643,518
81644,526
81645,520
81646,524
81647,524
81648,522
81649,520
81650,526
81651,518
81652,524
81653,524
81654,516
81655,526
81656,524
81657,520
81658,518
81659,516
81660,516
81661,516
81662,526
81663,536
81664,526
81665,518
81666,518
81667,524
81668,522
81669,516
81670,516
81671,522
81672,520
81673,516
81674,524
81675,520
81676,522
81677,528
81678,522
81679,522
81680,526
81681,516
81682,518
81683,520
81684,518
81685,522
81686,522
81687,518
81688,522
81689,524
81690,512
81691,520
81692,518
81693,518
81694,518
81695,516
81696,520
81697,518
81698,518
81699,516
81700,520
81701,518
81702,516
81703,522
81704,524
81705,512
81706,516
81707,516
81708,520
81709,522
81710,518
81711,518
81712,518
81713,520
81714,514
81715,526
81716,516
81717,512
81718,522
81719,538
81720,516
81721,516
81722,518
81723,520
81724,524
81725,518
81726,520
81727,524
81728,524
81729,520
81730,518
81731,520
81732,518
81733,520
81734,524
81735,514
81736,522
81737,522
81738,514
81739,524
81740,522
81741,524
81742,524
81743,518
81744,516
81745,522
81746,524
81747,516
81748,524
81749,520
81750,516
81751,522
81752,518
81753,520
81754,522
81755,522
81756,518
81757,520
81758,522
81759,520
81760,522
81761,522
81762,514
81763,522
81764,522
81765,520
81766,526
81767,518
81768,516
81769,520
81770,524
81771,516
81772,520
81773,526
81774,512
81775,526
81776,522
81777,516
81778,566
81779,518
81780,514
81781,520
81782,524
81783,518
81784,524
81785,520
81786,512
81787,522
81788,518
81789,518
81790,520
81791,518
81792,522
81793,558
81794,524
81795,520
81796,538
81797,516
81798,518
81799,522
81800,520
81801,520
81802,518
81803,514
81804,516
81805,512
81806,520
81807,518
81808,520
81809,520
81810,516
81811,520
81812,524
81813,518
81814,516
81815,530
81816,524
81817,520
81818,518
81819,516
81820,514
81821,514
81822,524
81823,516
81824,522
81825,522
81826,518
81827,518
81828,522
81829,512
81830,520
81831,520
81832,518
81833,518
81834,518
81835,518
81836,522
81837,524
81838,518
81839,518
81840,524
81841,512
81842,526
81843,522
81844,516
81845,524
81846,524
81847,514
81848,522
81849,520
81850,554
81851,518
81852,516
81853,518
81854,516
81855,526
81856,518
81857,518
81858,518
81859,516
81860,520
81861,520
81862,514
81863,516
81864,522
81865,516
81866,520
81867,520
81868,520
81869,524
81870,522
81871,524
81872,522
81873,522
81874,516
81875,520
81876,524
81877,516
81878,522
81879,524
81880,520
81881,518
81882,524
81883,516
81884,518
81885,518
81886,522
81887,524
81888,526
81889,518
81890,520
81891,522
81892,520
81893,520
81894,526
81895,520
81896,522
81897,524
81898,520
81899,522
81900,522
81901,516
81902,526
81903,520
81904,522
81905,524
81906,524
81907,522
81908,564
81909,522
81910,518
81911,524
81912,518
81913,516
81914,522
81915,522
81916,518
81917,520
81918,518
81919,514
81920,522
81921,522
81922,516
81923,518
81924,522
81925,518
81926,520
81927,522
81928,520
81929,524
81930,520
81931,516
81932,522
81933,522
81934,512
81935,524
81936,520
81937,522
81938,520
81939,524
81940,516
81941,522
81942,520
81943,516
81944,524
81945,518
81946,512
81947,522
81948,524
81949,518
81950,518
81951,524
81952,512
81953,518
81954,522
81955,516
81956,520
81957,524
81958,518
81959,516
81960,524
81961,512
81962,516
81963,522
81964,514
81965,520
81966,520
81967,518
81968,516
81969,524
81970,516
81971,522
81972,520
81973,520
81974,520
81975,518
81976,512
81977,524
81978,520
81979,518
81980,522
81981,522
81982,514
81983,518
81984,522
81985,514
81986,520
81987,524
81988,520
81989,524
81990,524
81991,516
81992,518
81993,516
81994,516
81995,520
81996,518
81997,520
81998,522
81999,524
82000,518
82001,520
82002,562
82003,520
82004,526
82005,518
82006,524
82007,526
82008,524
82009,516
82010,524
82011,524
82012,516
82013,520
82014,524
82015,516
82016,522
82017,522
82018,518
82019,520
82020,524
82021,522
82022,524
82023,520
82024,522
82025,516
82026,518
82027,520
82028,520
82029,520
82030,516
82031,524
82032,526
82033,516
82034,526
82035,520
82036,516
82037,522
82038,518
82039,520
82040,522
82041,524
82042,518
82043,520
82044,524
82045,522
82046,524
82047,516
82048,516
82049,520
82050,520
82051,514
82052,524
82053,522
82054,516
82055,520
82056,520
82057,514
82058,524
82059,520
82060,516
82061,516
82062,518
82063,538
82064,518
82065,522
82066,516
82067,524
82068,522
82069,514
82070,524
82071,518
82072,520
82073,522
82074,518
82075,514
82076,524
82077,524
82078,516
82079,522
82080,520
82081,514
82082,520
82083,522
82084,516
82085,524
82086,520
82087,510
82088,524
82089,524
82090,518
82091,522
82092,522
82093,518
82094,520
82095,522
82096,518
82097,518
82098,520
82099,516
82100,516
82101,516
82102,518
82103,522
82104,520
82105,516
82106,520
82107,526
82108,520
82109,518
82110,524
82111,520
82112,514
82113,524
82114,518
82115,520
82116,516
82117,516
82118,524
82119,520
82120,522
82121,522
82122,524
82123,514
82124,528
82125,520
82126,514
82127,520
82128,522
82129,520
82130,524
82131,522
82132,518
82133,520
82134,522
82135,524
82136,520
82137,522
82138,520
82139,524
82140,520
82141,518
82142,520
82143,524
82144,520
82145,518
82146,524
82147,514
82148,524
82149,528
82150,518
82151,522
82152,522
82153,516
82154,524
82155,522
82156,516
82157,524
82158,522
82159,520
82160,524
82161,524
82162,516
82163,520
82164,520
82165,522
82166,520
82167,526
82168,512
82169,520
82170,518
82171,516
82172,518
82173,524
82174,512
82175,564
82176,516
82177,514
82178,524
82179,520
82180,512
82181,522
82182,518
82183,518
82184,526
82185,520
82186,518
82187,522
82188,518
82189,516
82190,524
82191,524
82192,518
82193,520
82194,518
82195,516
82196,520
82197,516
82198,520
82199,524
82200,520
82201,512
82202,518
82203,568
82204,522
82205,518
82206,520
82207,538
82208,522
82209,520
82210,524
82211,520
82212,522
82213,520
82214,518
82215,520
82216,514
82217,524
82218,518
82219,516
82220,524
82221,522
82222,512
82223,524
82224,528
82225,522
82226,520
82227,522
82228,520
82229,520
82230,518
82231,520
82232,526
82233,524
82234,520
82235,518
82236,520
82237,516
82238,524
82239,524
82240,514
82241,522
82242,522
82243,522
82244,524
82245,516
82246,512
82247,522
82248,518
82249,520
82250,520
82251,560
82252,520
82253,522
82254,522
82255,522
82256,528
82257,520
82258,514
82259,522
82260,524
82261,516
82262,526
82263,524
82264,516
82265,522
82266,524
82267,516
82268,524
82269,528
82270,512
82271,520
82272,524
82273,516
82274,526
82275,520
82276,522
82277,524
82278,522
82279,520
82280,524
82281,520
82282,520
82283,520
82284,520
82285,520
82286,520
82287,524
82288,522
82289,522
82290,522
82291,520
82292,524
82293,522
82294,520
82295,520
82296,518
82297,522
82298,518
82299,520
82300,516
82301,522
82302,520
82303,512
82304,520
82305,522
82306,516
82307,522
82308,558
82309,516
82310,524
82311,520
82312,514
82313,516
82314,522
82315,516
82316,520
82317,518
82318,512
82319,522
82320,518
82321,520
82322,520
82323,522
82324,514
82325,520
82326,524
82327,514
82328,520
82329,522
82330,518
82331,522
82332,520
82333,518
82334,516
82335,522
82336,512
82337,520
82338,518
82339,512
82340,518
82341,524
82342,518
82343,522
82344,518
82345,518
82346,520
82347,520
82348,516
82349,526
82350,516
82351,522
82352,520
82353,520
82354,518
82355,522
82356,524
82357,518
82358,518
82359,518
82360,516
82361,518
82362,520
82363,514
82364,520
82365,564
82366,522
82367,522
82368,524
82369,518
82370,522
82371,520
82372,518
82373,524
82374,524
82375,520
82376,524
82377,524
82378,522
82379,520
82380,524
82381,518
82382,518
82383,522
82384,514
82385,518
82386,524
82387,518
82388,520
82389,524
82390,520
82391,524
82392,524
82393,518
82394,520
82395,520
82396,518
82397,526
82398,522
82399,520
82400,520
82401,518
82402,516
82403,520
82404,524
82405,514
82406,518
82407,518
82408,514
82409,522
82410,526
82411,514
82412,522
82413,522
82414,518
82415,524
82416,524
82417,514
82418,516
82419,520
82420,512
82421,564
82422,520
82423,518
82424,522
82425,518
82426,518
82427,522
82428,526
82429,518
82430,524
82431,520
82432,518
82433,518
82434,522
82435,520
82436,520
82437,526
82438,518
82439,518
82440,518
82441,516
82442,522
82443,524
82444,516
82445,520
82446,516
82447,514
82448,522
82449,522
82450,518
82451,518
82452,520
82453,514
82454,518
82455,514
82456,512
82457,524
82458,522
82459,520
82460,522
82461,522
82462,514
82463,522
82464,520
82465,518
82466,524
82467,520
82468,522
82469,522
82470,520
82471,520
82472,516
82473,516
82474,514
82475,516
82476,524
82477,528
82478,520
82479,524
82480,516
82481,518
82482,522
82483,520
82484,522
82485,520
82486,520
82487,520
82488,520
82489,520
82490,522
82491,526
82492,514
82493,518
82494,522
82495,516
82496,524
82497,518
82498,514
82499,520
82500,524
82501,516
82502,518
82503,524
82504,516
82505,518
82506,522
82507,520
82508,520
82509,520
82510,518
82511,524
82512,524
82513,520
82514,528
82515,522
82516,516
82517,524
82518,524
82519,520
82520,522
82521,516
82522,522
82523,520
82524,518
82525,520
82526,520
82527,522
82528,520
82529,520
82530,520
82531,514
82532,524
82533,544
82534,516
82535,520
82536,522
82537,520
82538,528
82539,520
82540,520
82541,524
82542,522
82543,516
82544,520
82545,516
82546,516
82547,520
82548,524
82549,514
82550,522
82551,522
82552,518
82553,520
82554,518
82555,522
82556,520
82557,522
82558,516
82559,524
82560,518
82561,514
82562,520
82563,522
82564,518
82565,518
82566,520
82567,516
82568,524
82569,518
82570,516
82571,522
82572,522
82573,516
82574,516
82575,522
82576,520
82577,518
82578,520
82579,516
82580,516
82581,522
82582,514
82583,518
82584,520
82585,516
82586,522
82587,526
82588,520
82589,526
82590,560
82591,518
82592,518
82593,524
82594,516
82595,522
82596,522
82597,518
82598,522
82599,518
82600,520
82601,520
82602,524
82603,520
82604,524
82605,522
82606,514
82607,518
82608,522
82609,518
82610,520
82611,520
82612,516
82613,568
82614,530
82615,520
82616,522
82617,522
82618,526
82619,514
82620,526
82621,520
82622,520
82623,520
82624,520
82625,520
82626,518
82627,524
82628,518
82629,520
82630,522
82631,520
82632,520
82633,522
82634,518
82635,524
82636,524
82637,520
82638,518
82639,522
82640,514
82641,518
82642,522
82643,520
82644,524
82645,522
82646,520
82647,524
82648,524
82649,520
82650,524
82651,522
82652,560
82653,518
82654,522
82655,522
82656,522
82657,520
82658,514
82659,522
82660,524
82661,518
82662,524
82663,520
82664,520
82665,518
82666,522
82667,516
82668,518
82669,522
82670,514
82671,522
82672,524
82673,516
82674,522
82675,524
82676,516
82677,516
82678,520
82679,516
82680,518
82681,522
82682,512
82683,514
82684,522
82685,520
82686,516
82687,520
82688,514
82689,520
82690,522
82691,510
82692,516
82693,520
82694,518
82695,524
82696,520
82697,516
82698,524
82699,518
82700,512
82701,524
82702,518
82703,518
82704,522
82705,520
82706,516
82707,518
82708,520
82709,516
82710,526
82711,556
82712,516
82713,518
82714,520
82715,514
82716,524
82717,518
82718,512
82719,522
82720,518
82721,510
82722,518
82723,522
82724,516
82725,522
82726,518
82727,520
82728,518
82729,518
82730,516
82731,526
82732,520
82733,516
82734,520
82735,522
82736,522
82737,524
82738,524
82739,520
82740,528
82741,520
82742,516
82743,522
82744,524
82745,516
82746,520
82747,522
82748,524
82749,520
82750,520
82751,520
82752,522
82753,522
82754,516
82755,522
82756,518
82757,520
82758,520
82759,524
82760,516
82761,522
82762,526
82763,520
82764,520
82765,520
82766,518
82767,520
82768,518
82769,520
82770,518
82771,520
82772,518
82773,522
82774,518
82775,518
82776,520
82777,520
82778,514
82779,524
82780,522
82781,518
82782,522
82783,522
82784,520
82785,522
82786,520
82787,518
82788,522
82789,516
82790,514
82791,524
82792,518
82793,518
82794,520
82795,524
82796,518
82797,518
82798,524
82799,512
82800,518
82801,520
82802,514
82803,520
82804,522
82805,514
82806,524
82807,518
82808,516
82809,524
82810,524
82811,516
82812,522
82813,560
82814,514
82815,522
82816,520
82817,510
82818,522
82819,522
82820,516
82821,520
82822,520
82823,518
82824,524
82825,518
82826,516
82827,518
82828,520
82829,518
82830,520
82831,520
82832,516
82833,526
82834,518
82835,520
82836,514
82837,520
82838,518
82839,518
82840,522
82841,514
82842,522
82843,516
82844,510
82845,524
82846,526
82847,518
82848,522
82849,522
82850,514
82851,516
82852,522
82853,520
82854,526
82855,520
82856,514
82857,518
82858,520
82859,516
82860,520
82861,524
82862,518
82863,520
82864,524
82865,518
82866,526
82867,522
82868,520
82869,524
82870,522
82871,516
82872,522
82873,564
82874,518
82875,526
82876,520
82877,516
82878,522
82879,520
82880,522
82881,520
82882,524
82883,516
82884,526
82885,516
82886,518
82887,518
82888,524
82889,522
82890,524
82891,526
82892,516
82893,524
82894,524
82895,516
82896,516
82897,520
82898,518
82899,518
82900,520
82901,516
82902,524
82903,522
82904,520
82905,524
82906,524
82907,518
82908,516
82909,522
82910,512
82911,522
82912,518
82913,514
82914,518
82915,516
82916,520
82917,520
82918,516
82919,520
82920,520
82921,516
82922,516
82923,522
82924,518
82925,518
82926,522
82927,520
82928,514
82929,522
82930,524
82931,514
82932,518
82933,522
82934,558
82935,522
82936,516
82937,518
82938,516
82939,520
82940,520
82941,520
82942,520
82943,514
82944,520
82945,514
82946,514
82947,520
82948,522
82949,510
82950,520
82951,518
82952,516
82953,518
82954,516
82955,516
82956,516
82957,518
82958,516
82959,516
82960,522
82961,518
82962,522
82963,520
82964,516
82965,522
82966,524
82967,514
82968,520
82969,522
82970,512
82971,524
82972,520
82973,516
82974,524
82975,524
82976,520
82977,524
82978,520
82979,520
82980,522
82981,520
82982,520
82983,524
82984,518
82985,512
82986,520
82987,526
82988,516
82989,520
82990,518
82991,520
82992,516
82993,522
82994,562
82995,520
82996,522
82997,516
82998,520
82999,518
83000,516
83001,526
83002,524
83003,518
83004,522
83005,526
83006,518
83007,520
83008,520
83009,518
83010,522
83011,518
83012,516
83013,524
83014,524
83015,520
83016,520
83017,526
83018,516
83019,524
83020,522
83021,520
83022,570
83023,522
83024,526
83025,522
83026,516
83027,524
83028,536
83029,518
83030,518
83031,540
83032,520
83033,522
83034,524
83035,518
83036,524
83037,524
83038,522
83039,524
83040,524
83041,522
83042,518
83043,516
83044,516
83045,522
83046,518
83047,514
83048,520
83049,520
83050,516
83051,516
83052,522
83053,518
83054,518
83055,518
83056,514
83057,522
83058,520
83059,516
83060,518
83061,520
83062,516
83063,516
83064,522
83065,514
83066,518
83067,524
83068,516
83069,524
83070,530
83071,516
83072,522
83073,560
83074,518
83075,524
83076,520
83077,520
83078,524
83079,522
83080,520
83081,524
83082,522
83083,514
83084,524
83085,522
83086,516
83087,518
83088,524
83089,516
83090,522
83091,520
83092,520
83093,520
83094,524
83095,520
83096,526
83097,522
83098,514
83099,524
83100,518
83101,516
83102,516
83103,518
83104,518
83105,520
83106,520
83107,524
83108,520
83109,524
83110,516
83111,524
83112,518
83113,514
83114,520
83115,518
83116,520
83117,518
83118,522
83119,516
83120,524
83121,520
83122,516
83123,528
83124,522
83125,516
83126,520
83127,522
83128,516
83129,526
83130,542
83131,522
83132,526
83133,528
83134,516
83135,528
83136,524
83137,518
83138,518
83139,520
83140,516
83141,520
83142,518
83143,520
83144,528
83145,520
83146,514
83147,520
83148,522
83149,514
83150,524
83151,524
83152,512
83153,522
83154,522
83155,520
83156,524
83157,520
83158,520
83159,524
83160,522
83161,518
83162,528
83163,522
83164,520
83165,522
83166,522
83167,518
83168,518
83169,522
83170,514
83171,522
83172,522
83173,512
83174,520
83175,524
83176,514
83177,520
83178,520
83179,516
83180,518
83181,520
83182,516
83183,516
83184,516
83185,516
83186,520
83187,522
83188,518
83189,532
83190,522
83191,510
83192,522
83193,522
83194,512
83195,520
83196,522
83197,522
83198,522
83199,524
83200,516
83201,520
83202,520
83203,512
83204,514
83205,518
83206,518
83207,522
83208,522
83209,518
83210,524
83211,524
83212,518
83213,526
83214,518
83215,518
83216,520
83217,522
83218,518
83219,524
83220,522
83221,518
83222,520
83223,522
83224,518
83225,522
83226,520
83227,514
83228,520
83229,524
83230,514
83231,524
83232,526
83233,516
83234,524
83235,524
83236,518
83237,524
83238,518
83239,518
83240,520
83241,526
83242,516
83243,524
83244,522
83245,516
83246,520
83247,526
83248,516
83249,524
83250,520
83251,522
83252,526
83253,526
83254,522
83255,522
83256,524
83257,514
83258,516
83259,518
83260,512
83261,518
83262,524
83263,520
83264,522
83265,522
83266,518
83267,522
83268,522
83269,520
83270,524
83271,524
83272,516
83273,526
83274,518
83275,520
83276,522
83277,524
83278,520
83279,520
83280,522
83281,518
83282,524
83283,524
83284,520
83285,524
83286,540
83287,522
83288,522
83289,522
83290,514
83291,518
83292,524
83293,518
83294,528
83295,518
83296,518
83297,516
83298,522
83299,516
83300,518
83301,524
83302,516
83303,520
83304,518
83305,518
83306,516
83307,516
83308,514
83309,524
83310,522
83311,520
83312,518
83313,526
83314,518
83315,514
83316,524
83317,510
83318,518
83319,520
83320,514
83321,524
83322,520
83323,518
83324,518
83325,520
83326,520
83327,526
83328,522
83329,520
83330,520
83331,522
83332,518
83333,518
83334,516
83335,520
83336,522
83337,524
83338,520
83339,526
83340,520
83341,520
83342,524
83343,518
83344,514
83345,520
83346,520
83347,520
83348,522
83349,526
83350,516
83351,520
83352,518
83353,520
83354,524
83355,520
83356,516
83357,520
83358,524
83359,518
83360,524
83361,526
83362,518
83363,524
83364,524
83365,518
83366,524
83367,526
83368,518
83369,522
83370,522
83371,522
83372,520
83373,528
83374,520
83375,524
83376,520
83377,522
83378,518
83379,522
83380,518
83381,520
83382,528
83383,520
83384,522
83385,520
83386,520
83387,524
83388,522
83389,578
83390,524
83391,518
83392,518
83393,522
83394,518
83395,520
83396,526
83397,522
83398,514
83399,520
83400,524
83401,518
83402,520
83403,520
83404,520
83405,522
83406,524
83407,518
83408,524
83409,524
83410,522
83411,522
83412,520
83413,512
83414,522
83415,516
83416,518
83417,526
83418,524
83419,516
83420,522
83421,518
83422,514
83423,522
83424,524
83425,520
83426,524
83427,516
83428,514
83429,524
83430,522
83431,518
83432,564
83433,524
83434,524
83435,514
83436,534
83437,518
83438,518
83439,520
83440,522
83441,524
83442,518
83443,522
83444,516
83445,522
83446,522
83447,520
83448,518
83449,520
83450,518
83451,516
83452,520
83453,520
83454,520
83455,522
83456,520
83457,564
83458,518
83459,520
83460,520
83461,518
83462,520
83463,518
83464,520
83465,514
83466,520
83467,522
83468,522
83469,524
83470,522
83471,516
83472,520
83473,516
83474,524
83475,520
83476,524
83477,520
83478,522
83479,518
83480,518
83481,524
83482,518
83483,520
83484,518
83485,520
83486,518
83487,518
83488,522
83489,512
83490,522
83491,524
83492,516
83493,524
83494,526
83495,522
83496,522
83497,518
83498,518
83499,520
83500,522
83501,516
83502,524
83503,522
83504,516
83505,522
83506,518
83507,516
83508,526
83509,522
83510,518
83511,520
83512,524
83513,520
83514,524
83515,518
83516,558
83517,524
83518,524
83519,520
83520,520
83521,520
83522,518
83523,518
83524,524
83525,514
83526,518
83527,520
83528,514
83529,526
83530,520
83531,518
83532,518
83533,520
83534,514
83535,516
83536,520
83537,510
83538,526
83539,522
83540,516
83541,518
83542,516
83543,514
83544,518
83545,516
83546,514
83547,516
83548,518
83549,518
83550,518
83551,518
83552,518
83553,524
83554,518
83555,514
83556,516
83557,520
83558,516
83559,518
83560,522
83561,518
83562,522
83563,514
83564,516
83565,520
83566,520
83567,520
83568,522
83569,522
83570,518
83571,518
83572,518
83573,518
83574,516
83575,560
83576,514
83577,524
83578,518
83579,516
83580,524
83581,518
83582,516
83583,522
83584,518
83585,520
83586,518
83587,518
83588,520
83589,518
83590,518
83591,518
83592,524
83593,524
83594,516
83595,516
83596,520
83597,522
83598,526
83599,522
83600,520
83601,518
83602,516
83603,522
83604,526
83605,522
83606,516
83607,522
83608,522
83609,522
83610,524
83611,524
83612,522
83613,524
83614,522
83615,514
83616,518
83617,520
83618,520
83619,522
83620,522
83621,520
83622,516
83623,526
83624,520
83625,522
83626,520
83627,518
83628,520
83629,524
83630,516
83631,518
83632,522
83633,520
83634,518
83635,524
83636,518
83637,534
83638,524
83639,518
83640,516
83641,520
83642,518
83643,524
83644,520
83645,516
83646,522
83647,524
83648,516
83649,520
83650,524
83651,520
83652,522
83653,524
83654,514
83655,516
83656,516
83657,516
83658,522
83659,518
83660,516
83661,524
83662,516
83663,518
83664,524
83665,518
83666,518
83667,526
83668,524
83669,512
83670,524
83671,516
83672,510
83673,520
83674,518
83675,516
83676,520
83677,522
83678,520
83679,520
83680,520
83681,516
83682,516
83683,522
83684,512
83685,524
83686,518
83687,516
83688,518
83689,520
83690,514
83691,520
83692,518
83693,520
83694,518
83695,516
83696,520
83697,518
83698,542
83699,516
83700,522
83701,520
83702,516
83703,520
83704,518
83705,518
83706,518
83707,518
83708,518
83709,526
83710,518
83711,518
83712,524
83713,522
83714,512
83715,524
83716,524
83717,520
83718,518
83719,526
83720,522
83721,522
83722,526
83723,516
83724,524
83725,518
83726,514
83727,518
83728,524
83729,516
83730,518
83731,524
83732,516
83733,524
83734,524
83735,518
83736,522
83737,520
83738,514
83739,522
83740,518
83741,522
83742,522
83743,520
83744,516
83745,516
83746,524
83747,518
83748,524
83749,518
83750,518
83751,520
83752,522
83753,520
83754,520
83755,524
83756,520
83757,520
83758,524
83759,520
83760,524
83761,524
83762,520
83763,564
83764,520
83765,520
83766,524
83767,524
83768,522
83769,516
83770,520
83771,516
83772,522
83773,522
83774,514
83775,522
83776,522
83777,514
83778,524
83779,514
83780,512
83781,524
83782,516
83783,520
83784,520
83785,522
83786,516
83787,520
83788,518
83789,520
83790,522
83791,524
83792,520
83793,522
83794,516
83795,516
83796,520
83797,518
83798,514
83799,516
83800,522
83801,522
83802,522
83803,520
83804,520
83805,518
83806,518
83807,518
83808,520
83809,518
83810,516
83811,524
83812,518
83813,518
83814,524
83815,524
83816,514
83817,520
83818,518
83819,516
83820,524
83821,520
83822,518
83823,520
83824,520
83825,556
83826,522
83827,522
83828,516
83829,516
83830,522
83831,518
83832,518
83833,520
83834,520
83835,524
83836,524
83837,514
83838,520
83839,520
83840,522
83841,560
83842,524
83843,520
83844,520
83845,514
83846,520
83847,524
83848,522
83849,520
83850,524
83851,524
83852,518
83853,520
83854,518
83855,518
83856,540
83857,520
83858,520
83859,524
83860,522
83861,514
83862,524
83863,520
83864,520
83865,522
83866,524
83867,516
83868,528
83869,526
83870,520
83871,526
83872,522
83873,514
83874,526
83875,524
83876,514
83877,518
83878,522
83879,522
83880,524
83881,522
83882,518
83883,518
83884,518
83885,516
83886,524
83887,518
83888,520
83889,524
83890,522
83891,518
83892,520
83893,524
83894,516
83895,524
83896,520
83897,560
83898,526
83899,520
83900,518
83901,520
83902,526
83903,516
83904,520
83905,520
83906,516
83907,520
83908,522
83909,516
83910,522
83911,520
83912,520
83913,518
83914,524
83915,516
83916,524
83917,524
83918,518
83919,520
83920,520
83921,514
83922,524
83923,518
83924,514
83925,516
83926,522
83927,512
83928,524
83929,524
83930,520
83931,518
83932,518
83933,516
83934,518
83935,522
83936,514
83937,520
83938,522
83939,520
83940,522
83941,522
83942,512
83943,518
83944,522
83945,518
83946,524
83947,520
83948,516
83949,520
83950,520
83951,522
83952,522
83953,518
83954,524
83955,566
83956,520
83957,512
83958,526
83959,522
83960,516
83961,522
83962,522
83963,520
83964,524
83965,522
83966,520
83967,524
83968,520
83969,514
83970,518
83971,524
83972,518
83973,520
83974,520
83975,514
83976,520
83977,526
83978,514
83979,524
83980,520
83981,516
83982,526
83983,524
83984,520
83985,524
83986,524
83987,520
83988,522
83989,524
83990,520
83991,526
83992,522
83993,520
83994,520
83995,518
83996,516
83997,524
83998,516
83999,522
84000,522
84001,520
84002,520
84003,524
84004,520
84005,518
84006,526
84007,520
84008,518
84009,524
84010,524
84011,518
84012,520
84013,518
84014,516
84015,524
84016,580
84017,514
84018,520
84019,518
84020,516
84021,518
84022,522
84023,522
84024,522
84025,518
84026,516
84027,520
84028,522
84029,518
84030,522
84031,522
84032,522
84033,518
84034,522
84035,516
84036,518
84037,522
84038,518
84039,520
84040,518
84041,516
84042,518
84043,524
84044,518
84045,520
84046,518
84047,520
84048,518
84049,518
84050,518
84051,520
84052,524
84053,512
84054,522
84055,520
84056,520
84057,516
84058,518
84059,516
84060,518
84061,526
84062,518
84063,516
84064,520
84065,520
84066,522
84067,518
84068,518
84069,522
84070,520
84071,520
84072,518
84073,522
84074,524
84075,518
84076,524
84077,536
84078,522
84079,520
84080,520
84081,526
84082,520
84083,516
84084,520
84085,518
84086,516
84087,514
84088,518
84089,518
84090,522
84091,518
84092,520
84093,518
84094,522
84095,522
84096,522
84097,522
84098,518
84099,518
84100,526
84101,516
84102,522
84103,522
84104,520
84105,518
84106,522
84107,518
84108,524
84109,520
84110,516
84111,522
84112,524
84113,520
84114,522
84115,520
84116,516
84117,524
84118,522
84119,518
84120,524
84121,528
84122,520
84123,526
84124,518
84125,518
84126,526
84127,518
84128,518
84129,522
84130,528
84131,520
84132,522
84133,524
84134,520
84135,520
84136,522
84137,520
84138,520
84139,522
84140,516
84141,526
84142,516
84143,518
84144,524
84145,520
84146,516
84147,522
84148,522
84149,520
84150,522
84151,524
84152,520
84153,520
84154,520
84155,520
84156,524
84157,520
84158,514
84159,518
84160,518
84161,512
84162,520
84163,522
84164,514
84165,520
84166,522
84167,520
84168,518
84169,524
84170,516
84171,522
84172,518
84173,520
84174,524
84175,524
84176,512
84177,524
84178,520
84179,518
84180,522
84181,516
84182,518
84183,520
84184,522
84185,514
84186,520
84187,518
84188,516
84189,518
84190,524
84191,518
84192,524
84193,522
84194,516
84195,522
84196,518
84197,516
84198,522
84199,524
84200,514
84201,522
84202,524
84203,520
84204,524
84205,524
84206,516
84207,514
84208,522
84209,558
84210,520
84211,516
84212,516
84213,518
84214,518
84215,522
84216,526
84217,522
84218,516
84219,520
84220,520
84221,516
84222,526
84223,524
84224,518
84225,520
84226,520
84227,514
84228,520
84229,524
84230,520
84231,520
84232,522
84233,520
84234,522
84235,520
84236,520
84237,526
84238,526
84239,520
84240,520
84241,524
84242,518
84243,524
84244,520
84245,516
84246,524
84247,524
84248,518
84249,516
84250,522
84251,586
84252,524
84253,524
84254,520
84255,520
84256,522
84257,520
84258,518
84259,518
84260,526
84261,572
84262,520
84263,522
84264,526
84265,514
84266,522
84267,514
84268,520
84269,524
84270,514
84271,526
84272,518
84273,520
84274,522
84275,518
84276,518
84277,520
84278,516
84279,520
84280,516
84281,520
84282,518
84283,522
84284,516
84285,516
84286,520
84287,522
84288,512
84289,516
84290,518
84291,518
84292,522
84293,522
84294,512
84295,518
84296,522
84297,520
84298,514
84299,518
84300,514
84301,518
84302,518
84303,518
84304,522
84305,522
84306,512
84307,520
84308,518
84309,516
84310,522
84311,518
84312,520
84313,518
84314,518
84315,518
84316,558
84317,518
84318,516
84319,522
84320,516
84321,518
84322,518
84323,520
84324,518
84325,516
84326,522
84327,520
84328,522
84329,522
84330,518
84331,518
84332,516
84333,520
84334,518
84335,518
84336,514
84337,522
84338,520
84339,520
84340,522
84341,520
84342,518
84343,524
84344,520
84345,512
84346,524
84347,520
84348,516
84349,522
84350,524
84351,522
84352,518
84353,520
84354,520
84355,522
84356,518
84357,520
84358,520
84359,520
84360,520
84361,524
84362,520
84363,518
84364,522
84365,520
84366,522
84367,524
84368,514
84369,558
84370,524
84371,520
84372,514
84373,522
84374,520
84375,516
84376,522
84377,524
84378,516
84379,522
84380,522
84381,520
84382,524
84383,526
84384,522
84385,524
84386,524
84387,514
84388,520
84389,522
84390,514
84391,524
84392,520
84393,512
84394,524
84395,522
84396,514
84397,520
84398,522
84399,522
84400,518
84401,520
84402,518
84403,522
84404,524
84405,522
84406,526
84407,518
84408,522
84409,516
84410,520
84411,514
84412,516
84413,518
84414,512
84415,520
84416,524
84417,520
84418,522
84419,520
84420,512
84421,522
84422,522
84423,516
84424,522
84425,518
84426,516
84427,520
84428,522
84429,512
84430,516
84431,522
84432,516
84433,522
84434,518
84435,516
84436,522
84437,518
84438,518
84439,522
84440,518
84441,514
84442,524
84443,522
84444,514
84445,522
84446,518
84447,516
84448,518
84449,518
84450,522
84451,524
84452,522
84453,520
84454,524
84455,520
84456,514
84457,516
84458,520
84459,518
84460,526
84461,518
84462,514
84463,522
84464,516
84465,522
84466,520
84467,520
84468,516
84469,518
84470,526
84471,516
84472,526
84473,524
84474,520
84475,520
84476,524
84477,514
84478,562
84479,522
84480,514
84481,520
84482,518
84483,520
84484,522
84485,522
84486,518
84487,522
84488,524
84489,520
84490,522
84491,518
84492,522
84493,526
84494,518
84495,520
84496,520
84497,526
84498,514
84499,524
84500,518
84501,520
84502,520
84503,522
84504,518
84505,516
84506,524
84507,518
84508,522
84509,518
84510,520
84511,524
84512,520
84513,512
84514,522
84515,518
84516,516
84517,518
84518,518
84519,520
84520,524
84521,518
84522,518
84523,524
84524,518
84525,518
84526,522
84527,522
84528,516
84529,518
84530,516
84531,516
84532,522
84533,520
84534,518
84535,516
84536,520
84537,520
84538,520
84539,524
84540,516
84541,524
84542,518
84543,512
84544,522
84545,522
84546,520
84547,520
84548,520
84549,518
84550,522
84551,522
84552,516
84553,522
84554,520
84555,516
84556,522
84557,518
84558,518
84559,516
84560,524
84561,518
84562,524
84563,518
84564,520
84565,520
84566,520
84567,514
84568,522
84569,522
84570,514
84571,524
84572,522
84573,512
84574,524
84575,524
84576,514
84577,516
84578,526
84579,518
84580,520
84581,518
84582,520
84583,520
84584,524
84585,516
84586,524
84587,518
84588,520
84589,520
84590,522
84591,512
84592,520
84593,522
84594,520
84595,518
84596,522
84597,520
84598,520
84599,526
84600,520
84601,520
84602,524
84603,516
84604,524
84605,520
84606,522
84607,520
84608,520
84609,520
84610,548
84611,524
84612,524
84613,520
84614,522
84615,518
84616,522
84617,534
84618,522
84619,520
84620,522
84621,520
84622,524
84623,518
84624,520
84625,524
84626,522
84627,522
84628,522
84629,522
84630,520
84631,520
84632,522
84633,518
84634,518
84635,520
84636,516
84637,524
84638,516
84639,520
84640,522
84641,516
84642,520
84643,522
84644,518
84645,524
84646,522
84647,520
84648,516
84649,522
84650,520
84651,522
84652,522
84653,518
84654,522
84655,520
84656,518
84657,522
84658,516
84659,522
84660,522
84661,558
84662,524
84663,526
84664,542
84665,516
84666,516
84667,516
84668,522
84669,516
84670,520
84671,516
84672,518
84673,522
84674,524
84675,518
84676,518
84677,520
84678,516
84679,520
84680,520
84681,516
84682,516
84683,516
84684,514
84685,518
84686,522
84687,514
84688,518
84689,520
84690,518
84691,524
84692,520
84693,516
84694,518
84695,518
84696,518
84697,524
84698,522
84699,512
84700,522
84701,518
84702,516
84703,524
84704,516
84705,522
84706,524
84707,516
84708,520
84709,526
84710,522
84711,516
84712,518
84713,522
84714,536
84715,516
84716,516
84717,512
84718,520
84719,524
84720,520
84721,516
84722,524
84723,514
84724,524
84725,526
84726,522
84727,522
84728,524
84729,520
84730,518
84731,518
84732,520
84733,518
84734,522
84735,520
84736,518
84737,528
84738,518
84739,522
84740,524
84741,518
84742,520
84743,522
84744,518
84745,524
84746,520
84747,514
84748,518
84749,526
84750,522
84751,518
84752,516
84753,522
84754,524
84755,522
84756,516
84757,522
84758,522
84759,520
84760,524
84761,526
84762,518
84763,520
84764,524
84765,520
84766,520
84767,522
84768,520
84769,522
84770,524
84771,518
84772,524
84773,522
84774,520
84775,520
84776,520
84777,510
84778,516
84779,556
84780,520
84781,520
84782,522
84783,512
84784,524
84785,522
84786,514
84787,522
84788,522
84789,518
84790,516
84791,522
84792,514
84793,522
84794,518
84795,512
84796,520
84797,522
84798,514
84799,522
84800,518
84801,518
84802,518
84803,522
84804,512
84805,518
84806,514
84807,512
84808,520
84809,522
84810,518
84811,518
84812,516
84813,516
84814,524
84815,518
84816,516
84817,520
84818,520
84819,516
84820,524
84821,522
84822,510
84823,520
84824,520
84825,518
84826,518
84827,524
84828,514
84829,522
84830,522
84831,516
84832,520
84833,524
84834,516
84835,520
84836,518
84837,514
84838,538
84839,524
84840,518
84841,520
84842,516
84843,514
84844,522
84845,516
84846,518
84847,518
84848,522
84849,512
84850,522
84851,522
84852,520
84853,520
84854,520
84855,514
84856,518
84857,522
84858,516
84859,518
84860,520
84861,516
84862,518
84863,528
84864,512
84865,526
84866,522
84867,514
84868,522
84869,518
84870,512
84871,522
84872,518
84873,520
84874,526
84875,524
84876,516
84877,520
84878,518
84879,516
84880,520
84881,524
84882,518
84883,516
84884,522
84885,518
84886,520
84887,518
84888,518
84889,520
84890,522
84891,514
84892,520
84893,518
84894,516
84895,520
84896,518
84897,532
84898,524
84899,524
84900,518
84901,518
84902,524
84903,518
84904,518
84905,522
84906,518
84907,516
84908,526
84909,514
84910,520
84911,518
84912,520
84913,518
84914,522
84915,516
84916,518
84917,520
84918,518
84919,518
84920,520
84921,518
84922,522
84923,516
84924,516
84925,524
84926,516
84927,520
84928,518
84929,522
84930,518
84931,520
84932,520
84933,520
84934,520
84935,518
84936,512
84937,522
84938,524
84939,514
84940,520
84941,518
84942,516
84943,516
84944,524
84945,516
84946,522
84947,522
84948,512
84949,518
84950,518
84951,518
84952,520
84953,526
84954,520
84955,520
84956,522
84957,514
84958,610
84959,570
84960,680
84961,736
84962,660
84963,764
84964,774
84965,752
84966,526
84967,540
84968,652
84969,644
84970,764
84971,790
84972,692
84973,638
84974,664
84975,624
84976,662
84977,688
84978,732
84979,712
84980,692
84981,696
84982,646
84983,716
84984,780
84985,732
84986,720
84987,776
84988,674
84989,678
84990,596
84991,742
84992,798
84993,654
84994,706
84995,580
84996,544
84997,538
84998,540
84999,708
85000,546
85001,546
85002,536
85003,560
85004,520
85005,528
85006,516
85007,520
85008,528
85009,518
85010,516
85011,522
85012,516
85013,518
85014,522
85015,516
85016,514
85017,518
85018,516
85019,512
85020,524
85021,520
85022,516
85023,522
85024,526
85025,520
85026,524
85027,516
85028,518
85029,522
85030,516
85031,512
85032,516
85033,516
85034,514
85035,518
85036,520
85037,516
85038,520
85039,524
85040,514
85041,516
85042,518
85043,512
85044,516
85045,522
85046,514
85047,518
85048,516
85049,514
85050,522
85051,524
85052,514
85053,522
85054,520
85055,516
85056,524
85057,514
85058,516
85059,516
85060,560
85061,520
85062,522
85063,522
85064,520
85065,520
85066,514
85067,516
85068,518
85069,522
85070,558
85071,520
85072,526
85073,524
85074,516
85075,522
85076,528
85077,522
85078,516
85079,522
85080,524
85081,520
85082,522
85083,522
85084,516
85085,518
85086,520
85087,522
85088,522
85089,530
85090,520
85091,526
85092,516
85093,518
85094,524
85095,526
85096,520
85097,518
85098,518
85099,520
85100,518
85101,520
85102,518
85103,520
85104,522
85105,524
85106,516
85107,522
85108,526
85109,520
85110,518
85111,518
85112,514
85113,524
85114,520
85115,516
85116,522
85117,522
85118,514
85119,522
85120,520
85121,520
85122,520
85123,526
85124,514
85125,524
85126,518
85127,518
85128,524
85129,516
85130,522
85131,520
85132,518
85133,516
85134,520
85135,562
85136,518
85137,522
85138,518
85139,516
85140,522
85141,520
85142,518
85143,518
85144,520
85145,514
85146,518
85147,524
85148,514
85149,522
85150,522
85151,512
85152,520
85153,514
85154,518
85155,522
85156,522
85157,516
85158,522
85159,526
85160,514
85161,520
85162,520
85163,520
85164,516
85165,518
85166,520
85167,520
85168,518
85169,514
85170,524
85171,520
85172,518
85173,520
85174,516
85175,512
85176,520
85177,524
85178,514
85179,522
85180,522
85181,516
85182,522
85183,522
85184,518
85185,520
85186,526
85187,518
85188,518
85189,520
85190,520
85191,524
85192,524
85193,522
85194,520
85195,518
85196,562
85197,518
85198,516
85199,516
85200,522
85201,524
85202,520
85203,524
85204,524
85205,514
85206,520
85207,520
85208,516
85209,520
85210,518
85211,516
85212,524
85213,522
85214,518
85215,520
85216,522
85217,516
85218,520
85219,524
85220,522
85221,518
85222,518
85223,518
85224,522
85225,518
85226,516
85227,524
85228,518
85229,522
85230,520
85231,518
85232,514
85233,522
85234,522
85235,518
85236,522
85237,518
85238,518
85239,526
85240,522
85241,520
85242,524
85243,522
85244,522
85245,520
85246,526
85247,516
85248,518
85249,524
85250,518
85251,518
85252,524
85253,518
85254,518
85255,518
85256,556
85257,526
85258,520
85259,518
85260,518
85261,524
85262,514
85263,520
85264,524
85265,516
85266,516
85267,520
85268,512
85269,520
85270,522
85271,512
85272,518
85273,522
85274,520
85275,518
85276,524
85277,520
85278,518
85279,524
85280,516
85281,518
85282,522
85283,516
85284,522
85285,516
85286,512
85287,520
85288,520
85289,518
85290,522
85291,518
85292,516
85293,520
85294,526
85295,514
85296,522
85297,518
85298,516
85299,520
85300,522
85301,516
85302,524
85303,522
85304,516
85305,522
85306,518
85307,514
85308,518
85309,522
85310,520
85311,516
85312,528
85313,520
85314,524
85315,520
85316,524
85317,536
85318,522
85319,520
85320,520
85321,518
85322,518
85323,518
85324,524
85325,516
85326,524
85327,526
85328,514
85329,520
85330,518
85331,516
85332,520
85333,516
85334,514
85335,520
85336,522
85337,522
85338,524
85339,518
85340,516
85341,522
85342,526
85343,518
85344,518
85345,518
85346,516
85347,526
85348,520
85349,518
85350,524
85351,522
85352,520
85353,524
85354,520
85355,520
85356,518
85357,524
85358,520
85359,520
85360,524
85361,520
85362,522
85363,522
85364,516
85365,524
85366,520
85367,518
85368,520
85369,520
85370,514
85371,520
85372,526
85373,518
85374,528
85375,526
85376,518
85377,562
85378,520
85379,516
85380,522
85381,520
85382,518
85383,522
85384,522
85385,520
85386,520
85387,522
85388,520
85389,516
85390,524
85391,514
85392,522
85393,522
85394,516
85395,520
85396,520
85397,516
85398,518
85399,522
85400,518
85401,524
85402,522
85403,514
85404,516
85405,522
85406,518
85407,520
85408,522
85409,514
85410,522
85411,516
85412,518
85413,518
85414,522
85415,516
85416,516
85417,520
85418,514
85419,524
85420,522
85421,514
85422,524
85423,522
85424,520
85425,522
85426,520
85427,514
85428,522
85429,524
85430,512
85431,522
85432,526
85433,518
85434,522
85435,524
85436,522
85437,518
85438,544
85439,514
85440,522
85441,522
85442,522
85443,522
85444,522
85445,520
85446,524
85447,522
85448,522
85449,522
85450,522
85451,522
85452,524
85453,522
85454,514
85455,518
85456,520
85457,520
85458,524
85459,522
85460,518
85461,516
85462,524
85463,520
85464,520
85465,526
85466,514
85467,528
85468,524
85469,518
85470,526
85471,524
85472,516
85473,526
85474,522
85475,520
85476,522
85477,520
85478,516
85479,524
85480,570
85481,522
85482,516
85483,540
85484,516
85485,518
85486,514
85487,518
85488,522
85489,522
85490,516
85491,522
85492,516
85493,516
85494,520
85495,524
85496,516
85497,520
85498,522
85499,518
85500,524
85501,524
85502,512
85503,520
85504,520
85505,518
85506,522
85507,520
85508,518
85509,516
85510,520
85511,514
85512,518
85513,526
85514,512
85515,520
85516,518
85517,516
85518,520
85519,520
85520,514
85521,518
85522,524
85523,516
85524,520
85525,520
85526,520
85527,514
85528,520
85529,554
85530,522
85531,522
85532,520
85533,524
85534,516
85535,516
85536,522
85537,520
85538,516
85539,520
85540,524
85541,520
85542,522
85543,524
85544,516
85545,526
85546,522
85547,518
85548,526
85549,526
85550,520
85551,522
85552,522
85553,516
85554,524
85555,522
85556,520
85557,522
85558,522
85559,514
85560,524
85561,518
85562,518
85563,522
85564,520
85565,520
85566,520
85567,524
85568,516
85569,520
85570,522
85571,516
85572,520
85573,520
85574,516
85575,522
85576,526
85577,516
85578,524
85579,524
85580,524
85581,524
85582,526
85583,516
85584,520
85585,526
85586,516
85587,522
85588,518
85589,518
85590,524
85591,526
85592,522
85593,524
85594,528
85595,512
85596,522
85597,522
85598,518
85599,518
85600,526
85601,522
85602,516
85603,522
85604,522
85605,516
85606,518
85607,524
85608,514
85609,524
85610,524
85611,516
85612,520
85613,524
85614,520
85615,524
85616,524
85617,518
85618,520
85619,518
85620,512
85621,524
85622,518
85623,516
85624,522
85625,518
85626,512
85627,518
85628,516
85629,520
85630,520
85631,516
85632,512
85633,518
85634,522
85635,514
85636,518
85637,526
85638,512
85639,522
85640,516
85641,560
85642,516
85643,518
85644,516
85645,516
85646,522
85647,512
85648,520
85649,522
85650,518
85651,522
85652,516
85653,518
85654,522
85655,520
85656,518
85657,518
85658,520
85659,514
85660,522
85661,520
85662,516
85663,520
85664,516
85665,516
85666,520
85667,520
85668,516
85669,522
85670,522
85671,516
85672,516
85673,518
85674,514
85675,516
85676,522
85677,522
85678,524
85679,526
85680,518
85681,518
85682,522
85683,516
85684,524
85685,520
85686,520
85687,520
85688,526
85689,520
85690,520
85691,524
85692,520
85693,520
85694,524
85695,516
85696,520
85697,524
85698,518
85699,524
85700,526
85701,520
85702,522
85703,524
85704,514
85705,522
85706,520
85707,522
85708,522
85709,522
85710,522
85711,522
85712,524
85713,520
85714,522
85715,526
85716,514
85717,522
85718,520
85719,522
85720,524
85721,520
85722,522
85723,518
85724,516
85725,522
85726,526
85727,518
85728,516
85729,524
85730,518
85731,520
85732,522
85733,524
85734,518
85735,526
85736,522
85737,522
85738,524
85739,524
85740,516
85741,518
85742,524
85743,520
85744,522
85745,524
85746,514
85747,518
85748,518
85749,516
85750,566
85751,518
85752,516
85753,520
85754,518
85755,516
85756,522
85757,524
85758,518
85759,516
85760,520
85761,514
85762,520
85763,520
85764,514
85765,522
85766,522
85767,516
85768,522
85769,518
85770,516
85771,518
85772,522
85773,520
85774,520
85775,520
85776,520
85777,520
85778,522
85779,512
85780,520
85781,522
85782,514
85783,522
85784,516
85785,518
85786,524
85787,522
85788,512
85789,520
85790,522
85791,522
85792,522
85793,524
85794,514
85795,524
85796,516
85797,516
85798,520
85799,522
85800,520
85801,518
85802,522
85803,522
85804,518
85805,518
85806,516
85807,562
85808,522
85809,512
85810,522
85811,520
85812,520
85813,522
85814,518
85815,514
85816,524
85817,522
85818,520
85819,526
85820,520
85821,520
85822,520
85823,522
85824,516
85825,518
85826,520
85827,518
85828,522
85829,518
85830,518
85831,526
85832,522
85833,516
85834,522
85835,524
85836,520
85837,522
85838,524
85839,518
85840,526
85841,520
85842,520
85843,524
85844,520
85845,522
85846,520
85847,520
85848,520
85849,524
85850,524
85851,520
85852,520
85853,524
85854,520
85855,522
85856,526
85857,516
85858,522
85859,524
85860,516
85861,524
85862,524
85863,518
85864,526
85865,520
85866,520
85867,524
85868,564
85869,520
85870,522
85871,518
85872,514
85873,524
85874,522
85875,522
85876,524
85877,526
85878,518
85879,518
85880,520
85881,512
85882,524
85883,520
85884,518
85885,520
85886,524
85887,520
85888,520
85889,544
85890,520
85891,524
85892,520
85893,510
85894,514
85895,524
85896,544
85897,516
85898,516
85899,524
85900,514
85901,518
85902,522
85903,516
85904,518
85905,526
85906,522
85907,522
85908,524
85909,520
85910,520
85911,522
85912,516
85913,516
85914,516
85915,514
85916,522
85917,524
85918,514
85919,520
85920,520
85921,520
85922,532
85923,526
85924,522
85925,522
85926,516
85927,520
85928,520
85929,520
85930,518
85931,520
85932,520
85933,520
85934,520
85935,524
85936,514
85937,516
85938,564
85939,520
85940,522
85941,522
85942,520
85943,524
85944,520
85945,522
85946,526
85947,524
85948,518
85949,522
85950,520
85951,514
85952,522
85953,518
85954,520
85955,518
85956,526
85957,522
85958,522
85959,518
85960,516
85961,524
85962,520
85963,518
85964,526
85965,520
85966,512
85967,522
85968,524
85969,512
85970,518
85971,520
85972,518
85973,516
85974,524
85975,520
85976,524
85977,520
85978,514
85979,524
85980,522
85981,520
85982,522
85983,526
85984,514
85985,520
85986,526
85987,520
85988,526
85989,518
85990,516
85991,520
85992,524
85993,518
85994,520
85995,520
85996,520
85997,518
85998,518
85999,556
86000,520
86001,522
86002,516
86003,516
86004,524
86005,520
86006,522
86007,520
86008,516
86009,516
86010,522
86011,512
86012,522
86013,522
86014,514
86015,520
86016,524
86017,520
86018,518
86019,516
86020,516
86021,522
86022,522
86023,518
86024,522
86025,522
86026,518
86027,522
86028,522
86029,512
86030,524
86031,522
86032,522
86033,522
86034,518
86035,516
86036,518
86037,520
86038,518
86039,518
86040,520
86041,514
86042,522
86043,520
86044,514
86045,522
86046,520
86047,518
86048,520
86049,522
86050,520
86051,518
86052,520
86053,518
86054,522
86055,524
86056,516
86057,524
86058,540
86059,518
86060,524
86061,520
86062,520
86063,522
86064,522
86065,518
86066,520
86067,524
86068,518
86069,522
86070,526
86071,514
86072,520
86073,520
86074,512
86075,522
86076,524
86077,522
86078,524
86079,522
86080,516
86081,522
86082,520
86083,518
86084,520
86085,518
86086,518
86087,524
86088,518
86089,516
86090,522
86091,524
86092,516
86093,524
86094,522
86095,518
86096,522
86097,518
86098,520
86099,524
86100,518
86101,512
86102,516
86103,528
86104,516
86105,524
86106,524
86107,514
86108,516
86109,520
86110,516
86111,520
86112,518
86113,514
86114,516
86115,518
86116,516
86117,518
86118,522
86119,516
86120,520
86121,516
86122,518
86123,522
86124,516
86125,516
86126,520
86127,524
86128,520
86129,520
86130,524
86131,518
86132,520
86133,524
86134,518
86135,520
86136,516
86137,514
86138,524
86139,516
86140,516
86141,516
86142,558
86143,516
86144,522
86145,516
86146,514
86147,522
86148,516
86149,510
86150,516
86151,522
86152,512
86153,520
86154,520
86155,512
86156,520
86157,518
86158,518
86159,520
86160,520
86161,516
86162,522
86163,516
86164,514
86165,520
86166,518
86167,514
86168,522
86169,522
86170,516
86171,522
86172,522
86173,516
86174,522
86175,518
86176,514
86177,518
86178,524
86179,520
86180,522
86181,520
86182,520
86183,520
86184,524
86185,518
86186,524
86187,518
86188,518
86189,518
86190,520
86191,518
86192,522
86193,518
86194,514
86195,524
86196,522
86197,520
86198,526
86199,520
86200,558
86201,522
86202,522
86203,520
86204,524
86205,528
86206,514
86207,520
86208,522
86209,518
86210,520
86211,518
86212,516
86213,518
86214,522
86215,512
86216,524
86217,520
86218,518
86219,522
86220,516
86221,516
86222,518
86223,518
86224,514
86225,518
86226,522
86227,516
86228,516
86229,520
86230,518
86231,518
86232,522
86233,518
86234,524
86235,524
86236,520
86237,520
86238,522
86239,520
86240,524
86241,526
86242,516
86243,522
86244,522
86245,520
86246,524
86247,520
86248,520
86249,524
86250,522
86251,516
86252,522
86253,520
86254,518
86255,524
86256,522
86257,514
86258,562
86259,520
86260,514
86261,518
86262,520
86263,510
86264,522
86265,522
86266,512
86267,522
86268,522
86269,512
86270,520
86271,520
86272,520
86273,524
86274,516
86275,516
86276,514
86277,520
86278,518
86279,522
86280,522
86281,520
86282,518
86283,516
86284,518
86285,522
86286,520
86287,518
86288,522
86289,518
86290,514
86291,522
86292,524
86293,520
86294,516
86295,518
86296,512
86297,520
86298,524
86299,556
86300,522
86301,520
86302,512
86303,524
86304,524
86305,518
86306,516
86307,522
86308,520
86309,516
86310,520
86311,522
86312,518
86313,522
86314,524
86315,516
86316,520
86317,520
86318,540
86319,522
86320,524
86321,522
86322,522
86323,524
86324,516
86325,520
86326,524
86327,516
86328,522
86329,520
86330,516
86331,524
86332,522
86333,520
86334,522
86335,522
86336,514
86337,522
86338,524
86339,522
86340,522
86341,524
86342,518
86343,522
86344,518
86345,516
86346,518
86347,522
86348,512
86349,562
86350,516
86351,518
86352,524
86353,518
86354,516
86355,528
86356,520
86357,516
86358,514
86359,522
86360,516
86361,518
86362,520
86363,520
86364,518
86365,522
86366,520
86367,520
86368,520
86369,518
86370,524
86371,526
86372,514
86373,518
86374,518
86375,518
86376,526
86377,520
86378,518
86379,524
86380,516
86381,516
86382,518
86383,522
86384,512
86385,514
86386,518
86387,520
86388,524
86389,522
86390,516
86391,520
86392,520
86393,514
86394,520
86395,518
86396,518
86397,518
86398,518
86399,518
86400,524
86401,522
86402,518
86403,520
86404,520
86405,516
86406,520
86407,522
86408,514
86409,542
86410,522
86411,520
86412,520
86413,520
86414,522
86415,520
86416,526
86417,518
86418,524
86419,516
86420,516
86421,526
86422,518
86423,518
86424,526
86425,524
86426,516
86427,524
86428,520
86429,518
86430,526
86431,524
86432,520
86433,524
86434,524
86435,516
86436,524
86437,520
86438,520
86439,520
86440,518
86441,520
86442,524
86443,522
86444,522
86445,524
86446,522
86447,520
86448,526
86449,524
86450,520
86451,526
86452,522
86453,518
86454,528
86455,526
86456,520
86457,526
86458,522
86459,516
86460,516
86461,522
86462,522
86463,520
86464,522
86465,520
86466,516
86467,526
86468,520
86469,516
86470,524
86471,518
86472,518
86473,520
86474,516
86475,520
86476,520
86477,522
86478,520
86479,524
86480,518
86481,522
86482,522
86483,520
86484,518
86485,524
86486,514
86487,520
86488,518
86489,514
86490,520
86491,522
86492,516
86493,520
86494,522
86495,520
86496,518
86497,516
86498,514
86499,518
86500,516
86501,518
86502,522
86503,520
86504,518
86505,522
86506,526
86507,516
86508,522
86509,516
86510,520
86511,522
86512,524
86513,514
86514,524
86515,516
86516,518
86517,522
86518,522
86519,514
86520,520
86521,518
86522,520
86523,524
86524,522
86525,514
86526,520
86527,522
86528,556
86529,518
86530,524
86531,516
86532,524
86533,524
86534,518
86535,520
86536,524
86537,512
86538,524
86539,524
86540,516
86541,520
86542,518
86543,520
86544,524
86545,522
86546,516
86547,522
86548,524
86549,518
86550,524
86551,524
86552,516
86553,526
86554,524
86555,522
86556,522
86557,524
86558,516
86559,526
86560,524
86561,518
86562,524
86563,524
86564,522
86565,524
86566,520
86567,520
86568,524
86569,524
86570,514
86571,526
86572,524
86573,514
86574,524
86575,522
86576,522
86577,526
86578,520
86579,516
86580,526
86581,522
86582,518
86583,522
86584,524
86585,520
86586,520
86587,522
86588,516
86589,566
86590,522
86591,518
86592,524
86593,526
86594,520
86595,520
86596,520
86597,522
86598,516
86599,524
86600,520
86601,520
86602,524
86603,522
86604,524
86605,524
86606,512
86607,524
86608,524
86609,516
86610,524
86611,524
86612,520
86613,522
86614,524
86615,518
86616,518
86617,520
86618,520
86619,524
86620,524
86621,514
86622,520
86623,518
86624,520
86625,522
86626,522
86627,520
86628,520
86629,524
86630,516
86631,520
86632,520
86633,518
86634,518
86635,524
86636,514
86637,522
86638,518
86639,516
86640,522
86641,522
86642,510
86643,516
86644,522
86645,516
86646,522
86647,518
86648,520
86649,520
86650,518
86651,514
86652,516
86653,518
86654,514
86655,522
86656,520
86657,514
86658,518
86659,520
86660,516
86661,522
86662,524
86663,514
86664,524
86665,520
86666,516
86667,524
86668,518
86669,520
86670,524
86671,516
86672,518
86673,518
86674,524
86675,520
86676,524
86677,526
86678,520
86679,528
86680,518
86681,522
86682,522
86683,524
86684,516
86685,518
86686,520
86687,518
86688,516
86689,520
86690,518
86691,524
86692,520
86693,516
86694,520
86695,524
86696,522
86697,562
86698,520
86699,516
86700,516
86701,520
86702,520
86703,522
86704,522
86705,522
86706,524
86707,524
86708,520
86709,568
86710,526
86711,518
86712,542
86713,514
86714,520
86715,518
86716,516
86717,520
86718,522
86719,520
86720,526
86721,520
86722,516
86723,518
86724,522
86725,516
86726,524
86727,518
86728,520
86729,524
86730,520
86731,514
86732,518
86733,522
86734,514
86735,526
86736,522
86737,520
86738,520
86739,522
86740,516
86741,522
86742,518
86743,518
86744,516
86745,524
86746,516
86747,518
86748,516
86749,520
86750,522
86751,524
86752,516
86753,516
86754,524
86755,518
86756,520
86757,520
86758,516
86759,522
86760,522
86761,514
86762,524
86763,520
86764,514
86765,514
86766,522
86767,560
86768,518
86769,522
86770,518
86771,522
86772,518
86773,518
86774,518
86775,520
86776,520
86777,524
86778,522
86779,518
86780,514
86781,516
86782,518
86783,524
86784,520
86785,520
86786,522
86787,520
86788,516
86789,524
86790,522
86791,520
86792,520
86793,526
86794,520
86795,520
86796,524
86797,520
86798,522
86799,522
86800,518
86801,524
86802,522
86803,518
86804,522
86805,520
86806,520
86807,520
86808,520
86809,516
86810,516
86811,520
86812,518
86813,524
86814,520
86815,520
86816,520
86817,518
86818,516
86819,526
86820,522
86821,518
86822,520
86823,526
86824,516
86825,520
86826,526
86827,576
86828,524
86829,518
86830,516
86831,522
86832,520
86833,518
86834,520
86835,518
86836,520
86837,520
86838,518
86839,520
86840,524
86841,520
86842,518
86843,524
86844,522
86845,520
86846,524
86847,518
86848,514
86849,518
86850,522
86851,522
86852,526
86853,518
86854,516
86855,520
86856,522
86857,516
86858,524
86859,524
86860,516
86861,520
86862,522
86863,520
86864,522
86865,516
86866,520
86867,542
86868,548
86869,546
86870,550
86871,548
86872,552
86873,542
86874,548
86875,540
86876,538
86877,540
86878,542
86879,546
86880,542
86881,542
86882,540
86883,540
86884,534
86885,546
86886,542
86887,538
86888,580
86889,542
86890,534
86891,540
86892,548
86893,540
86894,546
86895,544
86896,540
86897,546
86898,546
86899,540
86900,540
86901,540
86902,544
86903,542
86904,544
86905,538
86906,542
86907,542
86908,544
86909,542
86910,546
86911,542
86912,544
86913,546
86914,542
86915,546
86916,550
86917,542
86918,546
86919,544
86920,544
86921,544
86922,540
86923,540
86924,542
86925,544
86926,546
86927,550
86928,542
86929,544
86930,542
86931,548
86932,544
86933,546
86934,548
86935,540
86936,546
86937,542
86938,544
86939,546
86940,542
86941,542
86942,548
86943,540
86944,544
86945,546
86946,548
86947,544
86948,544
86949,546
86950,544
86951,548
86952,544
86953,544
86954,544
86955,544
86956,538
86957,542
86958,546
86959,540
86960,546
86961,546
86962,542
86963,548
86964,544
86965,542
86966,546
86967,542
86968,542
86969,546
86970,544
86971,542
86972,548
86973,546
86974,542
86975,546
86976,546
86977,544
86978,546
86979,542
86980,538
86981,546
86982,540
86983,540
86984,540
86985,588
86986,540
86987,544
86988,544
86989,542
86990,542
86991,548
86992,536
86993,548
86994,544
86995,542
86996,542
86997,546
86998,536
86999,544
87000,538
87001,538
87002,544
87003,544
87004,542
87005,544
87006,544
87007,540
87008,540
87009,546
87010,540
87011,544
87012,542
87013,540
87014,546
87015,544
87016,538
87017,546
87018,544
87019,536
87020,546
87021,548
87022,538
87023,544
87024,544
87025,546
87026,548
87027,544
87028,540
87029,544
87030,546
87031,538
87032,540
87033,544
87034,542
87035,542
87036,546
87037,544
87038,544
87039,540
87040,544
87041,546
87042,542
87043,538
87044,540
87045,544
87046,542
87047,550
87048,586
87049,536
87050,546
87051,544
87052,542
87053,544
87054,546
87055,544
87056,546
87057,546
87058,544
87059,544
87060,544
87061,542
87062,542
87063,550
87064,538
87065,546
87066,548
87067,540
87068,548
87069,542
87070,542
87071,544
87072,544
87073,538
87074,544
87075,550
87076,544
87077,546
87078,544
87079,546
87080,544
87081,546
87082,542
87083,546
87084,546
87085,538
87086,546
87087,546
87088,540
87089,550
87090,548
87091,542
87092,546
87093,546
87094,540
87095,20314
87096,548
87097,538
87098,550
87099,548
87100,538
87101,546
87102,544
87103,542
87104,546
87105,556
87106,538
87107,538
87108,544
87109,536
87110,548
87111,544
87112,538
87113,546
87114,546
87115,546
87116,546
87117,542
87118,594
87119,546
87120,546
87121,546
87122,540
87123,542
87124,542
87125,546
87126,538
87127,544
87128,542
87129,546
87130,546
87131,542
87132,550
87133,542
87134,544
87135,548
87136,538
87137,544
87138,542
87139,542
87140,542
87141,542
87142,542
87143,548
87144,546
87145,540
87146,544
87147,544
87148,544
87149,562
87150,546
87151,538
87152,540
87153,548
87154,542
87155,548
87156,548
87157,544
87158,540
87159,548
87160,536
87161,546
87162,548
87163,540
87164,548
87165,614
87166,542
87167,546
87168,542
87169,540
87170,542
87171,544
87172,540
87173,542
87174,546
87175,536
87176,550
87177,542
87178,534
87179,540
87180,544
87181,536
87182,546
87183,542
87184,542
87185,586
87186,546
87187,546
87188,542
87189,542
87190,544
87191,542
87192,542
87193,538
87194,548
87195,544
87196,538
87197,538
87198,542
87199,542
87200,544
87201,610
87202,534
87203,546
87204,542
87205,542
87206,546
87207,546
87208,536
87209,546
87210,546
87211,544
87212,548
87213,548
87214,534
87215,538
87216,546
87217,534
87218,542
87219,546
87220,544
87221,546
87222,544
87223,540
87224,544
87225,544
87226,542
87227,540
87228,548
87229,542
87230,540
87231,542
87232,536
87233,546
87234,548
87235,540
87236,548
87237,544
87238,538
87239,544
87240,546
87241,538
87242,542
87243,544
87244,540
87245,546
87246,542
87247,544
87248,540
87249,548
87250,540
87251,542
87252,546
87253,534
87254,544
87255,550
87256,538
87257,546
87258,546
87259,538
87260,544
87261,544
87262,544
87263,544
87264,550
87265,542
87266,544
87267,546
87268,544
87269,546
87270,546
87271,536
87272,548
87273,546
87274,542
87275,546
87276,542
87277,538
87278,546
87279,540
87280,544
87281,546
87282,542
87283,544
87284,546
87285,544
87286,540
87287,542
87288,542
87289,540
87290,540
87291,546
87292,536
87293,548
87294,542
87295,546
87296,586
87297,544
87298,536
87299,542
87300,546
87301,544
87302,546
87303,548
87304,544
87305,544
87306,544
87307,540
87308,542
87309,540
87310,540
87311,542
87312,544
87313,540
87314,540
87315,546
87316,540
87317,542
87318,542
87319,536
87320,548
87321,546
87322,542
87323,542
87324,544
87325,540
87326,546
87327,546
87328,542
87329,544
87330,546
87331,538
87332,542
87333,550
87334,536
87335,546
87336,548
87337,540
87338,542
87339,540
87340,542
87341,542
87342,540
87343,534
87344,544
87345,540
87346,536
87347,542
87348,542
87349,536
87350,540
87351,550
87352,544
87353,544
87354,546
87355,540
87356,548
87357,544
87358,536
87359,542
87360,546
87361,582
87362,542
87363,548
87364,540
87365,546
87366,546
87367,540
87368,550
87369,542
87370,540
87371,546
87372,550
87373,536
87374,548
87375,548
87376,536
87377,542
87378,544
87379,544
87380,544
87381,542
87382,540
87383,546
87384,548
87385,542
87386,548
87387,540
87388,546
87389,546
87390,544
87391,540
87392,540
87393,546
87394,542
87395,544
87396,550
87397,542
87398,550
87399,540
87400,538
87401,550
87402,544
87403,538
87404,548
87405,546
87406,538
87407,542
87408,544
87409,544
87410,544
87411,544
87412,538
87413,548
87414,546
87415,540
87416,540
87417,542
87418,544
87419,546
87420,548
87421,536
87422,546
87423,550
87424,536
87425,546
87426,548
87427,544
87428,546
87429,548
87430,536
87431,544
87432,542
87433,540
87434,548
87435,544
87436,538
87437,546
87438,544
87439,538
87440,540
87441,538
87442,540
87443,540
87444,540
87445,536
87446,542
87447,544
87448,538
87449,544
87450,548
87451,538
87452,546
87453,544
87454,544
87455,544
87456,544
87457,538
87458,544
87459,540
87460,542
87461,548
87462,546
87463,538
87464,546
87465,544
87466,542
87467,548
87468,546
87469,540
87470,548
87471,542
87472,544
87473,548
87474,542
87475,540
87476,540
87477,546
87478,540
87479,546
87480,548
87481,544
87482,550
87483,544
87484,542
87485,542
87486,546
87487,544
87488,544
87489,550
87490,538
87491,542
87492,540
87493,542
87494,542
87495,550
87496,540
87497,544
87498,544
87499,536
87500,550
87501,546
87502,542
87503,546
87504,546
87505,540
87506,544
87507,546
87508,544
87509,542
87510,548
87511,546
87512,546
87513,548
87514,536
87515,544
87516,544
87517,542
87518,542
87519,548
87520,540
87521,548
87522,548
87523,538
87524,546
87525,546
87526,542
87527,542
87528,588
87529,552
87530,548
87531,542
87532,546
87533,542
87534,544
87535,540
87536,538
87537,542
87538,544
87539,542
87540,546
87541,538
87542,534
87543,550
87544,544
87545,542
87546,542
87547,542
87548,540
87549,540
87550,546
87551,540
87552,546
87553,542
87554,536
87555,544
87556,542
87557,534
87558,542
87559,546
87560,538
87561,546
87562,548
87563,540
87564,542
87565,550
87566,544
87567,550
87568,548
87569,542
87570,546
87571,542
87572,544
87573,590
87574,548
87575,540
87576,546
87577,546
87578,538
87579,546
87580,548
87581,538
87582,548
87583,540
87584,542
87585,546
87586,546
87587,544
87588,548
87589,548
87590,544
87591,548
87592,548
87593,542
87594,546
87595,544
87596,544
87597,542
87598,548
87599,544
87600,550
87601,550
87602,548
87603,550
87604,548
87605,544
87606,548
87607,546
87608,538
87609,546
87610,548
87611,542
87612,548
87613,542
87614,538
87615,542
87616,546
87617,542
87618,546
87619,548
87620,544
87621,542
87622,546
87623,538
87624,548
87625,548
87626,544
87627,544
87628,550
87629,546
87630,546
87631,542
87632,544
87633,544
87634,548
87635,538
87636,548
87637,542
87638,542
87639,548
87640,546
87641,542
87642,548
87643,544
87644,540
87645,544
87646,546
87647,540
87648,542
87649,540
87650,538
87651,548
87652,544
87653,544
87654,546
87655,544
87656,548
87657,542
87658,544
87659,542
87660,542
87661,546
87662,544
87663,550
87664,546
87665,538
87666,548
87667,546
87668,540
87669,544
87670,546
87671,540
87672,546
87673,546
87674,546
87675,546
87676,542
87677,538
87678,544
87679,544
87680,542
87681,540
87682,540
87683,540
87684,548
87685,544
87686,538
87687,540
87688,544
87689,540
87690,586
87691,552
87692,542
87693,548
87694,542
87695,544
87696,544
87697,542
87698,540
87699,542
87700,544
87701,538
87702,550
87703,540
87704,542
87705,546
87706,546
87707,542
87708,542
87709,550
87710,542
87711,546
87712,548
87713,538
87714,548
87715,546
87716,544
87717,548
87718,548
87719,542
87720,550
87721,550
87722,544
87723,542
87724,548
87725,546
87726,544
87727,544
87728,540
87729,550
87730,542
87731,544
87732,550
87733,548
87734,542
87735,546
87736,548
87737,538
87738,544
87739,550
87740,546
87741,542
87742,544
87743,540
87744,542
87745,546
87746,538
87747,552
87748,548
87749,546
87750,548
87751,588
87752,542
87753,548
87754,542
87755,544
87756,550
87757,542
87758,544
87759,546
87760,548
87761,544
87762,546
87763,548
87764,542
87765,548
87766,548
87767,542
87768,548
87769,546
87770,538
87771,540
87772,542
87773,542
87774,542
87775,544
87776,542
87777,546
87778,546
87779,538
87780,546
87781,546
87782,542
87783,538
87784,546
87785,544
87786,542
87787,544
87788,542
87789,544
87790,546
87791,542
87792,546
87793,548
87794,534
87795,542
87796,542
87797,540
87798,540
87799,544
87800,538
87801,542
87802,548
87803,536
87804,546
87805,546
87806,538
87807,540
87808,542
87809,536
87810,544
87811,542
87812,538
87813,582
87814,546
87815,536
87816,542
87817,548
87818,538
87819,542
87820,542
87821,538
87822,542
87823,548
87824,536
87825,546
87826,548
87827,544
87828,546
87829,542
87830,538
87831,542
87832,544
87833,546
87834,548
87835,542
87836,546
87837,548
87838,546
87839,540
87840,548
87841,546
87842,542
87843,546
87844,546
87845,544
87846,546
87847,546
87848,542
87849,542
87850,550
87851,542
87852,548
87853,550
87854,540
87855,546
87856,546
87857,544
87858,550
87859,542
87860,542
87861,544
87862,544
87863,546
87864,550
87865,548
87866,540
87867,548
87868,544
87869,542
87870,548
87871,544
87872,584
87873,548
87874,542
87875,546
87876,542
87877,548
87878,544
87879,546
87880,548
87881,544
87882,544
87883,542
87884,536
87885,538
87886,540
87887,542
87888,544
87889,546
87890,546
87891,546
87892,546
87893,542
87894,546
87895,544
87896,540
87897,546
87898,542
87899,540
87900,546
87901,542
87902,540
87903,542
87904,548
87905,542
87906,546
87907,544
87908,538
87909,538
87910,546
87911,544
87912,546
87913,548
87914,540
87915,542
87916,548
87917,542
87918,544
87919,548
87920,538
87921,546
87922,542
87923,540
87924,542
87925,546
87926,538
87927,546
87928,546
87929,540
87930,548
87931,546
87932,582
87933,548
87934,548
87935,542
87936,546
87937,592
87938,550
87939,548
87940,552
87941,546
87942,548
87943,540
87944,554
87945,550
87946,550
87947,538
87948,546
87949,552
87950,542
87951,548
87952,544
87953,556
87954,548
87955,546
87956,544
87957,544
87958,548
87959,536
87960,548
87961,544
87962,540
87963,544
87964,548
87965,538
87966,548
87967,542
87968,542
87969,550
87970,550
87971,542
87972,544
87973,544
87974,542
87975,546
87976,542
87977,586
87978,546
87979,542
87980,542
87981,542
87982,548
87983,538
87984,542
87985,546
87986,536
87987,542
87988,544
87989,540
87990,548
87991,548
87992,544
87993,548
87994,544
87995,534
87996,544
87997,548
87998,540
87999,544
88000,548
88001,538
88002,548
88003,540
88004,538
88005,544
88006,542
88007,542
88008,540
88009,550
88010,542
88011,546
88012,548
88013,538
88014,546
88015,546
88016,544
88017,538
88018,548
88019,544
88020,546
88021,548
88022,540
88023,546
88024,540
88025,542
88026,542
88027,544
88028,538
88029,542
88030,548
88031,540
88032,540
88033,546
88034,584
88035,544
88036,548
88037,542
88038,542
88039,546
88040,544
88041,548
88042,550
88043,536
88044,546
88045,548
88046,542
88047,544
88048,542
88049,540
88050,542
88051,550
88052,546
88053,540
88054,542
88055,544
88056,542
88057,544
88058,538
88059,542
88060,542
88061,540
88062,542
88063,546
88064,544
88065,546
88066,546
88067,542
88068,548
88069,548
88070,542
88071,550
88072,546
88073,538
88074,546
88075,548
88076,540
88077,548
88078,544
88079,542
88080,548
88081,542
88082,546
88083,552
88084,542
88085,542
88086,544
88087,550
88088,544
88089,548
88090,546
88091,548
88092,542
88093,548
88094,546
88095,546
88096,544
88097,536
88098,548
88099,546
88100,536
88101,544
88102,542
88103,544
88104,550
88105,544
88106,540
88107,548
88108,548
88109,542
88110,544
88111,550
88112,548
88113,542
88114,544
88115,540
88116,544
88117,548
88118,542
88119,546
88120,540
88121,540
88122,542
88123,590
88124,536
88125,548
88126,546
88127,538
88128,542
88129,546
88130,538
88131,548
88132,548
88133,542
88134,540
88135,546
88136,542
88137,544
88138,544
88139,538
88140,546
88141,546
88142,542
88143,546
88144,542
88145,540
88146,540
88147,546
88148,538
88149,546
88150,542
88151,542
88152,548
88153,546
88154,542
88155,546
88156,542
88157,542
88158,540
88159,542
88160,538
88161,544
88162,550
88163,544
88164,548
88165,542
88166,542
88167,546
88168,546
88169,538
88170,546
88171,548
88172,542
88173,542
88174,542
88175,540
88176,550
88177,542
88178,544
88179,542
88180,544
88181,546
88182,546
88183,550
88184,542
88185,548
88186,546
88187,540
88188,544
88189,548
88190,540
88191,548
88192,570
88193,546
88194,542
88195,546
88196,546
88197,544
88198,546
88199,540
88200,544
88201,550
88202,542
88203,550
88204,546
88205,544
88206,548
88207,546
88208,544
88209,550
88210,548
88211,544
88212,542
88213,550
88214,542
88215,550
88216,552
88217,536
88218,550
88219,550
88220,546
88221,548
88222,546
88223,538
88224,544
88225,550
88226,540
88227,542
88228,546
88229,540
88230,546
88231,544
88232,538
88233,548
88234,546
88235,538
88236,546
88237,550
88238,542
88239,546
88240,544
88241,540
88242,550
88243,550
88244,544
88245,544
88246,550
88247,534
88248,542
88249,542
88250,542
88251,540
88252,548
88253,544
88254,548
88255,542
88256,538
88257,548
88258,542
88259,540
88260,544
88261,546
88262,542
88263,542
88264,542
88265,540
88266,546
88267,540
88268,540
88269,540
88270,540
88271,542
88272,546
88273,546
88274,540
88275,552
88276,548
88277,536
88278,544
88279,548
88280,540
88281,540
88282,550
88283,538
88284,542
88285,550
88286,542
88287,542
88288,540
88289,540
88290,544
88291,548
88292,544
88293,548
88294,548
88295,538
88296,544
88297,548
88298,544
88299,546
88300,546
88301,538
88302,548
88303,544
88304,538
88305,542
88306,542
88307,544
88308,546
88309,548
88310,540
88311,544
88312,546
88313,544
88314,550
88315,546
88316,540
88317,544
88318,540
88319,542
88320,542
88321,548
88322,540
88323,588
88324,550
88325,538
88326,550
88327,544
88328,548
88329,544
88330,548
88331,542
88332,544
88333,548
88334,538
88335,550
88336,546
88337,540
88338,546
88339,548
88340,538
88341,550
88342,550
88343,544
88344,544
88345,548
88346,544
88347,580
88348,562
88349,548
88350,546
88351,540
88352,540
88353,542
88354,538
88355,542
88356,546
88357,540
88358,542
88359,546
88360,536
88361,540
88362,544
88363,536
88364,546
88365,540
88366,540
88367,546
88368,546
88369,544
88370,546
88371,542
88372,542
88373,544
88374,548
88375,536
88376,546
88377,550
88378,542
88379,544
88380,544
88381,540
88382,546
88383,546
88384,536
88385,540
88386,542
88387,542
88388,548
88389,546
88390,542
88391,544
88392,548
88393,542
88394,544
88395,548
88396,536
88397,548
88398,548
88399,538
88400,548
88401,544
88402,540
88403,548
88404,546
88405,540
88406,592
88407,542
88408,538
88409,544
88410,546
88411,546
88412,542
88413,544
88414,544
88415,546
88416,544
88417,540
88418,546
88419,544
88420,546
88421,546
88422,546
88423,540
88424,542
88425,546
88426,542
88427,546
88428,542
88429,544
88430,550
88431,544
88432,546
88433,544
88434,546
88435,544
88436,548
88437,546
88438,544
88439,548
88440,548
88441,544
88442,548
88443,550
88444,542
88445,538
88446,540
88447,542
88448,546
88449,544
88450,544
88451,538
88452,546
88453,536
88454,546
88455,546
88456,538
88457,550
88458,542
88459,538
88460,544
88461,544
88462,542
88463,546
88464,550
88465,542
88466,548
88467,544
88468,584
88469,542
88470,14970
88471,540
88472,542
88473,544
88474,548
88475,542
88476,540
88477,542
88478,544
88479,536
88480,540
88481,540
88482,546
88483,542
88484,546
88485,544
88486,536
88487,540
88488,544
88489,542
88490,546
88491,542
88492,546
88493,546
88494,546
88495,542
88496,544
88497,558
88498,536
88499,542
88500,544
88501,542
88502,546
88503,550
88504,542
88505,544
88506,542
88507,540
88508,548
88509,548
88510,538
88511,548
88512,544
88513,536
88514,544
88515,550
88516,540
88517,542
88518,550
88519,542
88520,546
88521,548
88522,538
88523,548
88524,544
88525,542
88526,546
88527,546
88528,540
88529,548
88530,550
88531,538
88532,544
88533,542
88534,540
88535,562
88536,546
88537,546
88538,546
88539,548
88540,546
88541,548
88542,548
88543,544
88544,548
88545,546
88546,536
88547,546
88548,544
88549,544
88550,548
88551,548
88552,536
88553,546
88554,548
88555,542
88556,546
88557,544
88558,538
88559,548
88560,546
88561,540
88562,546
88563,546
88564,538
88565,546
88566,548
88567,542
88568,544
88569,546
88570,542
88571,542
88572,542
88573,534
88574,544
88575,540
88576,544
88577,546
88578,544
88579,538
88580,540
88581,546
88582,544
88583,546
88584,544
88585,540
88586,540
88587,544
88588,538
88589,546
88590,544
88591,536
88592,548
88593,536
88594,540
88595,538
88596,542
88597,538
88598,546
88599,546
88600,538
88601,548
88602,540
88603,550
88604,542
88605,546
88606,538
88607,540
88608,540
88609,542
88610,546
88611,544
88612,536
88613,550
88614,546
88615,544
88616,546
88617,542
88618,538
88619,546
88620,542
88621,540
88622,540
88623,546
88624,540
88625,548
88626,544
88627,542
88628,548
88629,544
88630,538
88631,546
88632,546
88633,536
88634,546
88635,548
88636,540
88637,548
88638,548
88639,542
88640,542
88641,546
88642,592
88643,2910
88644,534
88645,530
88646,534
88647,534
88648,526
88649,538
88650,534
88651,530
88652,534
88653,534
88654,534
88655,532
88656,536
88657,532
88658,536
88659,536
88660,530
88661,534
88662,534
88663,532
88664,532
88665,536
88666,528
88667,534
88668,538
88669,526
88670,532
88671,574
88672,530
88673,534
88674,532
88675,524
88676,534
88677,536
88678,528
88679,532
88680,528
88681,524
88682,536
88683,528
88684,532
88685,530
88686,534
88687,530
88688,530
88689,534
88690,534
88691,532
88692,534
88693,530
88694,530
88695,532
88696,530
88697,534
88698,526
88699,524
88700,534
88701,526
88702,530
88703,530
88704,530
88705,530
88706,530
88707,534
88708,530
88709,526
88710,528
88711,530
88712,532
88713,530
88714,528
88715,530
88716,532
88717,526
88718,532
88719,532
88720,526
88721,532
88722,528
88723,522
88724,526
88725,530
88726,528
88727,530
88728,532
88729,532
88730,530
88731,534
88732,532
88733,588
88734,530
88735,530
88736,532
88737,526
88738,532
88739,536
88740,534
88741,530
88742,538
88743,530
88744,526
88745,534
88746,532
88747,528
88748,532
88749,534
88750,532
88751,534
88752,536
88753,532
88754,532
88755,532
88756,564
88757,538
88758,534
88759,534
88760,546
88761,528
88762,528
88763,538
88764,536
88765,528
88766,530
88767,532
88768,532
88769,526
88770,532
88771,536
88772,526
88773,532
88774,532
88775,530
88776,534
88777,536
88778,526
88779,532
88780,534
88781,530
88782,530
88783,532
88784,532
88785,536
88786,538
88787,528
88788,530
88789,530
88790,534
88791,528
88792,532
88793,526
88794,538
88795,536
88796,524
88797,530
88798,538
88799,526
88800,536
88801,528
88802,530
88803,528
88804,530
88805,526
88806,534
88807,528
88808,526
88809,534
88810,530
88811,530
88812,532
88813,534
88814,528
88815,530
88816,552
88817,526
88818,534
88819,534
88820,524
88821,534
88822,532
88823,528
88824,528
88825,540
88826,532
88827,532
88828,536
88829,526
88830,534
88831,534
88832,524
88833,532
88834,534
88835,526
88836,530
88837,534
88838,532
88839,532
88840,528
88841,528
88842,536
88843,534
88844,532
88845,532
88846,534
88847,528
88848,532
88849,532
88850,526
88851,536
88852,526
88853,530
88854,536
88855,536
88856,532
88857,530
88858,534
88859,526
88860,536
88861,538
88862,528
88863,534
88864,534
88865,528
88866,536
88867,530
88868,524
88869,536
88870,534
88871,530
88872,530
88873,532
88874,530
88875,532
88876,576
88877,526
88878,534
88879,538
88880,534
88881,536
88882,530
88883,530
88884,532
88885,530
88886,532
88887,534
88888,538
88889,528
88890,530
88891,530
88892,528
88893,532
88894,534
88895,530
88896,534
88897,538
88898,532
88899,532
88900,534
88901,526
88902,530
88903,528
88904,530
88905,532
88906,534
88907,526
88908,528
88909,536
88910,534
88911,530
88912,534
88913,526
88914,534
88915,530
88916,530
88917,538
88918,532
88919,528
88920,534
88921,534
88922,526
88923,530
88924,534
88925,530
88926,532
88927,534
88928,530
88929,532
88930,534
88931,528
88932,574
88933,528
88934,526
88935,534
88936,532
88937,532
88938,530
88939,532
88940,524
88941,532
88942,532
88943,528
88944,534
88945,530
88946,528
88947,536
88948,528
88949,524
88950,532
88951,534
88952,524
88953,534
88954,534
88955,526
88956,532
88957,530
88958,528
88959,530
88960,536
88961,524
88962,538
88963,532
88964,532
88965,532
88966,532
88967,526
88968,534
88969,530
88970,524
88971,530
88972,536
88973,530
88974,534
88975,532
88976,528
88977,538
88978,532
88979,532
88980,536
88981,538
88982,526
88983,528
88984,530
88985,530
88986,534
88987,534
88988,530
88989,532
88990,576
88991,526
88992,534
88993,538
88994,532
88995,536
88996,532
88997,530
88998,532
88999,532
89000,526
89001,538
89002,536
89003,532
89004,532
89005,528
89006,528
89007,538
89008,534
89009,528
89010,536
89011,534
89012,534
89013,534
89014,536
89015,530
89016,538
89017,530
89018,532
89019,536
89020,530
89021,530
89022,536
89023,532
89024,530
89025,532
89026,532
89027,536
89028,538
89029,532
89030,528
89031,536
89032,530
89033,524
89034,538
89035,536
89036,532
89037,530
89038,536
89039,528
89040,530
89041,532
89042,532
89043,536
89044,534
89045,522
89046,536
89047,530
89048,528
89049,548
89050,532
89051,530
89052,532
89053,532
89054,530
89055,528
89056,528
89057,530
89058,534
89059,530
89060,528
89061,534
89062,534
89063,530
89064,536
89065,528
89066,526
89067,530
89068,530
89069,524
89070,532
89071,534
89072,526
89073,534
89074,530
89075,528
89076,530
89077,534
89078,530
89079,536
89080,532
89081,528
89082,528
89083,530
89084,532
89085,526
89086,534
89087,526
89088,538
89089,534
89090,528
89091,530
89092,534
89093,532
89094,534
89095,530
89096,528
89097,536
89098,532
89099,530
89100,532
89101,536
89102,530
89103,530
89104,530
89105,532
89106,530
89107,528
89108,532
89109,532
89110,534
89111,534
89112,576
89113,538
89114,530
89115,540
89116,534
89117,526
89118,532
89119,530
89120,528
89121,532
89122,534
89123,530
89124,536
89125,536
89126,526
89127,530
89128,532
89129,530
89130,528
89131,532
89132,530
89133,534
89134,536
89135,534
89136,532
89137,532
89138,532
89139,534
89140,532
89141,526
89142,530
89143,534
89144,526
89145,534
89146,530
89147,530
89148,532
89149,532
89150,532
89151,536
89152,534
89153,534
89154,530
89155,532
89156,534
89157,534
89158,532
89159,526
89160,534
89161,534
89162,526
89163,534
89164,532
89165,524
89166,578
89167,550
89168,530
89169,544
89170,534
89171,526
89172,532
89173,534
89174,530
89175,532
89176,530
89177,532
89178,526
89179,534
89180,532
89181,532
89182,536
89183,530
89184,526
89185,536
89186,534
89187,532
89188,530
89189,536
89190,524
89191,536
89192,532
89193,536
89194,534
89195,534
89196,530
89197,534
89198,534
89199,526
89200,534
89201,534
89202,526
89203,534
89204,530
89205,528
89206,530
89207,538
89208,530
89209,534
89210,530
89211,528
89212,538
89213,536
89214,530
89215,538
89216,532
89217,532
89218,536
89219,530
89220,534
89221,578
89222,532
89223,528
89224,536
89225,534
89226,530
89227,532
89228,536
89229,526
89230,534
89231,540
89232,526
89233,536
89234,534
89235,534
89236,538
89237,538
89238,536
89239,536
89240,536
89241,530
89242,538
89243,532
89244,530
89245,532
89246,540
89247,530
89248,536
89249,538
89250,534
89251,536
89252,532
89253,532
89254,536
89255,534
89256,532
89257,532
89258,532
89259,532
89260,534
89261,532
89262,532
89263,530
89264,532
89265,532
89266,534
89267,532
89268,532
89269,536
89270,534
89271,532
89272,526
89273,530
89274,526
89275,532
89276,536
89277,530
89278,526
89279,534
89280,530
89281,530
89282,534
89283,530
89284,534
89285,534
89286,530
89287,532
89288,534
89289,528
89290,534
89291,528
89292,524
89293,532
89294,530
89295,526
89296,536
89297,532
89298,528
89299,532
89300,532
89301,522
89302,536
89303,532
89304,544
89305,528
89306,528
89307,524
89308,534
89309,536
89310,528
89311,532
89312,530
89313,526
89314,536
89315,532
89316,526
89317,528
89318,536
89319,530
89320,536
89321,528
89322,528
89323,534
89324,538
89325,530
89326,538
89327,530
89328,530
89329,530
89330,532
89331,530
89332,534
89333,532
89334,532
89335,536
89336,536
89337,530
89338,536
89339,538
89340,528
89341,532
89342,534
89343,532
89344,528
89345,534
89346,532
89347,532
89348,534
89349,532
89350,538
89351,538
89352,530
89353,534
89354,534
89355,532
89356,536
89357,536
89358,530
89359,536
89360,530
89361,532
89362,536
89363,536
89364,528
89365,536
89366,532
89367,534
89368,540
89369,536
89370,530
89371,532
89372,534
89373,530
89374,532
89375,534
89376,530
89377,532
89378,534
89379,526
89380,536
89381,536
89382,530
89383,536
89384,536
89385,534
89386,536
89387,534
89388,528
89389,570
89390,536
89391,530
89392,530
89393,530
89394,528
89395,530
89396,536
89397,530
89398,534
89399,530
89400,528
89401,530
89402,532
89403,534
89404,536
89405,530
89406,526
89407,534
89408,534
89409,528
89410,528
89411,528
89412,528
89413,534
89414,534
89415,530
89416,534
89417,532
89418,530
89419,528
89420,530
89421,532
89422,534
89423,532
89424,532
89425,530
89426,528
89427,526
89428,538
89429,532
89430,530
89431,534
89432,530
89433,530
89434,530
89435,534
89436,534
89437,530
89438,534
89439,530
89440,536
89441,534
89442,526
89443,532
89444,528
89445,532
89446,536
89447,534
89448,532
89449,574
89450,534
89451,526
89452,530
89453,532
89454,528
89455,528
89456,536
89457,534
89458,536
89459,536
89460,530
89461,536
89462,538
89463,530
89464,538
89465,534
89466,524
89467,530
89468,534
89469,530
89470,538
89471,532
89472,524
89473,532
89474,534
89475,524
89476,534
89477,534
89478,530
89479,536
89480,534
89481,526
89482,536
89483,532
89484,530
89485,530
89486,534
89487,530
89488,536
89489,532
89490,532
89491,532
89492,536
89493,532
89494,536
89495,536
89496,532
89497,536
89498,534
89499,530
89500,536
89501,534
89502,528
89503,532
89504,534
89505,532
89506,536
89507,536
89508,532
89509,534
89510,536
89511,528
89512,530
89513,536
89514,528
89515,532
89516,532
89517,530
89518,534
89519,534
89520,524
89521,534
89522,532
89523,534
89524,528
89525,532
89526,532
89527,532
89528,534
89529,526
89530,526
89531,534
89532,530
89533,536
89534,536
89535,528
89536,530
89537,536
89538,522
89539,530
89540,536
89541,526
89542,536
89543,528
89544,532
89545,534
89546,532
89547,568
89548,528
89549,534
89550,532
89551,530
89552,534
89553,532
89554,530
89555,534
89556,532
89557,534
89558,534
89559,526
89560,534
89561,530
89562,528
89563,534
89564,532
89565,536
89566,532
89567,534
89568,530
89569,532
89570,532
89571,528
89572,536
89573,532
89574,534
89575,572
89576,532
89577,538
89578,528
89579,536
89580,536
89581,526
89582,534
89583,534
89584,532
89585,534
89586,536
89587,526
89588,532
89589,530
89590,534
89591,530
89592,534
89593,532
89594,540
89595,530
89596,534
89597,534
89598,606
89599,530
89600,534
89601,536
89602,526
89603,536
89604,534
89605,532
89606,534
89607,530
89608,528
89609,534
89610,530
89611,526
89612,532
89613,536
89614,532
89615,532
89616,528
89617,530
89618,526
89619,530
89620,532
89621,528
89622,530
89623,532
89624,532
89625,534
89626,534
89627,532
89628,534
89629,528
89630,530
89631,534
89632,532
89633,536
89634,534
89635,532
89636,530
89637,528
89638,524
89639,536
89640,530
89641,524
89642,526
89643,530
89644,524
89645,534
89646,530
89647,528
89648,532
89649,534
89650,530
89651,534
89652,530
89653,528
89654,534
89655,554
89656,528
89657,534
89658,530
89659,528
89660,532
89661,534
89662,526
89663,534
89664,528
89665,524
89666,528
89667,532
89668,524
89669,528
89670,536
89671,526
89672,534
89673,532
89674,526
89675,536
89676,532
89677,522
89678,534
89679,532
89680,522
89681,536
89682,538
89683,524
89684,534
89685,532
89686,532
89687,532
89688,536
89689,528
89690,530
89691,534
89692,528
89693,536
89694,534
89695,524
89696,532
89697,530
89698,532
89699,534
89700,534
89701,526
89702,530
89703,538
89704,528
89705,538
89706,536
89707,530
89708,530
89709,536
89710,532
89711,536
89712,532
89713,574
89714,534
89715,536
89716,530
89717,532
89718,530
89719,526
89720,536
89721,534
89722,532
89723,536
89724,536
89725,528
89726,538
89727,530
89728,532
89729,534
89730,532
89731,530
89732,536
89733,538
89734,534
89735,528
89736,534
89737,532
89738,530
89739,532
89740,530
89741,538
89742,534
89743,532
89744,536
89745,534
89746,528
89747,530
89748,536
89749,528
89750,532
89751,530
89752,524
89753,536
89754,532
89755,530
89756,536
89757,534
89758,528
89759,534
89760,534
89761,522
89762,534
89763,536
89764,530
89765,530
89766,536
89767,528
89768,536
89769,534
89770,524
89771,534
89772,532
89773,568
89774,538
89775,528
89776,528
89777,530
89778,534
89779,528
89780,534
89781,530
89782,524
89783,530
89784,530
89785,526
89786,530
89787,534
89788,528
89789,536
89790,530
89791,526
89792,528
89793,530
89794,530
89795,532
89796,532
89797,530
89798,532
89799,534
89800,530
89801,536
89802,532
89803,530
89804,534
89805,536
89806,528
89807,532
89808,534
89809,532
89810,528
89811,528
89812,528
89813,532
89814,534
89815,530
89816,530
89817,534
89818,530
89819,528
89820,534
89821,528
89822,528
89823,534
89824,530
89825,536
89826,530
89827,530
89828,534
89829,536
89830,530
89831,532
89832,534
89833,526
89834,532
89835,570
89836,532
89837,534
89838,536
89839,534
89840,532
89841,530
89842,526
89843,532
89844,532
89845,524
89846,534
89847,534
89848,528
89849,534
89850,536
89851,526
89852,536
89853,534
89854,530
89855,534
89856,534
89857,532
89858,536
89859,534
89860,528
89861,528
89862,534
89863,526
89864,532
89865,536
89866,526
89867,530
89868,528
89869,528
89870,532
89871,532
89872,530
89873,530
89874,528
89875,528
89876,534
89877,532
89878,526
89879,530
89880,528
89881,528
89882,540
89883,528
89884,526
89885,526
89886,532
89887,524
89888,532
89889,530
89890,532
89891,534
89892,534
89893,532
89894,530
89895,534
89896,526
89897,530
89898,532
89899,544
89900,530
89901,528
89902,528
89903,532
89904,530
89905,530
89906,536
89907,534
89908,532
89909,532
89910,528
89911,528
89912,530
89913,536
89914,528
89915,534
89916,530
89917,524
89918,530
89919,536
89920,528
89921,530
89922,528
89923,530
89924,526
89925,534
89926,530
89927,534
89928,532
89929,528
89930,534
89931,536
89932,530
89933,534
89934,534
89935,528
89936,534
89937,536
89938,524
89939,536
89940,532
89941,532
89942,532
89943,534
89944,526
89945,528
89946,532
89947,526
89948,538
89949,534
89950,530
89951,532
89952,530
89953,532
89954,534
89955,534
89956,530
89957,532
89958,534
89959,528
89960,532
89961,532
89962,526
89963,530
89964,534
89965,528
89966,530
89967,534
89968,528
89969,530
89970,532
89971,528
89972,534
89973,534
89974,528
89975,538
89976,530
89977,534
89978,536
89979,532
89980,528
89981,536
89982,538
89983,532
89984,532
89985,580
89986,528
89987,534
89988,554
89989,528
89990,538
89991,534
89992,532
89993,534
89994,530
89995,530
89996,536
89997,536
89998,544
89999,534
90000,536
90001,540
90002,534
90003,528
90004,526
90005,532
90006,534
90007,526
90008,530
90009,536
90010,530
90011,530
90012,530
90013,530
90014,530
90015,532
90016,526
90017,534
90018,530
90019,524
90020,530
90021,532
90022,528
90023,534
90024,530
90025,530
90026,534
90027,532
90028,530
90029,530
90030,532
90031,528
90032,530
90033,532
90034,530
90035,534
90036,532
90037,528
90038,536
90039,534
90040,528
90041,576
90042,536
90043,528
90044,534
90045,530
90046,526
90047,534
90048,534
90049,524
90050,534
90051,536
90052,528
90053,530
90054,538
90055,532
90056,536
90057,536
90058,528
90059,536
90060,532
90061,528
90062,534
90063,536
90064,528
90065,534
90066,536
90067,526
90068,530
90069,536
90070,528
90071,534
90072,534
90073,532
90074,530
90075,530
90076,530
90077,538
90078,534
90079,534
90080,536
90081,536
90082,530
90083,534
90084,538
90085,532
90086,536
90087,534
90088,528
90089,534
90090,530
90091,530
90092,532
90093,534
90094,534
90095,530
90096,536
90097,530
90098,536
90099,530
90100,532
90101,574
90102,534
90103,534
90104,530
90105,530
90106,534
90107,534
90108,530
90109,534
90110,532
90111,534
90112,532
90113,530
90114,532
90115,526
90116,534
90117,534
90118,528
90119,530
90120,530
90121,528
90122,532
90123,536
90124,524
90125,538
90126,526
90127,530
90128,532
90129,534
90130,526
90131,530
90132,534
90133,530
90134,534
90135,530
90136,526
90137,530
90138,530
90139,526
90140,534
90141,534
90142,524
90143,534
90144,528
90145,526
90146,532
90147,534
90148,528
90149,530
90150,534
90151,534
90152,532
90153,530
90154,530
90155,530
90156,534
90157,534
90158,536
90159,532
90160,532
90161,576
90162,532
90163,524
90164,532
90165,530
90166,528
90167,536
90168,532
90169,528
90170,532
90171,532
90172,526
90173,530
90174,532
90175,532
90176,532
90177,530
90178,524
90179,536
90180,532
90181,526
90182,532
90183,528
90184,532
90185,534
90186,532
90187,528
90188,534
90189,534
90190,534
90191,532
90192,532
90193,524
90194,532
90195,536
90196,526
90197,530
90198,534
90199,528
90200,532
90201,538
90202,526
90203,528
90204,538
90205,526
90206,536
90207,534
90208,528
90209,538
90210,534
90211,530
90212,538
90213,536
90214,530
90215,536
90216,536
90217,526
90218,530
90219,538
90220,532
90221,534
90222,576
90223,532
90224,530
90225,530
90226,532
90227,536
90228,532
90229,530
90230,534
90231,528
90232,528
90233,528
90234,530
90235,532
90236,532
90237,530
90238,532
90239,536
90240,532
90241,530
90242,532
90243,536
90244,530
90245,530
90246,532
90247,534
90248,536
90249,534
90250,526
90251,532
90252,532
90253,532
90254,532
90255,534
90256,528
90257,536
90258,532
90259,528
90260,534
90261,530
90262,530
90263,530
90264,534
90265,530
90266,534
90267,534
90268,526
90269,534
90270,534
90271,526
90272,532
90273,532
90274,524
90275,532
90276,526
90277,532
90278,530
90279,536
90280,532
90281,538
90282,536
90283,524
90284,534
90285,534
90286,526
90287,534
90288,536
90289,530
90290,532
90291,536
90292,530
90293,538
90294,528
90295,526
90296,532
90297,534
90298,532
90299,534
90300,528
90301,532
90302,534
90303,534
90304,530
90305,576
90306,532
90307,528
90308,534
90309,536
90310,530
90311,530
90312,532
90313,524
90314,532
90315,528
90316,532
90317,530
90318,534
90319,528
90320,530
90321,538
90322,530
90323,536
90324,532
90325,532
90326,532
90327,534
90328,524
90329,530
90330,534
90331,526
90332,538
90333,538
90334,528
90335,530
90336,536
90337,532
90338,536
90339,536
90340,526
90341,532
90342,536
90343,528
90344,534
90345,534
90346,530
90347,532
90348,530
90349,524
90350,530
90351,534
90352,528
90353,534
90354,538
90355,532
90356,532
90357,536
90358,530
90359,536
90360,536
90361,524
90362,536
90363,532
90364,530
90365,530
90366,532
90367,524
90368,530
90369,534
90370,534
90371,532
90372,536
90373,532
90374,528
90375,532
90376,530
90377,528
90378,530
90379,526
90380,530
90381,530
90382,524
90383,532
90384,532
90385,534
90386,534
90387,530
90388,528
90389,534
90390,532
90391,524
90392,574
90393,528
90394,532
90395,576
90396,532
90397,530
90398,524
90399,526
90400,530
90401,534
90402,534
90403,532
90404,550
90405,528
90406,530
90407,548
90408,530
90409,530
90410,534
90411,536
90412,540
90413,534
90414,536
90415,530
90416,530
90417,536
90418,526
90419,534
90420,536
90421,528
90422,532
90423,534
90424,532
90425,532
90426,530
90427,532
90428,530
90429,534
90430,530
90431,532
90432,536
90433,530
90434,536
90435,534
90436,528
90437,530
90438,536
90439,528
90440,538
90441,532
90442,526
90443,536
90444,538
90445,530
90446,538
90447,534
90448,530
90449,534
90450,536
90451,530
90452,538
90453,534
90454,534
90455,538
90456,576
90457,524
90458,534
90459,530
90460,528
90461,534
90462,532
90463,526
90464,532
90465,536
90466,526
90467,532
90468,536
90469,532
90470,528
90471,526
90472,526
90473,534
90474,534
90475,528
90476,530
90477,530
90478,530
90479,532
90480,532
90481,524
90482,530
90483,534
90484,528
90485,530
90486,530
90487,530
90488,532
90489,528
90490,528
90491,534
90492,536
90493,530
90494,534
90495,534
90496,530
90497,532
90498,532
90499,528
90500,528
90501,532
90502,522
90503,532
90504,528
90505,528
90506,532
90507,526
90508,526
90509,528
90510,530
90511,526
90512,536
90513,532
90514,526
90515,528
90516,530
90517,530
90518,534
90519,532
90520,530
90521,530
90522,530
90523,528
90524,528
90525,532
90526,528
90527,528
90528,536
90529,530
90530,530
90531,532
90532,530
90533,532
90534,536
90535,526
90536,532
90537,536
90538,528
90539,534
90540,532
90541,530
90542,534
90543,532
90544,530
90545,536
90546,534
90547,532
90548,534
90549,536
90550,566
90551,530
90552,536
90553,528
90554,536
90555,532
90556,532
90557,536
90558,536
90559,534
90560,536
90561,534
90562,530
90563,538
90564,530
90565,530
90566,530
90567,532
90568,530
90569,538
90570,532
90571,532
90572,536
90573,538
90574,532
90575,534
90576,534
90577,528
90578,534
90579,534
90580,528
90581,536
90582,536
90583,526
90584,536
90585,532
90586,534
90587,528
90588,538
90589,532
90590,532
90591,532
90592,530
90593,528
90594,528
90595,530
90596,532
90597,534
90598,530
90599,536
90600,532
90601,530
90602,530
90603,534
90604,532
90605,534
90606,530
90607,530
90608,534
90609,572
90610,524
90611,530
90612,532
90613,524
90614,530
90615,528
90616,526
90617,534
90618,534
90619,530
90620,532
90621,532
90622,528
90623,528
90624,530
90625,530
90626,532
90627,528
90628,528
90629,530
90630,532
90631,526
90632,528
90633,534
90634,528
90635,530
90636,534
90637,530
90638,526
90639,534
90640,530
90641,528
90642,528
90643,528
90644,530
90645,534
90646,526
90647,536
90648,532
90649,530
90650,532
90651,534
90652,528
90653,532
90654,532
90655,526
90656,534
90657,536
90658,534
90659,528
90660,536
90661,532
90662,532
90663,532
90664,526
90665,532
90666,530
90667,526
90668,536
90669,534
90670,526
90671,532
90672,536
90673,532
90674,572
90675,530
90676,528
90677,536
90678,530
90679,532
90680,536
90681,534
90682,534
90683,534
90684,532
90685,524
90686,536
90687,536
90688,530
90689,532
90690,534
90691,532
90692,530
90693,538
90694,530
90695,536
90696,532
90697,526
90698,530
90699,530
90700,532
90701,532
90702,530
90703,530
90704,534
90705,536
90706,530
90707,530
90708,530
90709,526
90710,528
90711,536
90712,524
90713,530
90714,532
90715,526
90716,536
90717,532
90718,530
90719,536
90720,536
90721,526
90722,530
90723,532
90724,530
90725,528
90726,534
90727,528
90728,538
90729,534
90730,532
90731,530
90732,532
90733,526
90734,528
90735,528
90736,528
90737,554
90738,534
90739,524
90740,532
90741,532
90742,532
90743,534
90744,532
90745,524
90746,530
90747,530
90748,526
90749,530
90750,526
90751,530
90752,532
90753,528
90754,528
90755,530
90756,530
90757,526
90758,532
90759,530
90760,526
90761,530
90762,530
90763,530
90764,530
90765,532
90766,530
90767,526
90768,534
90769,528
90770,536
90771,532
90772,526
90773,536
90774,532
90775,528
90776,530
90777,534
90778,530
90779,526
90780,526
90781,530
90782,532
90783,532
90784,532
90785,536
90786,534
90787,528
90788,534
90789,532
90790,528
90791,532
90792,532
90793,526
90794,536
90795,530
90796,530
90797,534
90798,574
90799,530
90800,536
90801,534
90802,534
90803,528
90804,582
90805,536
90806,534
90807,530
90808,538
90809,538
90810,530
90811,534
90812,538
90813,528
90814,530
90815,534
90816,530
90817,528
90818,532
90819,524
90820,530
90821,534
90822,528
90823,534
90824,536
90825,530
90826,534
90827,538
90828,532
90829,536
90830,536
90831,528
90832,538
90833,536
90834,530
90835,534
90836,528
90837,526
90838,534
90839,530
90840,526
90841,534
90842,534
90843,528
90844,528
90845,596
90846,526
90847,538
90848,528
90849,530
90850,532
90851,530
90852,532
90853,616
90854,528
90855,526
90856,532
90857,526
90858,526
90859,532
90860,528
90861,526
90862,534
90863,530
90864,532
90865,534
90866,528
90867,528
90868,532
90869,530
90870,528
90871,534
90872,532
90873,534
90874,534
90875,526
90876,528
90877,530
90878,524
90879,534
90880,532
90881,530
90882,530
90883,532
90884,528
90885,528
90886,530
90887,532
90888,530
90889,534
90890,526
90891,530
90892,530
90893,528
90894,534
90895,538
90896,532
90897,532
90898,532
90899,526
90900,534
90901,530
90902,526
90903,532
90904,532
90905,526
90906,528
90907,532
90908,532
90909,540
90910,536
90911,526
90912,534
90913,530
90914,528
90915,554
90916,530
90917,530
90918,528
90919,536
90920,530
90921,534
90922,528
90923,528
90924,534
90925,534
90926,528
90927,534
90928,538
90929,530
90930,532
90931,538
90932,534
90933,536
90934,534
90935,526
90936,530
90937,530
90938,528
90939,530
90940,536
90941,532
90942,536
90943,534
90944,530
90945,538
90946,532
90947,530
90948,534
90949,532
90950,536
90951,536
90952,532
90953,526
90954,534
90955,532
90956,524
90957,532
90958,530
90959,532
90960,532
90961,532
90962,530
90963,530
90964,532
90965,530
90966,528
90967,534
90968,526
90969,532
90970,534
90971,530
90972,532
90973,536
90974,528
90975,530
90976,530
90977,550
90978,534
90979,534
90980,526
90981,528
90982,530
90983,532
90984,536
90985,530
90986,526
90987,536
90988,528
90989,528
90990,534
90991,536
90992,524
90993,530
90994,532
90995,526
90996,532
90997,528
90998,526
90999,530
91000,530
91001,530
91002,530
91003,534
91004,528
91005,532
91006,530
91007,524
91008,536
91009,534
91010,526
91011,536
91012,530
91013,526
91014,538
91015,536
91016,524
91017,528
91018,536
91019,530
91020,532
91021,534
91022,532
91023,534
91024,532
91025,526
91026,532
91027,530
91028,524
91029,534
91030,536
91031,528
91032,536
91033,534
91034,534
91035,538
91036,532
91037,526
91038,534
91039,534
91040,530
91041,530
91042,530
91043,534
91044,538
91045,534
91046,530
91047,536
91048,536
91049,526
91050,532
91051,536
91052,532
91053,530
91054,534
91055,526
91056,530
91057,532
91058,530
91059,538
91060,574
91061,528
91062,538
91063,530
91064,534
91065,534
91066,530
91067,528
91068,530
91069,534
91070,532
91071,534
91072,532
91073,530
91074,536
91075,530
91076,534
91077,530
91078,536
91079,528
91080,536
91081,532
91082,532
91083,532
91084,534
91085,532
91086,536
91087,536
91088,532
91089,532
91090,534
91091,530
91092,536
91093,536
91094,532
91095,534
91096,534
91097,532
91098,536
91099,534
91100,528
91101,534
91102,536
91103,532
91104,526
91105,534
91106,532
91107,532
91108,532
91109,528
91110,536
91111,530
91112,530
91113,534
91114,534
91115,532
91116,530
91117,532
91118,524
91119,534
91120,574
91121,524
91122,534
91123,532
91124,528
91125,532
91126,530
91127,528
91128,530
91129,532
91130,528
91131,528
91132,532
91133,526
91134,538
91135,530
91136,528
91137,530
91138,530
91139,528
91140,530
91141,532
91142,526
91143,532
91144,536
91145,526
91146,528
91147,536
91148,528
91149,528
91150,534
91151,532
91152,530
91153,532
91154,530
91155,532
91156,538
91157,532
91158,534
91159,536
91160,532
91161,538
91162,534
91163,530
91164,532
91165,534
91166,528
91167,530
91168,530
91169,532
91170,534
91171,538
91172,524
91173,534
91174,536
91175,532
91176,536
91177,532
91178,534
91179,534
91180,530
91181,524
91182,572
91183,536
91184,528
91185,536
91186,530
91187,532
91188,530
91189,534
91190,532
91191,532
91192,534
91193,528
91194,530
91195,528
91196,522
91197,536
91198,530
91199,534
91200,528
91201,534
91202,532
91203,536
91204,538
91205,526
91206,538
91207,534
91208,526
91209,528
91210,532
91211,530
91212,530
91213,538
91214,582
91215,532
91216,538
91217,526
91218,528
91219,534
91220,532
91221,524
91222,534
91223,534
91224,532
91225,534
91226,534
91227,528
91228,534
91229,528
91230,528
91231,532
91232,528
91233,524
91234,554
91235,530
91236,530
91237,544
91238,532
91239,528
91240,532
91241,526
91242,542
91243,528
91244,528
91245,528
91246,534
91247,532
91248,528
91249,532
91250,536
91251,532
91252,534
91253,534
91254,526
91255,536
91256,532
91257,532
91258,538
91259,536
91260,528
91261,532
91262,530
91263,524
91264,530
91265,528
91266,528
91267,532
91268,530
91269,524
91270,538
91271,536
91272,530
91273,578
91274,538
91275,528
91276,536
91277,534
91278,532
91279,528
91280,532
91281,530
91282,532
91283,534
91284,532
91285,534
91286,536
91287,532
91288,532
91289,534
91290,530
91291,532
91292,534
91293,534
91294,528
91295,536
91296,532
91297,528
91298,530
91299,534
91300,530
91301,534
91302,530
91303,536
91304,534
91305,534
91306,534
91307,532
91308,530
91309,534
91310,538
91311,528
91312,530
91313,536
91314,528
91315,534
91316,534
91317,530
91318,534
91319,532
91320,532
91321,536
91322,534
91323,528
91324,532
91325,534
91326,526
91327,530
91328,536
91329,532
91330,532
91331,530
91332,534
91333,538
91334,532
91335,526
91336,534
91337,528
91338,530
91339,534
91340,534
91341,526
91342,532
91343,528
91344,526
91345,528
91346,526
91347,526
91348,532
91349,532
91350,528
91351,536
91352,536
91353,522
91354,532
91355,536
91356,528
91357,534
91358,530
91359,526
91360,532
91361,532
91362,532
91363,532
91364,536
91365,530
91366,532
91367,532
91368,532
91369,530
91370,528
91371,526
91372,528
91373,530
91374,528
91375,532
91376,538
91377,528
91378,532
91379,538
91380,528
91381,530
91382,536
91383,524
91384,530
91385,534
91386,532
91387,540
91388,538
91389,526
91390,536
91391,530
91392,548
91393,534
91394,534
91395,528
91396,528
91397,530
91398,530
91399,530
91400,538
91401,530
91402,534
91403,536
91404,530
91405,532
91406,538
91407,532
91408,530
91409,528
91410,530
91411,538
91412,536
91413,526
91414,538
91415,538
91416,532
91417,536
91418,534
91419,534
91420,530
91421,538
91422,530
91423,534
91424,532
91425,526
91426,530
91427,536
91428,534
91429,536
91430,538
91431,528
91432,534
91433,532
91434,534
91435,534
91436,536
91437,524
91438,532
91439,530
91440,534
91441,530
91442,536
91443,532
91444,536
91445,530
91446,526
91447,532
91448,532
91449,528
91450,532
91451,532
91452,526
91453,576
91454,532
91455,528
91456,538
91457,528
91458,528
91459,536
91460,532
91461,524
91462,534
91463,534
91464,526
91465,532
91466,530
91467,528
91468,530
91469,534
91470,530
91471,536
91472,530
91473,524
91474,532
91475,528
91476,522
91477,528
91478,536
91479,532
91480,532
91481,530
91482,528
91483,534
91484,536
91485,522
91486,532
91487,534
91488,528
91489,534
91490,530
91491,528
91492,536
91493,530
91494,530
91495,536
91496,532
91497,528
91498,532
91499,534
91500,526
91501,530
91502,534
91503,526
91504,530
91505,534
91506,532
91507,534
91508,534
91509,526
91510,530
91511,536
91512,526
91513,532
91514,530
91515,532
91516,534
91517,536
91518,528
91519,536
91520,536
91521,532
91522,532
91523,530
91524,524
91525,538
91526,534
91527,534
91528,536
91529,536
91530,530
91531,534
91532,538
91533,528
91534,534
91535,536
91536,528
91537,530
91538,536
91539,526
91540,536
91541,534
91542,532
91543,534
91544,532
91545,572
91546,530
91547,532
91548,532
91549,530
91550,536
91551,530
91552,538
91553,532
91554,526
91555,534
91556,532
91557,528
91558,534
91559,534
91560,524
91561,532
91562,530
91563,530
91564,530
91565,534
91566,526
91567,530
91568,532
91569,524
91570,534
91571,528
91572,528
91573,538
91574,532
91575,532
91576,532
91577,538
91578,528
91579,536
91580,528
91581,528
91582,534
91583,528
91584,530
91585,530
91586,528
91587,530
91588,530
91589,530
91590,528
91591,534
91592,532
91593,530
91594,532
91595,536
91596,528
91597,526
91598,530
91599,528
91600,534
91601,532
91602,528
91603,532
91604,532
91605,532
91606,526
91607,530
91608,532
91609,530
91610,530
91611,530
91612,530
91613,532
91614,530
91615,532
91616,532
91617,570
91618,538
91619,536
91620,530
91621,532
91622,534
91623,580
91624,536
91625,536
91626,524
91627,528
91628,534
91629,530
91630,528
91631,532
91632,536
91633,550
91634,530
91635,530
91636,534
91637,530
91638,530
91639,532
91640,530
91641,538
91642,530
91643,526
91644,536
91645,530
91646,526
91647,532
91648,534
91649,532
91650,534
91651,532
91652,530
91653,532
91654,536
91655,528
91656,538
91657,528
91658,528
91659,534
91660,536
91661,534
91662,532
91663,534
91664,528
91665,536
91666,574
91667,530
91668,534
91669,536
91670,526
91671,536
91672,534
91673,532
91674,536
91675,532
91676,526
91677,532
91678,534
91679,530
91680,536
91681,534
91682,526
91683,534
91684,536
91685,528
91686,534
91687,538
91688,528
91689,530
91690,528
91691,532
91692,530
91693,528
91694,528
91695,528
91696,530
91697,526
91698,534
91699,530
91700,528
91701,534
91702,534
91703,530
91704,532
91705,528
91706,524
91707,534
91708,532
91709,524
91710,530
91711,528
91712,530
91713,532
91714,534
91715,522
91716,536
91717,534
91718,530
91719,534
91720,534
91721,528
91722,526
91723,534
91724,522
91725,534
91726,530
91727,530
91728,532
91729,588
91730,534
91731,534
91732,532
91733,524
91734,532
91735,530
91736,532
91737,530
91738,534
91739,530
91740,538
91741,536
91742,526
91743,538
91744,534
91745,526
91746,534
91747,532
91748,528
91749,534
91750,532
91751,532
91752,532
91753,538
91754,530
91755,538
91756,534
91757,528
91758,532
91759,534
91760,524
91761,536
91762,528
91763,528
91764,534
91765,536
91766,534
91767,534
91768,532
91769,532
91770,536
91771,534
91772,532
91773,534
91774,532
91775,532
91776,532
91777,532
91778,530
91779,530
91780,532
91781,528
91782,536
91783,534
91784,534
91785,536
91786,534
91787,534
91788,528
91789,534
91790,532
91791,532
91792,536
91793,524
91794,528
91795,534
91796,530
91797,538
91798,530
91799,534
91800,534
91801,532
91802,528
91803,534
91804,536
91805,530
91806,534
91807,534
91808,526
91809,536
91810,526
91811,528
91812,532
91813,530
91814,530
91815,534
91816,528
91817,530
91818,536
91819,532
91820,530
91821,530
91822,528
91823,532
91824,530
91825,568
91826,524
91827,532
91828,530
91829,528
91830,532
91831,530
91832,532
91833,536
91834,534
91835,526
91836,534
91837,528
91838,524
91839,534
91840,528
91841,528
91842,530
91843,538
91844,522
91845,536
91846,534
91847,526
91848,530
91849,534
91850,530
91851,534
91852,534
91853,532
91854,530
91855,538
91856,530
91857,530
91858,530
91859,526
91860,534
91861,530
91862,526
91863,536
91864,532
91865,534
91866,530
91867,534
91868,528
91869,534
91870,530
91871,530
91872,534
91873,530
91874,530
91875,536
91876,532
91877,530
91878,534
91879,536
91880,526
91881,536
91882,536
91883,526
91884,532
91885,532
91886,528
91887,574
91888,536
91889,530
91890,538
91891,530
91892,528
91893,536
91894,532
91895,534
91896,536
91897,534
91898,528
91899,536
91900,532
91901,528
91902,530
91903,536
91904,532
91905,528
91906,536
91907,532
91908,532
91909,538
91910,532
91911,530
91912,536
91913,534
91914,528
91915,536
91916,530
91917,538
91918,532
91919,530
91920,532
91921,532
91922,528
91923,532
91924,534
91925,530
91926,530
91927,540
91928,528
91929,538
91930,534
91931,532
91932,530
91933,536
91934,530
91935,534
91936,532
91937,530
91938,532
91939,530
91940,526
91941,538
91942,530
91943,528
91944,536
91945,530
91946,524
91947,570
91948,526
91949,526
91950,534
91951,534
91952,526
91953,528
91954,536
91955,526
91956,534
91957,530
91958,530
91959,528
91960,532
91961,530
91962,528
91963,534
91964,528
91965,532
91966,534
91967,532
91968,532
91969,538
91970,528
91971,534
91972,534
91973,530
91974,530
91975,536
91976,530
91977,532
91978,530
91979,530
91980,528
91981,534
91982,528
91983,530
91984,534
91985,530
91986,538
91987,530
91988,528
91989,534
91990,532
91991,532
91992,534
91993,532
91994,524
91995,536
91996,534
91997,532
91998,532
91999,536
92000,528
92001,534
92002,534
92003,530
92004,532
92005,536
92006,528
92007,530
92008,532
92009,572
92010,530
92011,536
92012,524
92013,538
92014,534
92015,528
92016,534
92017,532
92018,530
92019,530
92020,534
92021,532
92022,534
92023,530
92024,534
92025,538
92026,532
92027,530
92028,536
92029,538
92030,532
92031,534
92032,532
92033,564
92034,534
92035,530
92036,534
92037,536
92038,524
92039,524
92040,556
92041,528
92042,528
92043,528
92044,542
92045,526
92046,534
92047,530
92048,528
92049,530
92050,538
92051,528
92052,534
92053,598
92054,526
92055,534
92056,534
92057,526
92058,530
92059,534
92060,530
92061,536
92062,534
92063,526
92064,530
92065,536
92066,524
92067,526
92068,532
92069,532
92070,534
92071,530
92072,528
92073,530
92074,528
92075,526
92076,532
92077,542
92078,524
92079,526
92080,530
92081,528
92082,536
92083,532
92084,530
92085,528
92086,530
92087,530
92088,534
92089,530
92090,524
92091,534
92092,532
92093,528
92094,532
92095,536
92096,528
92097,530
92098,534
92099,526
92100,530
92101,534
92102,528
92103,528
92104,534
92105,526
92106,534
92107,534
92108,528
92109,538
92110,536
92111,532
92112,530
92113,530
92114,522
92115,528
92116,534
92117,524
92118,534
92119,536
92120,530
92121,530
92122,536
92123,534
92124,534
92125,532
92126,528
92127,532
92128,530
92129,528
92130,534
92131,534
92132,528
92133,536
92134,534
92135,570
92136,528
92137,534
92138,532
92139,536
92140,532
92141,532
92142,540
92143,532
92144,526
92145,536
92146,530
92147,526
92148,536
92149,526
92150,526
92151,536
92152,534
92153,522
92154,538
92155,530
92156,534
92157,532
92158,528
92159,530
92160,530
92161,530
92162,528
92163,536
92164,532
92165,532
92166,530
92167,534
92168,530
92169,526
92170,530
92171,530
92172,538
92173,528
92174,528
92175,530
92176,532
92177,532
92178,534
92179,526
92180,532
92181,534
92182,532
92183,528
92184,532
92185,532
92186,524
92187,528
92188,530
92189,528
92190,534
92191,526
92192,530
92193,530
92194,532
92195,528
92196,572
92197,534
92198,528
92199,528
92200,534
92201,532
92202,532
92203,534
92204,524
92205,534
92206,534
92207,530
92208,532
92209,534
92210,526
92211,532
92212,528
92213,530
92214,530
92215,528
92216,530
92217,536
92218,534
92219,528
92220,534
92221,530
92222,524
92223,534
92224,534
92225,532
92226,532
92227,532
92228,530
92229,534
92230,534
92231,530
92232,532
92233,536
92234,526
92235,534
92236,528
92237,528
92238,530
92239,534
92240,530
92241,536
92242,536
92243,528
92244,536
92245,530
92246,534
92247,534
92248,532
92249,530
92250,536
92251,536
92252,530
92253,534
92254,534
92255,532
92256,536
92257,532
92258,530
92259,536
92260,536
92261,568
92262,536
92263,538
92264,526
92265,536
92266,532
92267,532
92268,534
92269,532
92270,526
92271,540
92272,534
92273,526
92274,530
92275,536
92276,530
92277,526
92278,530
92279,528
92280,534
92281,532
92282,526
92283,534
92284,528
92285,532
92286,536
92287,530
92288,528
92289,536
92290,534
92291,528
92292,532
92293,530
92294,532
92295,530
92296,536
92297,532
92298,532
92299,530
92300,534
92301,534
92302,532
92303,528
92304,532
92305,528
92306,528
92307,532
92308,530
92309,528
92310,532
92311,534
92312,528
92313,528
92314,532
92315,528
92316,528
92317,532
92318,528
92319,528
92320,534
92321,570
92322,528
92323,534
92324,526
92325,534
92326,530
92327,526
92328,536
92329,534
92330,524
92331,532
92332,530
92333,528
92334,534
92335,532
92336,526
92337,534
92338,530
92339,528
92340,534
92341,534
92342,526
92343,534
92344,530
92345,532
92346,526
92347,528
92348,524
92349,530
92350,534
92351,524
92352,538
92353,530
92354,530
92355,532
92356,534
92357,532
92358,534
92359,532
92360,528
92361,532
92362,526
92363,530
92364,534
92365,530
92366,522
92367,532
92368,532
92369,526
92370,536
92371,534
92372,530
92373,538
92374,530
92375,530
92376,536
92377,532
92378,530
92379,536
92380,536
92381,526
92382,536
92383,574
92384,528
92385,532
92386,534
92387,526
92388,534
92389,530
92390,528
92391,532
92392,534
92393,532
92394,534
92395,536
92396,526
92397,538
92398,534
92399,530
92400,530
92401,534
92402,528
92403,532
92404,530
92405,526
92406,536
92407,528
92408,526
92409,534
92410,534
92411,526
92412,530
92413,530
92414,528
92415,534
92416,532
92417,526
92418,534
92419,536
92420,522
92421,528
92422,534
92423,530
92424,536
92425,530
92426,528
92427,534
92428,536
92429,528
92430,536
92431,528
92432,530
92433,528
92434,534
92435,524
92436,534
92437,530
92438,524
92439,532
92440,536
92441,530
92442,530
92443,576
92444,532
92445,536
92446,556
92447,528
92448,530
92449,534
92450,528
92451,528
92452,528
92453,528
92454,524
92455,524
92456,534
92457,536
92458,9834
92459,534
92460,534
92461,530
92462,526
92463,546
92464,538
92465,532
92466,526
92467,530
92468,530
92469,528
92470,534
92471,532
92472,532
92473,532
92474,534
92475,526
92476,536
92477,534
92478,530
92479,532
92480,528
92481,532
92482,544
92483,530
92484,530
92485,530
92486,532
92487,526
92488,534
92489,538
92490,526
92491,530
92492,534
92493,532
92494,538
92495,532
92496,530
92497,534
92498,532
92499,526
92500,532
92501,534
92502,530
92503,530
92504,530
92505,532
92506,536
92507,532
92508,530
92509,530
92510,530
92511,532
92512,536
92513,538
92514,526
92515,572
92516,534
92517,532
92518,536
92519,528
92520,528
92521,536
92522,532
92523,524
92524,534
92525,538
92526,536
92527,532
92528,534
92529,524
92530,530
92531,534
92532,526
92533,528
92534,530
92535,530
92536,532
92537,536
92538,530
92539,530
92540,534
92541,522
92542,532
92543,530
92544,532
92545,534
92546,536
92547,524
92548,530
92549,534
92550,530
92551,532
92552,528
92553,534
92554,528
92555,530
92556,526
92557,528
92558,528
92559,532
92560,534
92561,528
92562,526
92563,536
92564,532
92565,524
92566,534
92567,534
92568,532
92569,530
92570,530
92571,524
92572,526
92573,534
92574,550
92575,532
92576,532
92577,526
92578,534
92579,534
92580,526
92581,534
92582,534
92583,526
92584,536
92585,534
92586,530
92587,536
92588,530
92589,528
92590,532
92591,538
92592,530
92593,538
92594,534
92595,528
92596,528
92597,530
92598,526
92599,536
92600,532
92601,528
92602,530
92603,532
92604,526
92605,532
92606,530
92607,530
92608,538
92609,536
92610,532
92611,534
92612,536
92613,532
92614,530
92615,536
92616,532
92617,534
92618,530
92619,526
92620,530
92621,532
92622,530
92623,532
92624,532
92625,524
92626,532
92627,536
92628,528
92629,530
92630,534
92631,526
92632,532
92633,536
92634,532
92635,528
92636,574
92637,528
92638,532
92639,528
92640,526
92641,534
92642,532
92643,532
92644,534
92645,528
92646,532
92647,528
92648,538
92649,530
92650,532
92651,532
92652,524
92653,532
92654,534
92655,534
92656,536
92657,532
92658,524
92659,530
92660,532
92661,526
92662,534
92663,534
92664,528
92665,530
92666,536
92667,530
92668,532
92669,530
92670,524
92671,534
92672,530
92673,528
92674,532
92675,532
92676,524
92677,528
92678,536
92679,532
92680,530
92681,532
92682,532
92683,530
92684,534
92685,530
92686,530
92687,534
92688,526
92689,532
92690,534
92691,528
92692,536
92693,528
92694,526
92695,532
92696,574
92697,522
92698,534
92699,530
92700,526
92701,532
92702,534
92703,526
92704,534
92705,532
92706,524
92707,528
92708,536
92709,528
92710,530
92711,532
92712,528
92713,530
92714,530
92715,534
92716,536
92717,534
92718,524
92719,528
92720,530
92721,528
92722,536
92723,534
92724,532
92725,530
92726,538
92727,536
92728,532
92729,532
92730,530
92731,534
92732,536
92733,532
92734,530
92735,530
92736,528
92737,532
92738,532
92739,528
92740,532
92741,532
92742,526
92743,528
92744,532
92745,532
92746,530
92747,532
92748,530
92749,528
92750,534
92751,532
92752,532
92753,538
92754,526
92755,552
92756,532
92757,526
92758,534
92759,532
92760,526
92761,530
92762,534
92763,524
92764,534
92765,534
92766,534
92767,530
92768,534
92769,522
92770,532
92771,530
92772,526
92773,532
92774,534
92775,526
92776,530
92777,536
92778,528
92779,532
92780,536
92781,526
92782,532
92783,532
92784,528
92785,534
92786,530
92787,530
92788,530
92789,530
92790,530
92791,528
92792,530
92793,532
92794,532
92795,532
92796,528
92797,532
92798,532
92799,526
92800,532
92801,530
92802,522
92803,528
92804,534
92805,530
92806,534
92807,528
92808,530
92809,528
92810,530
92811,530
92812,530
92813,530
92814,530
92815,530
92816,530
92817,526
92818,532
92819,538
92820,526
92821,536
92822,534
92823,530
92824,534
92825,532
92826,526
92827,536
92828,532
92829,528
92830,536
92831,536
92832,546
92833,538
92834,532
92835,530
92836,530
92837,534
92838,524
92839,536
92840,536
92841,526
92842,536
92843,532
92844,532
92845,532
92846,526
92847,526
92848,530
92849,534
92850,528
92851,540
92852,566
92853,536
92854,538
92855,528
92856,532
92857,532
92858,538
92859,524
92860,536
92861,538
92862,528
92863,536
92864,538
92865,528
92866,530
92867,538
92868,532
92869,532
92870,536
92871,526
92872,532
92873,530
92874,530
92875,542
92876,536
92877,530
92878,534
92879,532
92880,530
92881,532
92882,536
92883,530
92884,532
92885,534
92886,526
92887,536
92888,530
92889,528
92890,530
92891,532
92892,532
92893,530
92894,528
92895,534
92896,534
92897,530
92898,524
92899,528
92900,530
92901,528
92902,534
92903,536
92904,570
92905,530
92906,532
92907,524
92908,536
92909,526
92910,524
92911,530
92912,532
92913,534
92914,526
92915,530
92916,526
92917,532
92918,528
92919,530
92920,530
92921,532
92922,528
92923,536
92924,538
92925,528
92926,536
92927,532
92928,526
92929,534
92930,534
92931,526
92932,532
92933,532
92934,534
92935,534
92936,532
92937,532
92938,532
92939,534
92940,528
92941,536
92942,532
92943,532
92944,530
92945,532
92946,532
92947,536
92948,534
92949,530
92950,534
92951,534
92952,534
92953,534
92954,534
92955,528
92956,534
92957,534
92958,528
92959,536
92960,532
92961,534
92962,534
92963,538
92964,530
92965,536
92966,534
92967,530
92968,530
92969,536
92970,526
92971,550
92972,536
92973,532
92974,534
92975,538
92976,528
92977,534
92978,536
92979,528
92980,532
92981,532
92982,534
92983,532
92984,532
92985,532
92986,532
92987,538
92988,528
92989,532
92990,540
92991,526
92992,530
92993,528
92994,526
92995,532
92996,536
92997,526
92998,528
92999,534
93000,530
93001,530
93002,528
93003,522
93004,534
93005,536
93006,522
93007,536
93008,530
93009,528
93010,536
93011,530
93012,528
93013,528
93014,528
93015,528
93016,528
93017,530
93018,530
93019,530
93020,532
93021,532
93022,528
93023,528
93024,524
93025,538
93026,528
93027,524
93028,534
93029,534
93030,530
93031,528
93032,532
93033,530
93034,534
93035,536
93036,526
93037,536
93038,532
93039,568
93040,534
93041,532
93042,528
93043,536
93044,534
93045,526
93046,528
93047,532
93048,524
93049,536
93050,528
93051,528
93052,530
93053,534
93054,526
93055,536
93056,530
93057,524
93058,530
93059,536
93060,532
93061,534
93062,536
93063,530
93064,534
93065,538
93066,534
93067,534
93068,534
93069,526
93070,532
93071,536
93072,526
93073,530
93074,532
93075,530
93076,536
93077,532
93078,530
93079,530
93080,530
93081,534
93082,530
93083,534
93084,534
93085,536
93086,534
93087,528
93088,532
93089,532
93090,528
93091,532
93092,538
93093,532
93094,536
93095,534
93096,524
93097,534
93098,534
93099,534
93100,528
93101,536
93102,530
93103,534
93104,538
93105,534
93106,538
93107,538
93108,568
93109,530
93110,532
93111,532
93112,536
93113,536
93114,528
93115,528
93116,528
93117,530
93118,534
93119,532
93120,530
93121,530
93122,536
93123,532
93124,530
93125,536
93126,530
93127,532
93128,532
93129,528
93130,532
93131,530
93132,528
93133,532
93134,534
93135,528
93136,530
93137,530
93138,530
93139,530
93140,536
93141,530
93142,530
93143,532
93144,528
93145,532
93146,528
93147,526
93148,530
93149,532
93150,530
93151,534
93152,536
93153,530
93154,530
93155,536
93156,528
93157,538
93158,534
93159,528
93160,530
93161,532
93162,528
93163,534
93164,536
93165,532
93166,534
93167,530
93168,532
93169,530
93170,530
93171,530
93172,534
93173,530
93174,526
93175,578
93176,532
93177,528
93178,534
93179,534
93180,530
93181,532
93182,532
93183,532
93184,534
93185,534
93186,530
93187,534
93188,534
93189,532
93190,528
93191,530
93192,526
93193,536
93194,534
93195,530
93196,534
93197,536
93198,532
93199,534
93200,530
93201,526
93202,532
93203,532
93204,534
93205,532
93206,540
93207,526
93208,534
93209,536
93210,530
93211,530
93212,536
93213,534
93214,532
93215,532
93216,532
93217,538
93218,534
93219,528
93220,530
93221,532
93222,534
93223,528
93224,532
93225,532
93226,536
93227,538
93228,530
93229,532
93230,532
93231,532
93232,534
93233,532
93234,526
93235,534
93236,532
93237,530
93238,534
93239,530
93240,524
93241,528
93242,532
93243,526
93244,530
93245,528
93246,530
93247,534
93248,576
93249,528
93250,528
93251,534
93252,536
93253,528
93254,536
93255,528
93256,532
93257,532
93258,526
93259,532
93260,532
93261,526
93262,578
93263,532
93264,532
93265,528
93266,542
93267,534
93268,536
93269,530
93270,530
93271,532
93272,532
93273,528
93274,528
93275,530
93276,526
93277,534
93278,528
93279,528
93280,530
93281,530
93282,524
93283,528
93284,534
93285,528
93286,534
93287,530
93288,524
93289,534
93290,536
93291,532
93292,532
93293,534
93294,530
93295,534
93296,536
93297,530
93298,530
93299,534
93300,530
93301,532
93302,530
93303,526
93304,534
93305,526
93306,526
93307,536
93308,576
93309,526
93310,536
93311,532
93312,530
93313,532
93314,532
93315,524
93316,534
93317,532
93318,526
93319,534
93320,536
93321,532
93322,532
93323,532
93324,532
93325,534
93326,534
93327,524
93328,536
93329,530
93330,532
93331,536
93332,532
93333,530
93334,540
93335,536
93336,526
93337,532
93338,534
93339,526
93340,534
93341,534
93342,528
93343,536
93344,536
93345,530
93346,534
93347,536
93348,534
93349,536
93350,538
93351,528
93352,534
93353,538
93354,528
93355,532
93356,536
93357,526
93358,536
93359,528
93360,530
93361,532
93362,536
93363,526
93364,530
93365,534
93366,524
93367,530
93368,532
93369,532
93370,530
93371,534
93372,526
93373,534
93374,532
93375,530
93376,536
93377,530
93378,530
93379,534
93380,530
93381,528
93382,554
93383,528
93384,526
93385,532
93386,526
93387,526
93388,534
93389,530
93390,524
93391,532
93392,530
93393,532
93394,532
93395,528
93396,524
93397,528
93398,532
93399,528
93400,536
93401,536
93402,524
93403,528
93404,532
93405,528
93406,528
93407,528
93408,528
93409,526
93410,534
93411,526
93412,528
93413,530
93414,530
93415,538
93416,536
93417,532
93418,532
93419,532
93420,530
93421,532
93422,530
93423,528
93424,534
93425,532
93426,530
93427,534
93428,538
93429,532
93430,534
93431,534
93432,526
93433,532
93434,534
93435,524
93436,534
93437,530
93438,526
93439,530
93440,538
93441,532
93442,534
93443,530
93444,530
93445,530
93446,530
93447,532
93448,534
93449,532
93450,530
93451,536
93452,536
93453,528
93454,530
93455,528
93456,528
93457,532
93458,532
93459,526
93460,532
93461,534
93462,530
93463,538
93464,536
93465,526
93466,538
93467,538
93468,526
93469,528
93470,534
93471,530
93472,532
93473,534
93474,530
93475,532
93476,534
93477,524
93478,538
93479,532
93480,526
93481,532
93482,530
93483,528
93484,532
93485,530
93486,528
93487,536
93488,534
93489,524
93490,532
93491,528
93492,574
93493,532
93494,536
93495,526
93496,526
93497,532
93498,530
93499,532
93500,528
93501,524
93502,532
93503,530
93504,524
93505,530
93506,530
93507,522
93508,528
93509,526
93510,532
93511,532
93512,528
93513,526
93514,530
93515,532
93516,528
93517,532
93518,530
93519,526
93520,534
93521,530
93522,524
93523,536
93524,528
93525,524
93526,532
93527,532
93528,530
93529,528
93530,534
93531,526
93532,536
93533,528
93534,522
93535,534
93536,532
93537,524
93538,528
93539,530
93540,524
93541,528
93542,536
93543,528
93544,536
93545,538
93546,530
93547,532
93548,526
93549,526
93550,530
93551,532
93552,530
93553,532
93554,536
93555,530
93556,536
93557,534
93558,532
93559,532
93560,532
93561,528
93562,532
93563,532
93564,526
93565,530
93566,576
93567,532
93568,532
93569,538
93570,526
93571,532
93572,532
93573,532
93574,536
93575,538
93576,534
93577,536
93578,536
93579,530
93580,536
93581,532
93582,526
93583,530
93584,536
93585,532
93586,528
93587,536
93588,526
93589,528
93590,536
93591,530
93592,532
93593,532
93594,532
93595,532
93596,532
93597,526
93598,538
93599,530
93600,528
93601,534
93602,536
93603,530
93604,530
93605,528
93606,532
93607,534
93608,534
93609,528
93610,534
93611,532
93612,530
93613,532
93614,534
93615,532
93616,530
93617,530
93618,532
93619,528
93620,534
93621,524
93622,528
93623,534
93624,570
93625,534
93626,536
93627,526
93628,530
93629,536
93630,526
93631,534
93632,528
93633,524
93634,532
93635,534
93636,524
93637,528
93638,528
93639,532
93640,534
93641,536
93642,530
93643,530
93644,534
93645,528
93646,532
93647,536
93648,526
93649,538
93650,534
93651,528
93652,530
93653,534
93654,522
93655,528
93656,528
93657,526
93658,536
93659,536
93660,528
93661,536
93662,528
93663,534
93664,534
93665,534
93666,532
93667,532
93668,530
93669,526
93670,532
93671,674
93672,532
93673,536
93674,532
93675,542
93676,536
93677,524
93678,536
93679,532
93680,530
93681,530
93682,536
93683,532
93684,538
93685,540
93686,530
93687,538
93688,536
93689,532
93690,536
93691,534
93692,530
93693,536
93694,534
93695,528
93696,538
93697,534
93698,534
93699,528
93700,534
93701,532
93702,536
93703,532
93704,526
93705,534
93706,530
93707,532
93708,528
93709,536
93710,526
93711,532
93712,532
93713,532
93714,528
93715,532
93716,526
93717,536
93718,538
93719,524
93720,530
93721,538
93722,524
93723,532
93724,532
93725,534
93726,532
93727,530
93728,570
93729,528
93730,536
93731,528
93732,534
93733,528
93734,524
93735,534
93736,532
93737,526
93738,534
93739,536
93740,530
93741,532
93742,534
93743,530
93744,530
93745,534
93746,526
93747,532
93748,530
93749,532
93750,532
93751,536
93752,524
93753,528
93754,534
93755,526
93756,526
93757,536
93758,526
93759,530
93760,534
93761,530
93762,528
93763,534
93764,524
93765,530
93766,530
93767,530
93768,534
93769,536
93770,526
93771,534
93772,532
93773,532
93774,528
93775,534
93776,530
93777,528
93778,530
93779,530
93780,530
93781,536
93782,530
93783,536
93784,530
93785,528
93786,534
93787,538
93788,530
93789,532
93790,536
93791,528
93792,532
93793,534
93794,526
93795,534
93796,530
93797,534
93798,530
93799,536
93800,526
93801,538
93802,532
93803,530
93804,532
93805,532
93806,528
93807,532
93808,534
93809,528
93810,536
93811,530
93812,544
93813,538
93814,532
93815,532
93816,534
93817,532
93818,530
93819,538
93820,534
93821,528
93822,530
93823,532
93824,530
93825,534
93826,538
93827,528
93828,534
93829,536
93830,532
93831,532
93832,534
93833,532
93834,532
93835,534
93836,530
93837,538
93838,536
93839,532
93840,536
93841,536
93842,530
93843,530
93844,530
93845,534
93846,536
93847,526
93848,522
93849,534
93850,532
93851,530
93852,534
93853,532
93854,530
93855,536
93856,532
93857,526
93858,530
93859,532
93860,528
93861,530
93862,534
93863,528
93864,534
93865,530
93866,524
93867,528
93868,538
93869,530
93870,530
93871,534
93872,528
93873,578
93874,534
93875,524
93876,536
93877,534
93878,530
93879,532
93880,536
93881,530
93882,528
93883,534
93884,530
93885,530
93886,534
93887,524
93888,530
93889,532
93890,532
93891,536
93892,536
93893,532
93894,532
93895,536
93896,522
93897,530
93898,532
93899,532
93900,534
93901,536
93902,526
93903,532
93904,538
93905,530
93906,534
93907,536
93908,528
93909,536
93910,538
93911,524
93912,536
93913,532
93914,526
93915,536
93916,536
93917,530
93918,530
93919,532
93920,532
93921,538
93922,532
93923,526
93924,532
93925,538
93926,528
93927,534
93928,536
93929,532
93930,540
93931,530
93932,568
93933,534
93934,530
93935,534
93936,530
93937,538
93938,528
93939,540
93940,532
93941,526
93942,534
93943,536
93944,526
93945,530
93946,532
93947,530
93948,540
93949,530
93950,532
93951,534
93952,538
93953,528
93954,532
93955,532
93956,534
93957,528
93958,536
93959,530
93960,530
93961,536
93962,530
93963,532
93964,532
93965,530
93966,534
93967,536
93968,530
93969,538
93970,534
93971,530
93972,536
93973,532
93974,532
93975,536
93976,528
93977,526
93978,536
93979,532
93980,528
93981,536
93982,532
93983,526
93984,536
93985,530
93986,528
93987,528
93988,530
93989,526
93990,530
93991,536
93992,540
93993,530
93994,528
93995,524
93996,530
93997,530
93998,530
93999,534
94000,534
94001,522
94002,536
94003,536
94004,530
94005,530
94006,534
94007,528
94008,534
94009,528
94010,530
94011,534
94012,532
94013,530
94014,532
94015,532
94016,532
94017,538
94018,528
94019,524
94020,530
94021,530
94022,534
94023,536
94024,534
94025,528
94026,536
94027,530
94028,530
94029,536
94030,528
94031,534
94032,532
94033,534
94034,528
94035,532
94036,534
94037,530
94038,532
94039,534
94040,528
94041,538
94042,534
94043,534
94044,532
94045,528
94046,532
94047,530
94048,530
94049,530
94050,530
94051,538
94052,530
94053,530
94054,572
94055,534
94056,530
94057,532
94058,530
94059,530
94060,532
94061,530
94062,536
94063,528
94064,526
94065,532
94066,536
94067,528
94068,534
94069,536
94070,532
94071,538
94072,536
94073,534
94074,538
94075,536
94076,528
94077,536
94078,530
94079,526
94080,536
94081,582
94082,528
94083,530
94084,530
94085,536
94086,530
94087,526
94088,528
94089,528
94090,532
94091,538
94092,538
94093,526
94094,528
94095,530
94096,530
94097,532
94098,528
94099,530
94100,530
94101,530
94102,528
94103,530
94104,534
94105,526
94106,536
94107,530
94108,542
94109,538
94110,532
94111,530
94112,542
94113,528
94114,528
94115,534
94116,532
94117,530
94118,528
94119,534
94120,530
94121,528
94122,530
94123,530
94124,532
94125,532
94126,532
94127,534
94128,538
94129,526
94130,530
94131,530
94132,528
94133,572
94134,534
94135,526
94136,534
94137,528
94138,528
94139,530
94140,530
94141,528
94142,532
94143,532
94144,530
94145,530
94146,532
94147,526
94148,534
94149,534
94150,532
94151,526
94152,532
94153,526
94154,536
94155,532
94156,532
94157,528
94158,532
94159,528
94160,536
94161,534
94162,528
94163,530
94164,536
94165,530
94166,530
94167,536
94168,534
94169,536
94170,534
94171,528
94172,530
94173,538
94174,532
94175,532
94176,538
94177,532
94178,538
94179,538
94180,534
94181,532
94182,536
94183,534
94184,532
94185,538
94186,532
94187,536
94188,532
94189,530
94190,528
94191,530
94192,524
94193,580
94194,534
94195,530
94196,532
94197,534
94198,534
94199,534
94200,534
94201,530
94202,536
94203,534
94204,524
94205,532
94206,534
94207,524
94208,528
94209,530
94210,532
94211,536
94212,532
94213,532
94214,532
94215,530
94216,524
94217,536
94218,538
94219,532
94220,536
94221,530
94222,532
94223,530
94224,532
94225,528
94226,534
94227,534
94228,534
94229,532
94230,532
94231,528
94232,534
94233,530
94234,524
94235,532
94236,534
94237,532
94238,534
94239,530
94240,526
94241,530
94242,536
94243,526
94244,534
94245,530
94246,530
94247,528
94248,536
94249,530
94250,528
94251,530
94252,526
94253,538
94254,578
94255,528
94256,530
94257,536
94258,528
94259,538
94260,534
94261,528
94262,534
94263,538
94264,526
94265,534
94266,530
94267,532
94268,534
94269,534
94270,524
94271,536
94272,530
94273,532
94274,534
94275,530
94276,524
94277,530
94278,534
94279,530
94280,530
94281,538
94282,528
94283,536
94284,532
94285,524
94286,534
94287,534
94288,526
94289,536
94290,534
94291,528
94292,536
94293,534
94294,526
94295,532
94296,532
94297,534
94298,534
94299,540
94300,534
94301,532
94302,530
94303,530
94304,530
94305,536
94306,530
94307,530
94308,532
94309,530
94310,532
94311,534
94312,530
94313,534
94314,532
94315,524
94316,534
94317,536
94318,528
94319,532
94320,530
94321,526
94322,534
94323,536
94324,528
94325,536
94326,528
94327,532
94328,530
94329,532
94330,532
94331,536
94332,532
94333,530
94334,534
94335,576
94336,532
94337,530
94338,534
94339,526
94340,532
94341,530
94342,532
94343,536
94344,536
94345,526
94346,530
94347,530
94348,532
94349,530
94350,532
94351,532
94352,530
94353,532
94354,526
94355,528
94356,532
94357,528
94358,538
94359,530
94360,526
94361,536
94362,530
94363,530
94364,534
94365,534
94366,528
94367,528
94368,536
94369,528
94370,528
94371,532
94372,522
94373,532
94374,532
94375,528
94376,532
94377,532
94378,532
94379,530
94380,538
94381,526
94382,538
94383,532
94384,530
94385,538
94386,530
94387,526
94388,532
94389,530
94390,528
94391,536
94392,530
94393,530
94394,530
94395,532
94396,568
94397,536
94398,532
94399,534
94400,532
94401,534
94402,528
94403,528
94404,536
94405,526
94406,534
94407,536
94408,530
94409,530
94410,532
94411,530
94412,534
94413,536
94414,532
94415,534
94416,536
94417,530
94418,538
94419,536
94420,534
94421,538
94422,534
94423,528
94424,532
94425,532
94426,528
94427,534
94428,534
94429,534
94430,538
94431,530
94432,530
94433,530
94434,530
94435,530
94436,534
94437,534
94438,528
94439,536
94440,532
94441,530
94442,534
94443,530
94444,530
94445,534
94446,532
94447,528
94448,528
94449,530
94450,532
94451,526
94452,528
94453,532
94454,536
94455,572
94456,526
94457,532
94458,532
94459,524
94460,532
94461,538
94462,532
94463,532
94464,532
94465,528
94466,532
94467,532
94468,530
94469,530
94470,532
94471,532
94472,534
94473,532
94474,526
94475,534
94476,536
94477,528
94478,534
94479,534
94480,530
94481,530
94482,534
94483,524
94484,532
94485,534
94486,532
94487,534
94488,536
94489,530
94490,570
94491,534
94492,536
94493,526
94494,532
94495,534
94496,530
94497,530
94498,534
94499,548
94500,522
94501,538
94502,528
94503,532
94504,530
94505,536
94506,528
94507,530
94508,536
94509,528
94510,536
94511,536
94512,530
94513,536
94514,536
94515,526
94516,536
94517,600
94518,528
94519,532
94520,530
94521,526
94522,534
94523,536
94524,532
94525,532
94526,536
94527,526
94528,536
94529,528
94530,528
94531,536
94532,538
94533,528
94534,532
94535,538
94536,534
94537,532
94538,528
94539,532
94540,534
94541,530
94542,532
94543,536
94544,532
94545,530
94546,574
94547,534
94548,526
94549,532
94550,536
94551,526
94552,532
94553,530
94554,528
94555,534
94556,534
94557,526
94558,538
94559,530
94560,526
94561,530
94562,534
94563,532
94564,534
94565,532
94566,528
94567,528
94568,526
94569,528
94570,528
94571,536
94572,528
94573,530
94574,538
94575,530
94576,536
94577,532
94578,528
94579,532
94580,536
94581,532
94582,534
94583,534
94584,530
94585,532
94586,534
94587,526
94588,530
94589,530
94590,532
94591,534
94592,536
94593,528
94594,528
94595,528
94596,528
94597,534
94598,536
94599,526
94600,576
94601,532
94602,524
94603,530
94604,528
94605,532
94606,528
94607,530
94608,524
94609,534
94610,526
94611,532
94612,530
94613,526
94614,526
94615,534
94616,538
94617,528
94618,536
94619,536
94620,524
94621,532
94622,536
94623,530
94624,530
94625,530
94626,522
94627,530
94628,528
94629,526
94630,532
94631,534
94632,528
94633,532
94634,534
94635,532
94636,530
94637,530
94638,534
94639,530
94640,536
94641,530
94642,530
94643,532
94644,530
94645,530
94646,528
94647,526
94648,528
94649,538
94650,528
94651,530
94652,546
94653,530
94654,530
94655,530
94656,530
94657,540
94658,534
94659,530
94660,532
94661,532
94662,532
94663,528
94664,534
94665,526
94666,534
94667,536
94668,530
94669,532
94670,530
94671,532
94672,534
94673,534
94674,528
94675,536
94676,530
94677,528
94678,536
94679,538
94680,534
94681,534
94682,530
94683,526
94684,538
94685,534
94686,532
94687,538
94688,538
94689,526
94690,532
94691,536
94692,530
94693,532
94694,530
94695,526
94696,530
94697,534
94698,528
94699,536
94700,528
94701,536
94702,534
94703,530
94704,526
94705,530
94706,534
94707,522
94708,594
94709,530
94710,532
94711,532
94712,536
94713,526
94714,530
94715,532
94716,532
94717,536
94718,528
94719,528
94720,532
94721,532
94722,526
94723,528
94724,536
94725,530
94726,534
94727,532
94728,522
94729,534
94730,534
94731,534
94732,534
94733,530
94734,528
94735,530
94736,534
94737,530
94738,534
94739,534
94740,526
94741,530
94742,532
94743,532
94744,528
94745,532
94746,528
94747,534
94748,528
94749,530
94750,536
94751,534
94752,526
94753,532
94754,530
94755,534
94756,534
94757,536
94758,528
94759,534
94760,536
94761,522
94762,578
94763,534
94764,530
94765,532
94766,528
94767,524
94768,536
94769,538
94770,526
94771,532
94772,538
94773,528
94774,534
94775,538
94776,534
94777,534
94778,536
94779,532
94780,530
94781,530
94782,536
94783,538
94784,536
94785,534
94786,534
94787,536
94788,532
94789,536
94790,536
94791,532
94792,534
94793,538
94794,528
94795,536
94796,536
94797,532
94798,534
94799,532
94800,526
94801,532
94802,532
94803,530
94804,534
94805,532
94806,524
94807,536
94808,532
94809,526
94810,534
94811,534
94812,528
94813,536
94814,538
94815,532
94816,570
94817,528
94818,528
94819,532
94820,536
94821,528
94822,534
94823,538
94824,532
94825,530
94826,536
94827,526
94828,530
94829,532
94830,522
94831,526
94832,532
94833,528
94834,534
94835,532
94836,530
94837,534
94838,534
94839,528
94840,534
94841,530
94842,526
94843,528
94844,534
94845,530
94846,528
94847,530
94848,528
94849,532
94850,530
94851,532
94852,530
94853,536
94854,528
94855,534
94856,534
94857,528
94858,532
94859,534
94860,524
94861,532
94862,532
94863,528
94864,532
94865,536
94866,528
94867,534
94868,532
94869,526
94870,530
94871,528
94872,530
94873,530
94874,534
94875,530
94876,536
94877,532
94878,532
94879,534
94880,530
94881,534
94882,530
94883,532
94884,534
94885,528
94886,530
94887,528
94888,530
94889,532
94890,532
94891,532
94892,536
94893,532
94894,536
94895,534
94896,528
94897,532
94898,536
94899,530
94900,580
94901,532
94902,532
94903,532
94904,534
94905,536
94906,530
94907,534
94908,544
94909,536
94910,530
94911,532
94912,530
94913,534
94914,528
94915,538
94916,530
94917,540
94918,530
94919,530
94920,530
94921,530
94922,536
94923,528
94924,538
94925,532
94926,532
94927,532
94928,530
94929,530
94930,536
94931,530
94932,526
94933,532
94934,538
94935,528
94936,530
94937,530
94938,524
94939,530
94940,530
94941,526
94942,530
94943,532
94944,524
94945,532
94946,536
94947,524
94948,534
94949,534
94950,530
94951,532
94952,536
94953,530
94954,530
94955,538
94956,530
94957,578
94958,528
94959,530
94960,532
94961,534
94962,530
94963,532
94964,530
94965,528
94966,530
94967,528
94968,526
94969,534
94970,534
94971,528
94972,532
94973,530
94974,532
94975,534
94976,534
94977,528
94978,536
94979,532
94980,534
94981,530
94982,528
94983,532
94984,532
94985,532
94986,528
94987,534
94988,536
94989,530
94990,526
94991,534
94992,530
94993,528
94994,538
94995,524
94996,532
94997,536
94998,530
94999,532
95000,534
95001,532
95002,530
95003,534
95004,534
95005,536
95006,536
95007,528
95008,536
95009,532
95010,528
95011,538
95012,538
95013,530
95014,530
95015,578
95016,532
95017,536
95018,532
95019,534
95020,534
95021,530
95022,534
95023,532
95024,536
95025,528
95026,538
95027,536
95028,530
95029,532
95030,538
95031,530
95032,18768
95033,528
95034,532
95035,536
95036,530
95037,534
95038,526
95039,532
95040,528
95041,534
95042,530
95043,530
95044,532
95045,532
95046,530
95047,532
95048,534
95049,532
95050,536
95051,534
95052,530
95053,528
95054,530
95055,526
95056,534
95057,528
95058,530
95059,532
95060,528
95061,526
95062,534
95063,530
95064,530
95065,530
95066,530
95067,524
95068,530
95069,534
95070,526
95071,532
95072,534
95073,528
95074,534
95075,526
95076,528
95077,530
95078,530
95079,530
95080,526
95081,534
95082,530
95083,530
95084,530
95085,526
95086,536
95087,526
95088,572
95089,532
95090,532
95091,532
95092,534
95093,530
95094,528
95095,532
95096,536
95097,530
95098,532
95099,530
95100,530
95101,536
95102,534
95103,530
95104,530
95105,532
95106,532
95107,532
95108,530
95109,534
95110,534
95111,530
95112,528
95113,532
95114,534
95115,534
95116,538
95117,538
95118,526
95119,532
95120,532
95121,528
95122,534
95123,538
95124,530
95125,536
95126,528
95127,528
95128,530
95129,528
95130,532
95131,536
95132,532
95133,532
95134,536
95135,532
95136,530
95137,532
95138,532
95139,530
95140,528
95141,534
95142,532
95143,526
95144,532
95145,526
95146,534
95147,532
95148,524
95149,528
95150,534
95151,532
95152,528
95153,532
95154,570
95155,536
95156,530
95157,526
95158,532
95159,530
95160,528
95161,530
95162,532
95163,524
95164,530
95165,532
95166,524
95167,532
95168,536
95169,528
95170,534
95171,530
95172,528
95173,530
95174,530
95175,526
95176,532
95177,526
95178,530
95179,534
95180,530
95181,528
95182,530
95183,536
95184,528
95185,532
95186,528
95187,528
95188,530
95189,528
95190,530
95191,530
95192,530
95193,528
95194,532
95195,530
95196,530
95197,536
95198,532
95199,528
95200,530
95201,526
95202,528
95203,528
95204,530
95205,526
95206,538
95207,534
95208,526
95209,534
95210,534
95211,526
95212,538
95213,534
95214,532
95215,528
95216,536
95217,524
95218,530
95219,596
95220,528
95221,538
95222,528
95223,524
95224,534
95225,534
95226,524
95227,538
95228,530
95229,530
95230,530
95231,528
95232,526
95233,534
95234,532
95235,528
95236,538
95237,532
95238,528
95239,526
95240,536
95241,528
95242,534
95243,532
95244,532
95245,534
95246,530
95247,526
95248,538
95249,532
95250,530
95251,532
95252,530
95253,524
95254,534
95255,536
95256,524
95257,536
95258,534
95259,528
95260,528
95261,534
95262,532
95263,536
95264,536
95265,530
95266,538
95267,530
95268,526
95269,532
95270,532
95271,524
95272,536
95273,536
95274,524
95275,532
95276,534
95277,532
95278,532
95279,534
95280,530
95281,548
95282,534
95283,534
95284,532
95285,530
95286,530
95287,530
95288,536
95289,530
95290,534
95291,532
95292,530
95293,532
95294,534
95295,530
95296,530
95297,532
95298,528
95299,534
95300,534
95301,524
95302,536
95303,536
95304,532
95305,536
95306,536
95307,528
95308,534
95309,548
95310,530
95311,536
95312,534
95313,538
95314,542
95315,532
95316,534
95317,530
95318,524
95319,534
95320,538
95321,536
95322,530
95323,534
95324,532
95325,534
95326,530
95327,528
95328,532
95329,534
95330,530
95331,536
95332,538
95333,526
95334,538
95335,536
95336,530
95337,530
95338,536
95339,530
95340,532
95341,532
95342,530
95343,540
95344,538
95345,530
95346,532
95347,534
95348,532
95349,534
95350,534
95351,528
95352,532
95353,534
95354,526
95355,536
95356,538
95357,528
95358,536
95359,534
95360,532
95361,536
95362,576
95363,526
95364,530
95365,536
95366,534
95367,528
95368,532
95369,528
95370,532
95371,530
95372,522
95373,538
95374,536
95375,530
95376,530
95377,538
95378,530
95379,532
95380,538
95381,532
95382,538
95383,530
95384,528
95385,534
95386,534
95387,532
95388,530
95389,534
95390,528
95391,530
95392,532
95393,532
95394,534
95395,528
95396,532
95397,534
95398,534
95399,530
95400,530
95401,532
95402,528
95403,530
95404,536
95405,526
95406,534
95407,536
95408,530
95409,534
95410,532
95411,526
95412,536
95413,536
95414,528
95415,530
95416,530
95417,530
95418,530
95419,530
95420,524
95421,534
95422,528
95423,544
95424,532
95425,532
95426,526
95427,528
95428,530
95429,530
95430,532
95431,534
95432,532
95433,534
95434,532
95435,534
95436,534
95437,536
95438,528
95439,532
95440,534
95441,530
95442,528
95443,538
95444,530
95445,536
95446,536
95447,528
95448,536
95449,534
95450,530
95451,530
95452,532
95453,528
95454,534
95455,530
95456,534
95457,530
95458,536
95459,532
95460,534
95461,536
95462,528
95463,532
95464,532
95465,532
95466,534
95467,538
95468,532
95469,538
95470,530
95471,528
95472,536
95473,536
95474,534
95475,534
95476,534
95477,532
95478,532
95479,536
95480,532
95481,532
95482,576
95483,532
95484,530
95485,534
95486,532
95487,530
95488,532
95489,526
95490,534
95491,532
95492,530
95493,532
95494,532
95495,526
95496,538
95497,530
95498,528
95499,534
95500,538
95501,526
95502,538
95503,530
95504,530
95505,530
95506,532
95507,524
95508,536
95509,536
95510,530
95511,534
95512,534
95513,528
95514,532
95515,534
95516,528
95517,526
95518,530
95519,534
95520,534
95521,534
95522,532
95523,528
95524,530
95525,528
95526,534
95527,534
95528,526
95529,530
95530,530
95531,530
95532,536
95533,534
95534,530
95535,532
95536,532
95537,526
95538,530
95539,530
95540,530
95541,530
95542,534
95543,570
95544,530
95545,530
95546,528
95547,530
95548,530
95549,526
95550,528
95551,532
95552,528
95553,530
95554,528
95555,530
95556,530
95557,530
95558,530
95559,536
95560,532
95561,528
95562,534
95563,530
95564,530
95565,532
95566,528
95567,530
95568,536
95569,538
95570,530
95571,536
95572,526
95573,524
95574,536
95575,530
95576,530
95577,534
95578,538
95579,532
95580,536
95581,532
95582,528
95583,536
95584,534
95585,528
95586,536
95587,536
95588,530
95589,534
95590,532
95591,524
95592,532
95593,528
95594,528
95595,530
95596,536
95597,528
95598,534
95599,534
95600,532
95601,540
95602,532
95603,570
95604,528
95605,532
95606,530
95607,540
95608,534
95609,532
95610,540
95611,536
95612,528
95613,534
95614,532
95615,532
95616,536
95617,534
95618,526
95619,538
95620,532
95621,526
95622,536
95623,536
95624,532
95625,536
95626,530
95627,526
95628,534
95629,528
95630,532
95631,532
95632,534
95633,530
95634,528
95635,538
95636,530
95637,530
95638,528
95639,528
95640,530
95641,532
95642,532
95643,530
95644,530
95645,532
95646,534
95647,534
95648,532
95649,530
95650,538
95651,528
95652,534
95653,530
95654,530
95655,534
95656,532
95657,530
95658,536
95659,532
95660,526
95661,530
95662,532
95663,526
95664,532
95665,530
95666,572
95667,536
95668,530
95669,526
95670,528
95671,530
95672,530
95673,534
95674,530
95675,528
95676,532
95677,532
95678,530
95679,536
95680,532
95681,528
95682,534
95683,534
95684,532
95685,530
95686,534
95687,534
95688,536
95689,538
95690,528
95691,530
95692,534
95693,532
95694,536
95695,538
95696,534
95697,532
95698,534
95699,530
95700,534
95701,530
95702,526
95703,536
95704,538
95705,530
95706,536
95707,534
95708,528
95709,536
95710,530
95711,524
95712,534
95713,536
95714,532
95715,538
95716,530
95717,530
95718,536
95719,568
95720,536
95721,538
95722,532
95723,530
95724,538
95725,532
95726,532
95727,530
95728,534
95729,530
95730,534
95731,532
95732,546
95733,534
95734,532
95735,530
95736,536
95737,536
95738,528
95739,536
95740,534
95741,530
95742,532
95743,534
95744,532
95745,528
95746,532
95747,530
95748,530
95749,534
95750,532
95751,532
95752,530
95753,530
95754,528
95755,534
95756,534
95757,530
95758,534
95759,524
95760,534
95761,534
95762,526
95763,530
95764,528
95765,526
95766,530
95767,532
95768,524
95769,532
95770,532
95771,528
95772,534
95773,530
95774,528
95775,528
95776,572
95777,530
95778,530
95779,528
95780,524
95781,532
95782,532
95783,524
95784,528
95785,526
95786,534
95787,534
95788,528
95789,530
95790,530
95791,530
95792,530
95793,530
95794,528
95795,528
95796,534
95797,526
95798,524
95799,528
95800,528
95801,532
95802,530
95803,532
95804,524
95805,528
95806,530
95807,528
95808,534
95809,536
95810,530
95811,534
95812,534
95813,522
95814,532
95815,530
95816,526
95817,536
95818,530
95819,528
95820,534
95821,534
95822,526
95823,538
95824,530
95825,534
95826,530
95827,534
95828,528
95829,534
95830,532
95831,530
95832,536
95833,536
95834,574
95835,526
95836,528
95837,528
95838,534
95839,534
95840,530
95841,530
95842,538
95843,532
95844,536
95845,532
95846,526
95847,534
95848,534
95849,530
95850,530
95851,534
95852,526
95853,528
95854,540
95855,532
95856,536
95857,534
95858,530
95859,534
95860,528
95861,526
95862,534
95863,530
95864,530
95865,532
95866,530
95867,524
95868,532
95869,530
95870,532
95871,534
95872,534
95873,528
95874,530
95875,526
95876,528
95877,530
95878,532
95879,524
95880,528
95881,530
95882,528
95883,534
95884,532
95885,534
95886,528
95887,530
95888,526
95889,534
95890,528
95891,528
95892,528
95893,530
95894,566
95895,530
95896,532
95897,530
95898,534
95899,534
95900,530
95901,536
95902,528
95903,522
95904,534
95905,530
95906,526
95907,530
95908,530
95909,526
95910,532
95911,528
95912,530
95913,534
95914,530
95915,532
95916,530
95917,532
95918,526
95919,536
95920,530
95921,526
95922,534
95923,530
95924,522
95925,534
95926,534
95927,532
95928,528
95929,530
95930,530
95931,532
95932,534
95933,528
95934,532
95935,530
95936,526
95937,532
95938,534
95939,530
95940,532
95941,534
95942,530
95943,530
95944,532
95945,530
95946,534
95947,536
95948,528
95949,536
95950,528
95951,534
95952,534
95953,550
95954,524
95955,532
95956,536
95957,530
95958,530
95959,530
95960,526
95961,536
95962,536
95963,526
95964,530
95965,534
95966,532
95967,534
95968,536
95969,528
95970,534
95971,530
95972,530
95973,538
95974,532
95975,534
95976,534
95977,538
95978,526
95979,530
95980,532
95981,526
95982,528
95983,528
95984,526
95985,528
95986,536
95987,530
95988,534
95989,532
95990,524
95991,534
95992,526
95993,524
95994,534
95995,532
95996,528
95997,528
95998,534
95999,524
96000,534
96001,532
96002,530
96003,534
96004,532
96005,524
96006,530
96007,528
96008,522
96009,528
96010,532
96011,526
96012,534
96013,572
96014,528
96015,530
96016,528
96017,526
96018,536
96019,532
96020,530
96021,530
96022,530
96023,522
96024,534
96025,530
96026,528
96027,526
96028,532
96029,526
96030,532
96031,526
96032,530
96033,534
96034,530
96035,530
96036,536
96037,534
96038,526
96039,532
96040,532
96041,528
96042,530
96043,536
96044,526
96045,536
96046,534
96047,530
96048,536
96049,532
96050,528
96051,536
96052,528
96053,528
96054,534
96055,532
96056,532
96057,534
96058,532
96059,530
96060,534
96061,530
96062,530
96063,534
96064,532
96065,528
96066,534
96067,530
96068,522
96069,534
96070,540
96071,570
96072,536
96073,532
96074,528
96075,538
96076,530
96077,524
96078,532
96079,536
96080,530
96081,532
96082,534
96083,532
96084,534
96085,534
96086,530
96087,536
96088,536
96089,528
96090,534
96091,530
96092,532
96093,532
96094,530
96095,528
96096,534
96097,534
96098,526
96099,532
96100,530
96101,532
96102,530
96103,530
96104,526
96105,534
96106,532
96107,526
96108,530
96109,530
96110,530
96111,532
96112,534
96113,524
96114,534
96115,536
96116,532
96117,526
96118,532
96119,530
96120,536
96121,534
96122,524
96123,530
96124,532
96125,528
96126,536
96127,528
96128,530
96129,578
96130,530
96131,536
96132,534
96133,536
96134,536
96135,532
96136,534
96137,530
96138,532
96139,528
96140,530
96141,530
96142,530
96143,528
96144,532
96145,526
96146,532
96147,528
96148,528
96149,534
96150,534
96151,526
96152,532
96153,532
96154,528
96155,532
96156,534
96157,532
96158,534
96159,532
96160,526
96161,532
96162,532
96163,528
96164,528
96165,534
96166,534
96167,534
96168,532
96169,530
96170,538
96171,534
96172,532
96173,534
96174,530
96175,532
96176,530
96177,534
96178,532
96179,532
96180,530
96181,534
96182,534
96183,538
96184,532
96185,534
96186,538
96187,532
96188,534
96189,534
96190,532
96191,532
96192,534
96193,534
96194,532
96195,530
96196,526
96197,536
96198,536
96199,548
96200,530
96201,534
96202,532
96203,536
96204,536
96205,530
96206,532
96207,534
96208,534
96209,530
96210,532
96211,530
96212,532
96213,534
96214,528
96215,534
96216,536
96217,526
96218,532
96219,534
96220,530
96221,534
96222,532
96223,528
96224,534
96225,532
96226,532
96227,534
96228,536
96229,530
96230,540
96231,530
96232,526
96233,536
96234,534
96235,530
96236,534
96237,534
96238,530
96239,534
96240,532
96241,526
96242,530
96243,534
96244,532
96245,534
96246,528
96247,530
96248,530
96249,524
96250,526
96251,534
96252,528
96253,528
96254,536
96255,536
96256,568
96257,534
96258,530
96259,528
96260,526
96261,534
96262,528
96263,532
96264,532
96265,528
96266,534
96267,532
96268,526
96269,534
96270,534
96271,524
96272,536
96273,536
96274,524
96275,536
96276,536
96277,534
96278,532
96279,538
96280,524
96281,528
96282,534
96283,528
96284,532
96285,536
96286,530
96287,534
96288,534
96289,530
96290,534
96291,532
96292,532
96293,536
96294,532
96295,532
96296,532
96297,534
96298,532
96299,536
96300,536
96301,528
96302,534
96303,530
96304,530
96305,536
96306,534
96307,528
96308,536
96309,534
96310,528
96311,534
96312,530
96313,566
96314,528
96315,532
96316,528
96317,538
96318,532
96319,532
96320,536
96321,532
96322,534
96323,532
96324,530
96325,534
96326,530
96327,534
96328,526
96329,534
96330,534
96331,530
96332,532
96333,538
96334,524
96335,534
96336,534
96337,530
96338,536
96339,532
96340,526
96341,532
96342,532
96343,530
96344,530
96345,532
96346,528
96347,532
96348,534
96349,526
96350,534
96351,528
96352,530
96353,528
96354,532
96355,528
96356,532
96357,534
96358,530
96359,532
96360,530
96361,524
96362,534
96363,532
96364,530
96365,532
96366,528
96367,528
96368,528
96369,532
96370,534
96371,530
96372,530
96373,562
96374,532
96375,536
96376,524
96377,526
96378,530
96379,528
96380,532
96381,536
96382,528
96383,536
96384,530
96385,532
96386,532
96387,530
96388,528
96389,530
96390,534
96391,532
96392,528
96393,534
96394,530
96395,530
96396,532
96397,526
96398,530
96399,526
96400,530
96401,536
96402,534
96403,530
96404,532
96405,528
96406,534
96407,530
96408,534
96409,526
96410,528
96411,528
96412,532
96413,536
96414,532
96415,528
96416,534
96417,532
96418,532
96419,532
96420,536
96421,532
96422,538
96423,530
96424,534
96425,530
96426,536
96427,530
96428,532
96429,534
96430,532
96431,578
96432,540
96433,530
96434,532
96435,536
96436,532
96437,530
96438,532
96439,530
96440,538
96441,532
96442,10608
96443,532
96444,528
96445,536
96446,538
96447,532
96448,532
96449,532
96450,536
96451,554
96452,530
96453,534
96454,534
96455,530
96456,536
96457,536
96458,524
96459,528
96460,534
96461,530
96462,532
96463,532
96464,530
96465,538
96466,534
96467,526
96468,532
96469,530
96470,532
96471,534
96472,532
96473,524
96474,532
96475,532
96476,530
96477,532
96478,530
96479,528
96480,536
96481,528
96482,524
96483,530
96484,528
96485,530
96486,532
96487,530
96488,532
96489,532
96490,532
96491,522
96492,528
96493,532
96494,532
96495,532
96496,534
96497,522
96498,532
96499,534
96500,526
96501,538
96502,574
96503,532
96504,530
96505,530
96506,532
96507,536
96508,534
96509,526
96510,534
96511,528
96512,530
96513,534
96514,530
96515,526
96516,532
96517,534
96518,526
96519,536
96520,534
96521,524
96522,530
96523,534
96524,532
96525,536
96526,534
96527,528
96528,532
96529,532
96530,528
96531,534
96532,532
96533,526
96534,534
96535,530
96536,528
96537,532
96538,570
96539,534
96540,532
96541,534
96542,526
96543,530
96544,540
96545,530
96546,536
96547,530
96548,532
96549,528
96550,530
96551,534
96552,532
96553,534
96554,528
96555,526
96556,536
96557,536
96558,528
96559,528
96560,534
96561,530
96562,534
96563,532
96564,528
96565,530
96566,536
96567,528
96568,534
96569,536
96570,532
96571,528
96572,534
96573,524
96574,530
96575,534
96576,530
96577,532
96578,534
96579,532
96580,534
96581,530
96582,528
96583,530
96584,534
96585,530
96586,534
96587,534
96588,530
96589,536
96590,530
96591,522
96592,576
96593,532
96594,528
96595,534
96596,526
96597,524
96598,530
96599,526
96600,530
96601,530
96602,528
96603,530
96604,534
96605,530
96606,526
96607,530
96608,526
96609,528
96610,526
96611,534
96612,526
96613,530
96614,534
96615,530
96616,534
96617,534
96618,532
96619,528
96620,530
96621,528
96622,534
96623,536
96624,528
96625,534
96626,528
96627,526
96628,530
96629,530
96630,530
96631,530
96632,536
96633,528
96634,530
96635,538
96636,526
96637,536
96638,534
96639,526
96640,532
96641,530
96642,530
96643,528
96644,532
96645,532
96646,530
96647,534
96648,542
96649,536
96650,536
96651,532
96652,534
96653,538
96654,526
96655,534
96656,536
96657,534
96658,530
96659,536
96660,526
96661,528
96662,530
96663,528
96664,532
96665,528
96666,530
96667,530
96668,534
96669,530
96670,534
96671,532
96672,526
96673,528
96674,534
96675,526
96676,534
96677,536
96678,526
96679,536
96680,532
96681,532
96682,530
96683,530
96684,530
96685,532
96686,534
96687,530
96688,536
96689,530
96690,530
96691,534
96692,528
96693,530
96694,532
96695,534
96696,526
96697,528
96698,530
96699,526
96700,530
96701,536
96702,526
96703,530
96704,572
96705,526
96706,534
96707,526
96708,530
96709,530
96710,528
96711,528
96712,528
96713,530
96714,528
96715,530
96716,530
96717,524
96718,526
96719,530
96720,532
96721,530
96722,532
96723,524
96724,534
96725,534
96726,528
96727,530
96728,532
96729,532
96730,532
96731,528
96732,530
96733,526
96734,532
96735,532
96736,534
96737,534
96738,528
96739,534
96740,536
96741,526
96742,530
96743,536
96744,532
96745,534
96746,532
96747,526
96748,536
96749,536
96750,528
96751,534
96752,534
96753,530
96754,530
96755,532
96756,530
96757,534
96758,532
96759,572
96760,532
96761,532
96762,532
96763,530
96764,534
96765,526
96766,536
96767,536
96768,530
96769,530
96770,536
96771,530
96772,532
96773,534
96774,530
96775,530
96776,534
96777,526
96778,538
96779,534
96780,526
96781,532
96782,530
96783,528
96784,536
96785,534
96786,532
96787,536
96788,536
96789,532
96790,534
96791,528
96792,530
96793,532
96794,530
96795,528
96796,536
96797,534
96798,526
96799,532
96800,538
96801,528
96802,536
96803,534
96804,532
96805,536
96806,534
96807,532
96808,532
96809,536
96810,530
96811,534
96812,528
96813,526
96814,528
96815,596
96816,522
96817,530
96818,534
96819,526
96820,532
96821,534
96822,530
96823,528
96824,528
96825,532
96826,534
96827,536
96828,526
96829,530
96830,530
96831,528
96832,528
96833,532
96834,526
96835,532
96836,532
96837,524
96838,532
96839,534
96840,530
96841,536
96842,532
96843,528
96844,534
96845,532
96846,530
96847,526
96848,534
96849,526
96850,530
96851,536
96852,530
96853,536
96854,530
96855,532
96856,536
96857,530
96858,526
96859,530
96860,532
96861,526
96862,528
96863,534
96864,530
96865,532
96866,538
96867,532
96868,530
96869,530
96870,572
96871,536
96872,530
96873,524
96874,536
96875,532
96876,530
96877,528
96878,530
96879,532
96880,534
96881,532
96882,528
96883,534
96884,530
96885,528
96886,528
96887,534
96888,530
96889,534
96890,534
96891,524
96892,536
96893,534
96894,526
96895,530
96896,530
96897,530
96898,536
96899,534
96900,530
96901,532
96902,530
96903,526
96904,536
96905,534
96906,528
96907,536
96908,532
96909,526
96910,536
96911,538
96912,522
96913,532
96914,532
96915,526
96916,536
96917,534
96918,532
96919,528
96920,536
96921,532
96922,540
96923,534
96924,528
96925,538
96926,536
96927,524
96928,532
96929,534
96930,532
96931,536
96932,532
96933,534
96934,536
96935,532
96936,526
96937,532
96938,532
96939,530
96940,538
96941,528
96942,532
96943,534
96944,532
96945,526
96946,528
96947,530
96948,578
96949,538
96950,536
96951,532
96952,536
96953,532
96954,530
96955,530
96956,524
96957,532
96958,528
96959,534
96960,528
96961,534
96962,530
96963,528
96964,532
96965,534
96966,528
96967,528
96968,534
96969,528
96970,532
96971,534
96972,528
96973,528
96974,536
96975,530
96976,534
96977,528
96978,528
96979,534
96980,530
96981,526
96982,532
96983,536
96984,530
96985,532
96986,534
96987,526
96988,532
96989,532
96990,530
96991,530
96992,536
96993,532
96994,538
96995,534
96996,532
96997,534
96998,532
96999,532
97000,534
97001,530
97002,530
97003,534
97004,538
97005,530
97006,538
97007,538
97008,534
97009,530
97010,534
97011,526
97012,528
97013,534
97014,532
97015,536
97016,534
97017,532
97018,528
97019,538
97020,532
97021,538
97022,536
97023,528
97024,530
97025,532
97026,532
97027,528
97028,532
97029,530
97030,572
97031,538
97032,528
97033,538
97034,534
97035,528
97036,534
97037,532
97038,528
97039,532
97040,536
97041,532
97042,526
97043,532
97044,526
97045,530
97046,536
97047,530
97048,534
97049,530
97050,530
97051,532
97052,534
97053,528
97054,528
97055,526
97056,524
97057,536
97058,528
97059,528
97060,536
97061,528
97062,526
97063,530
97064,530
97065,532
97066,532
97067,536
97068,530
97069,532
97070,534
97071,532
97072,532
97073,532
97074,530
97075,530
97076,532
97077,526
97078,530
97079,534
97080,528
97081,534
97082,530
97083,528
97084,530
97085,572
97086,524
97087,532
97088,528
97089,526
97090,530
97091,528
97092,530
97093,534
97094,536
97095,532
97096,534
97097,530
97098,528
97099,530
97100,532
97101,528
97102,536
97103,532
97104,530
97105,534
97106,530
97107,528
97108,530
97109,528
97110,522
97111,528
97112,534
97113,526
97114,534
97115,534
97116,534
97117,536
97118,534
97119,528
97120,532
97121,528
97122,532
97123,530
97124,534
97125,522
97126,532
97127,536
97128,526
97129,536
97130,536
97131,526
97132,528
97133,536
97134,528
97135,534
97136,536
97137,534
97138,534
97139,528
97140,572
97141,534
97142,534
97143,524
97144,536
97145,530
97146,528
97147,530
97148,536
97149,534
97150,534
97151,532
97152,532
97153,532
97154,538
97155,530
97156,534
97157,530
97158,530
97159,536
97160,530
97161,530
97162,532
97163,528
97164,526
97165,534
97166,530
97167,532
97168,532
97169,536
97170,532
97171,534
97172,536
97173,530
97174,534
97175,534
97176,526
97177,528
97178,530
97179,526
97180,534
97181,528
97182,526
97183,530
97184,530
97185,532
97186,528
97187,534
97188,526
97189,534
97190,528
97191,528
97192,532
97193,530
97194,532
97195,534
97196,530
97197,526
97198,534
97199,526
97200,522
97201,526
97202,534
97203,526
97204,536
97205,532
97206,526
97207,530
97208,534
97209,530
97210,530
97211,528
97212,524
97213,528
97214,536
97215,532
97216,532
97217,534
97218,528
97219,584
97220,530
97221,524
97222,534
97223,534
97224,530
97225,534
97226,534
97227,526
97228,530
97229,534
97230,532
97231,532
97232,534
97233,530
97234,534
97235,530
97236,534
97237,532
97238,536
97239,526
97240,536
97241,536
97242,526
97243,534
97244,530
97245,526
97246,532
97247,528
97248,534
97249,534
97250,532
97251,530
97252,536
97253,536
97254,532
97255,536
97256,536
97257,524
97258,536
97259,532
97260,528
97261,536
97262,528
97263,530
97264,530
97265,534
97266,528
97267,538
97268,536
97269,528
97270,536
97271,538
97272,532
97273,528
97274,534
97275,528
97276,574
97277,530
97278,530
97279,528
97280,538
97281,532
97282,530
97283,534
97284,528
97285,534
97286,536
97287,522
97288,534
97289,534
97290,526
97291,530
97292,534
97293,534
97294,538
97295,530
97296,528
97297,536
97298,532
97299,530
97300,536
97301,530
97302,528
97303,536
97304,532
97305,524
97306,532
97307,532
97308,526
97309,536
97310,530
97311,530
97312,532
97313,528
97314,526
97315,530
97316,530
97317,530
97318,532
97319,534
97320,528
97321,532
97322,530
97323,528
97324,526
97325,528
97326,530
97327,530
97328,532
97329,522
97330,534
97331,530
97332,526
97333,530
97334,528
97335,568
97336,530
97337,532
97338,524
97339,530
97340,534
97341,526
97342,528
97343,530
97344,528
97345,534
97346,538
97347,528
97348,532
97349,530
97350,526
97351,530
97352,534
97353,526
97354,534
97355,534
97356,526
97357,582
97358,528
97359,530
97360,532
97361,544
97362,536
97363,528
97364,534
97365,534
97366,530
97367,534
97368,530
97369,532
97370,532
97371,536
97372,532
97373,534
97374,532
97375,524
97376,532
97377,532
97378,532
97379,536
97380,530
97381,530
97382,534
97383,538
97384,530
97385,532
97386,532
97387,528
97388,538
97389,528
97390,530
97391,534
97392,534
97393,530
97394,534
97395,528
97396,526
97397,534
97398,532
97399,530
97400,532
97401,532
97402,532
97403,534
97404,528
97405,530
97406,528
97407,532
97408,526
97409,536
97410,534
97411,528
97412,534
97413,532
97414,532
97415,568
97416,534
97417,532
97418,532
97419,532
97420,526
97421,532
97422,528
97423,530
97424,532
97425,530
97426,524
97427,534
97428,532
97429,532
97430,534
97431,530
97432,528
97433,534
97434,530
97435,528
97436,532
97437,532
97438,526
97439,538
97440,532
97441,528
97442,536
97443,528
97444,530
97445,526
97446,526
97447,530
97448,534
97449,532
97450,528
97451,536
97452,528
97453,530
97454,536
97455,536
97456,522
97457,538
97458,530
97459,526
97460,534
97461,530
97462,530
97463,528
97464,534
97465,528
97466,530
97467,532
97468,526
97469,526
97470,556
97471,526
97472,530
97473,534
97474,530
97475,532
97476,530
97477,524
97478,534
97479,538
97480,526
97481,530
97482,536
97483,532
97484,534
97485,530
97486,528
97487,534
97488,530
97489,524
97490,532
97491,536
97492,532
97493,538
97494,536
97495,532
97496,536
97497,534
97498,530
97499,538
97500,534
97501,532
97502,536
97503,536
97504,534
97505,538
97506,534
97507,524
97508,536
97509,536
97510,532
97511,534
97512,530
97513,528
97514,530
97515,530
97516,532
97517,532
97518,532
97519,528
97520,534
97521,532
97522,530
97523,534
97524,574
97525,530
97526,536
97527,534
97528,534
97529,534
97530,536
97531,530
97532,534
97533,534
97534,524
97535,536
97536,532
97537,532
97538,536
97539,532
97540,534
97541,528
97542,530
97543,528
97544,530
97545,536
97546,528
97547,530
97548,530
97549,528
97550,534
97551,532
97552,528
97553,530
97554,526
97555,530
97556,528
97557,534
97558,524
97559,532
97560,532
97561,530
97562,528
97563,532
97564,522
97565,530
97566,530
97567,530
97568,534
97569,530
97570,522
97571,530
97572,530
97573,532
97574,530
97575,532
97576,526
97577,534
97578,534
97579,526
97580,530
97581,532
97582,528
97583,572
97584,532
97585,536
97586,528
97587,536
97588,532
97589,532
97590,536
97591,526
97592,536
97593,530
97594,524
97595,534
97596,538
97597,524
97598,536
97599,534
97600,532
97601,532
97602,534
97603,526
97604,532
97605,532
97606,530
97607,530
97608,532
97609,530
97610,530
97611,532
97612,528
97613,530
97614,530
97615,532
97616,536
97617,536
97618,530
97619,534
97620,530
97621,530
97622,530
97623,538
97624,528
97625,532
97626,530
97627,528
97628,534
97629,536
97630,530
97631,532
97632,536
97633,534
97634,532
97635,528
97636,532
97637,532
97638,536
97639,530
97640,574
97641,538
97642,526
97643,532
97644,534
97645,526
97646,536
97647,532
97648,528
97649,536
97650,532
97651,532
97652,530
97653,534
97654,522
97655,532
97656,534
97657,528
97658,534
97659,534
97660,526
97661,538
97662,530
97663,534
97664,528
97665,536
97666,530
97667,526
97668,540
97669,530
97670,528
97671,530
97672,532
97673,536
97674,528
97675,530
97676,528
97677,536
97678,534
97679,530
97680,536
97681,530
97682,534
97683,532
97684,524
97685,530
97686,532
97687,530
97688,536
97689,528
97690,522
97691,532
97692,532
97693,530
97694,536
97695,526
97696,526
97697,534
97698,534
97699,526
97700,552
97701,526
97702,530
97703,528
97704,530
97705,526
97706,534
97707,530
97708,526
97709,530
97710,530
97711,526
97712,528
97713,534
97714,526
97715,536
97716,534
97717,530
97718,530
97719,530
97720,534
97721,536
97722,530
97723,524
97724,532
97725,534
97726,532
97727,530
97728,532
97729,522
97730,534
97731,532
97732,526
97733,532
97734,532
97735,526
97736,536
97737,530
97738,534
97739,534
97740,536
97741,532
97742,532
97743,536
97744,530
97745,532
97746,538
97747,532
97748,536
97749,536
97750,532
97751,530
97752,534
97753,534
97754,532
97755,534
97756,530
97757,530
97758,574
97759,530
97760,536
97761,530
97762,528
97763,536
97764,534
97765,526
97766,530
97767,580
97768,536
97769,538
97770,536
97771,536
97772,532
97773,524
97774,546
97775,530
97776,526
97777,530
97778,530
97779,528
97780,536
97781,532
97782,532
97783,540
97784,530
97785,528
97786,530
97787,532
97788,524
97789,530
97790,530
97791,526
97792,532
97793,530
97794,526
97795,538
97796,534
97797,526
97798,534
97799,532
97800,530
97801,532
97802,534
97803,568
97804,530
97805,528
97806,526
97807,530
97808,532
97809,524
97810,526
97811,534
97812,528
97813,528
97814,532
97815,530
97816,528
97817,534
97818,530
97819,536
97820,534
97821,526
97822,534
97823,534
97824,524
97825,534
97826,532
97827,530
97828,536
97829,532
97830,528
97831,528
97832,530
97833,522
97834,530
97835,528
97836,530
97837,530
97838,534
97839,528
97840,530
97841,534
97842,524
97843,528
97844,536
97845,532
97846,534
97847,532
97848,528
97849,532
97850,530
97851,530
97852,530
97853,530
97854,534
97855,530
97856,528
97857,532
97858,534
97859,534
97860,530
97861,530
97862,536
97863,534
97864,534
97865,532
97866,526
97867,538
97868,532
97869,528
97870,536
97871,534
97872,530
97873,530
97874,538
97875,530
97876,532
97877,530
97878,526
97879,534
97880,530
97881,528
97882,534
97883,530
97884,524
97885,530
97886,538
97887,530
97888,532
97889,530
97890,526
97891,528
97892,532
97893,526
97894,532
97895,534
97896,530
97897,528
97898,536
97899,530
97900,536
97901,536
97902,532
97903,534
97904,534
97905,528
97906,532
97907,532
97908,526
97909,534
97910,534
97911,532
97912,536
97913,530
97914,528
97915,530
97916,532
97917,526
97918,530
97919,534
97920,520
97921,574
97922,530
97923,528
97924,534
97925,534
97926,526
97927,530
97928,530
97929,532
97930,534
97931,532
97932,524
97933,532
97934,530
97935,526
97936,532
97937,534
97938,530
97939,534
97940,532
97941,526
97942,526
97943,532
97944,528
97945,526
97946,530
97947,530
97948,534
97949,534
97950,532
97951,536
97952,530
97953,526
97954,532
97955,536
97956,524
97957,528
97958,534
97959,528
97960,530
97961,534
97962,526
97963,528
97964,532
97965,526
97966,530
97967,534
97968,524
97969,536
97970,536
97971,526
97972,536
97973,534
97974,526
97975,532
97976,536
97977,534
97978,536
97979,532
97980,530
97981,538
97982,528
97983,532
97984,534
97985,534
97986,526
97987,536
97988,534
97989,570
97990,534
97991,532
97992,526
97993,528
97994,538
97995,530
97996,530
97997,532
97998,524
97999,532
98000,532
98001,526
98002,532
98003,532
98004,532
98005,534
98006,534
98007,528
98008,532
98009,532
98010,528
98011,534
98012,534
98013,526
98014,532
98015,534
98016,526
98017,532
98018,530
98019,532
98020,534
98021,534
98022,528
98023,534
98024,534
98025,532
98026,532
98027,534
98028,524
98029,534
98030,536
98031,532
98032,532
98033,532
98034,524
98035,528
98036,532
98037,532
98038,534
98039,536
98040,530
98041,534
98042,532
98043,532
98044,530
98045,532
98046,524
98047,530
98048,530
98049,528
98050,536
98051,532
98052,570
98053,534
98054,532
98055,526
98056,532
98057,530
98058,530
98059,532
98060,530
98061,530
98062,532
98063,530
98064,524
98065,534
98066,530
98067,526
98068,532
98069,534
98070,528
98071,532
98072,534
98073,524
98074,530
98075,530
98076,530
98077,534
98078,532
98079,524
98080,530
98081,532
98082,526
98083,534
98084,536
98085,532
98086,536
98087,534
98088,528
98089,530
98090,532
98091,530
98092,530
98093,534
98094,530
98095,536
98096,536
98097,530
98098,528
98099,532
98100,526
98101,538
98102,532
98103,528
98104,530
98105,534
98106,532
98107,530
98108,534
98109,532
98110,536
98111,530
98112,526
98113,532
98114,532
98115,534
98116,534
98117,530
98118,526
98119,534
98120,534
98121,528
98122,528
98123,534
98124,528
98125,538
98126,536
98127,530
98128,536
98129,528
98130,530
98131,530
98132,534
98133,526
98134,536
98135,532
98136,528
98137,534
98138,530
98139,528
98140,538
98141,530
98142,532
98143,534
98144,538
98145,524
98146,534
98147,536
98148,530
98149,530
98150,532
98151,532
98152,528
98153,528
98154,528
98155,528
98156,538
98157,530
98158,534
98159,530
98160,528
98161,534
98162,526
98163,526
98164,530
98165,528
98166,526
98167,528
98168,532
98169,532
98170,526
98171,528
98172,526
98173,528
98174,532
98175,526
98176,574
98177,528
98178,534
98179,528
98180,536
98181,532
98182,526
98183,524
98184,536
98185,536
98186,528
98187,528
98188,530
98189,532
98190,534
98191,528
98192,524
98193,532
98194,538
98195,530
98196,534
98197,536
98198,532
98199,534
98200,548
98201,524
98202,534
98203,538
98204,528
98205,536
98206,530
98207,530
98208,534
98209,534
98210,534
98211,536
98212,534
98213,528
98214,530
98215,528
98216,530
98217,532
98218,526
98219,530
98220,528
98221,538
98222,530
98223,532
98224,536
98225,534
98226,534
98227,538
98228,526
98229,536
98230,538
98231,532
98232,532
98233,534
98234,528
98235,532
98236,528
98237,534
98238,538
98239,534
98240,530
98241,532
98242,532
98243,554
98244,532
98245,532
98246,532
98247,536
98248,534
98249,534
98250,534
98251,538
98252,528
98253,540
98254,534
98255,530
98256,536
98257,532
98258,530
98259,534
98260,536
98261,526
98262,526
98263,536
98264,532
98265,532
98266,536
98267,526
98268,530
98269,530
98270,532
98271,536
98272,530
98273,528
98274,536
98275,536
98276,526
98277,538
98278,528
98279,526
98280,532
98281,536
98282,530
98283,534
98284,534
98285,524
98286,534
98287,532
98288,526
98289,536
98290,532
98291,524
98292,530
98293,532
98294,524
98295,530
98296,528
98297,532
98298,532
98299,530
98300,528
98301,534
98302,534
98303,530
98304,532
98305,572
98306,530
98307,532
98308,536
98309,528
98310,530
98311,532
98312,534
98313,534
98314,532
98315,528
98316,534
98317,530
98318,528
98319,530
98320,530
98321,528
98322,534
98323,538
98324,526
98325,528
98326,528
98327,528
98328,538
98329,530
98330,532
98331,530
98332,528
98333,532
98334,536
98335,538
98336,530
98337,530
98338,534
98339,526
98340,538
98341,534
98342,528
98343,530
98344,534
98345,526
98346,534
98347,534
98348,528
98349,536
98350,534
98351,534
98352,532
98353,532
98354,528
98355,532
98356,536
98357,530
98358,532
98359,538
98360,534
98361,532
98362,536
98363,590
98364,536
98365,532
98366,532
98367,534
98368,530
98369,526
98370,534
98371,528
98372,528
98373,534
98374,536
98375,524
98376,536
98377,536
98378,532
98379,532
98380,534
98381,532
98382,534
98383,530
98384,530
98385,532
98386,530
98387,526
98388,530
98389,534
98390,526
98391,536
98392,530
98393,528
98394,538
98395,530
98396,528
98397,534
98398,536
98399,526
98400,534
98401,534
98402,526
98403,532
98404,530
98405,530
98406,528
98407,528
98408,526
98409,534
98410,536
98411,528
98412,532
98413,532
98414,524
98415,534
98416,534
98417,524
98418,534
98419,536
98420,526
98421,532
98422,536
98423,572
98424,530
98425,528
98426,524
98427,536
98428,532
98429,526
98430,534
98431,532
98432,526
98433,536
98434,536
98435,532
98436,538
98437,534
98438,530
98439,530
98440,534
98441,530
98442,532
98443,534
98444,526
98445,536
98446,534
98447,530
98448,536
98449,530
98450,524
98451,536
98452,536
98453,528
98454,532
98455,530
98456,528
98457,532
98458,534
98459,532
98460,536
98461,534
98462,528
98463,536
98464,538
98465,528
98466,532
98467,532
98468,532
98469,538
98470,536
98471,534
98472,534
98473,532
98474,532
98475,530
98476,534
98477,534
98478,530
98479,530
98480,532
98481,534
98482,532
98483,574
98484,532
98485,536
98486,528
98487,530
98488,536
98489,530
98490,530
98491,534
98492,532
98493,532
98494,534
98495,528
98496,534
98497,532
98498,524
98499,530
98500,538
98501,528
98502,538
98503,532
98504,526
98505,534
98506,532
98507,536
98508,538
98509,536
98510,528
98511,530
98512,534
98513,528
98514,534
98515,530
98516,526
98517,534
98518,532
98519,526
98520,532
98521,538
98522,524
98523,532
98524,528
98525,528
98526,534
98527,536
98528,530
98529,530
98530,534
98531,524
98532,530
98533,532
98534,530
98535,534
98536,536
98537,530
98538,532
98539,532
98540,524
98541,530
98542,572
98543,530
98544,530
98545,534
98546,528
98547,532
98548,530
98549,532
98550,532
98551,532
98552,532
98553,528
98554,526
98555,530
98556,532
98557,530
98558,526
98559,534
98560,532
98561,530
98562,534
98563,534
98564,530
98565,532
98566,538
98567,526
98568,536
98569,532
98570,526
98571,532
98572,532
98573,528
98574,538
98575,534
98576,530
98577,536
98578,534
98579,532
98580,534
98581,530
98582,530
98583,534
98584,536
98585,528
98586,570
98587,536
98588,536
98589,528
98590,538
98591,530
98592,530
98593,530
98594,534
98595,532
98596,532
98597,538
98598,530
98599,530
98600,530
98601,534
98602,534
98603,528
98604,534
98605,536
98606,534
98607,534
98608,536
98609,530
98610,534
98611,536
98612,530
98613,540
98614,530
98615,532
98616,526
98617,532
98618,534
98619,538
98620,538
98621,526
98622,532
98623,534
98624,524
98625,536
98626,530
98627,528
98628,530
98629,534
98630,526
98631,534
98632,534
98633,528
98634,536
98635,532
98636,528
98637,572
98638,536
98639,524
98640,536
98641,528
98642,526
98643,526
98644,530
98645,526
98646,532
98647,530
98648,530
98649,534
98650,528
98651,530
98652,530
98653,530
98654,530
98655,534
98656,530
98657,524
98658,530
98659,528
98660,526
98661,534
98662,530
98663,528
98664,534
98665,528
98666,528
98667,528
98668,528
98669,530
98670,534
98671,530
98672,532
98673,532
98674,530
98675,530
98676,534
98677,530
98678,534
98679,530
98680,528
98681,530
98682,536
98683,534
98684,530
98685,534
98686,534
98687,528
98688,532
98689,530
98690,532
98691,536
98692,532
98693,532
98694,570
98695,532
98696,530
98697,534
98698,534
98699,532
98700,534
98701,530
98702,532
98703,534
98704,536
98705,526
98706,534
98707,536
98708,526
98709,532
98710,536
98711,528
98712,536
98713,532
98714,532
98715,534
98716,530
98717,532
98718,538
98719,534
98720,536
98721,538
98722,532
98723,530
98724,530
98725,536
98726,526
98727,536
98728,534
98729,530
98730,532
98731,530
98732,530
98733,532
98734,538
98735,534
98736,530
98737,532
98738,526
98739,530
98740,532
98741,530
98742,532
98743,534
98744,526
98745,534
98746,532
98747,532
98748,528
98749,532
98750,530
98751,550
98752,532
98753,526
98754,532
98755,532
98756,526
98757,530
98758,534
98759,528
98760,536
98761,528
98762,530
98763,528
98764,536
98765,530
98766,528
98767,530
98768,524
98769,532
98770,534
98771,528
98772,530
98773,530
98774,528
98775,536
98776,532
98777,524
98778,532
98779,534
98780,526
98781,530
98782,534
98783,530
98784,534
98785,530
98786,526
98787,534
98788,528
98789,530
98790,532
98791,530
98792,528
98793,532
98794,532
98795,532
98796,532
98797,528
98798,526
98799,530
98800,534
98801,526
98802,532
98803,534
98804,526
98805,530
98806,536
98807,528
98808,536
98809,530
98810,568
98811,534
98812,536
98813,528
98814,530
98815,526
98816,530
98817,532
98818,536
98819,528
98820,530
98821,536
98822,534
98823,530
98824,538
98825,534
98826,532
98827,530
98828,528
98829,536
98830,538
98831,526
98832,534
98833,532
98834,526
98835,530
98836,534
98837,534
98838,536
98839,534
98840,528
98841,532
98842,540
98843,526
98844,530
98845,534
98846,528
98847,532
98848,536
98849,526
98850,530
98851,534
98852,528
98853,530
98854,530
98855,526
98856,534
98857,534
98858,530
98859,534
98860,534
98861,528
98862,534
98863,534
98864,526
98865,530
98866,530
98867,526
98868,530
98869,530
98870,524
98871,534
98872,536
98873,526
98874,574
98875,538
98876,526
98877,536
98878,526
98879,524
98880,530
98881,532
98882,532
98883,530
98884,530
98885,522
98886,532
98887,530
98888,528
98889,528
98890,534
98891,530
98892,534
98893,532
98894,530
98895,532
98896,526
98897,530
98898,532
98899,534
98900,530
98901,530
98902,534
98903,528
98904,528
98905,530
98906,530
98907,532
98908,528
98909,530
98910,532
98911,528
98912,528
98913,532
98914,536
98915,528
98916,530
98917,536
98918,530
98919,532
98920,534
98921,530
98922,530
98923,530
98924,528
98925,536
98926,532
98927,532
98928,528
98929,528
98930,532
98931,536
98932,534
98933,522
98934,530
98935,528
98936,526
98937,536
98938,556
98939,528
98940,532
98941,532
98942,530
98943,528
98944,532
98945,528
98946,532
98947,534
98948,528
98949,538
98950,532
98951,526
98952,530
98953,528
98954,528
98955,536
98956,538
98957,528
98958,538
98959,534
98960,534
98961,530
98962,534
98963,532
98964,536
98965,534
98966,528
98967,536
98968,532
98969,534
98970,534
98971,532
98972,526
98973,532
98974,532
98975,530
98976,530
98977,536
98978,534
98979,530
98980,532
98981,526
98982,532
98983,536
98984,528
98985,532
98986,528
98987,528
98988,530
98989,536
98990,530
98991,530
98992,530
98993,530
98994,534
98995,530
98996,572
98997,538
98998,528
98999,528
99000,530
99001,530
99002,528
99003,528
99004,536
99005,528
99006,532
99007,534
99008,536
99009,524
99010,534
99011,538
99012,532
99013,530
99014,534
99015,528
99016,530
99017,532
99018,524
99019,526
99020,530
99021,532
99022,534
99023,530
99024,530
99025,530
99026,526
99027,528
99028,532
99029,534
99030,524
99031,532
99032,532
99033,530
99034,526
99035,530
99036,530
99037,526
99038,532
99039,528
99040,536
99041,532
99042,528
99043,574
99044,536
99045,530
99046,530
99047,534
99048,526
99049,532
99050,534
99051,530
99052,532
99053,532
99054,526
99055,532
99056,534
99057,530
99058,532
99059,534
99060,534
99061,538
99062,532
99063,532
99064,534
99065,530
99066,526
99067,536
99068,534
99069,532
99070,538
99071,528
99072,526
99073,532
99074,532
99075,532
99076,538
99077,528
99078,526
99079,536
99080,530
99081,528
99082,538
99083,532
99084,526
99085,532
99086,534
99087,530
99088,534
99089,534
99090,526
99091,532
99092,536
99093,526
99094,536
99095,536
99096,528
99097,536
99098,530
99099,530
99100,534
99101,528
99102,524
99103,530
99104,534
99105,526
99106,536
99107,574
99108,524
99109,532
99110,534
99111,524
99112,532
99113,532
99114,532
99115,534
99116,534
99117,526
99118,536
99119,534
99120,530
99121,528
99122,530
99123,526
99124,528
99125,528
99126,532
99127,530
99128,530
99129,526
99130,536
99131,530
99132,524
99133,534
99134,534
99135,526
99136,528
99137,536
99138,528
99139,534
99140,530
99141,528
99142,530
99143,532
99144,526
99145,536
99146,526
99147,532
99148,536
99149,536
99150,526
99151,534
99152,532
99153,528
99154,534
99155,536
99156,524
99157,536
99158,534
99159,530
99160,532
99161,534
99162,532
99163,530
99164,534
99165,526
99166,534
99167,532
99168,526
99169,530
99170,532
99171,526
99172,574
99173,534
99174,528
99175,530
99176,536
99177,526
99178,530
99179,528
99180,530
99181,532
99182,536
99183,528
99184,536
99185,536
99186,530
99187,530
99188,536
99189,524
99190,534
99191,536
99192,526
99193,536
99194,536
99195,526
99196,536
99197,532
99198,530
99199,532
99200,532
99201,528
99202,532
99203,536
99204,534
99205,534
99206,528
99207,526
99208,530
99209,540
99210,530
99211,532
99212,536
99213,530
99214,534
99215,532
99216,528
99217,534
99218,530
99219,528
99220,530
99221,538
99222,530
99223,532
99224,534
99225,528
99226,538
99227,538
99228,526
99229,536
99230,532
99231,532
99232,536
99233,530
99234,530
99235,530
99236,570
99237,524
99238,528
99239,536
99240,532
99241,536
99242,532
99243,530
99244,532
99245,530
99246,528
99247,530
99248,532
99249,526
99250,534
99251,532
99252,530
99253,528
99254,530
99255,526
99256,528
99257,534
99258,530
99259,532
99260,532
99261,530
99262,534
99263,526
99264,522
99265,528
99266,532
99267,528
99268,528
99269,528
99270,532
99271,528
99272,532
99273,526
99274,530
99275,528
99276,526
99277,530
99278,534
99279,528
99280,530
99281,538
99282,526
99283,530
99284,536
99285,530
99286,528
99287,530
99288,524
99289,532
99290,534
99291,522
99292,534
99293,528
99294,526
99295,530
99296,534
99297,526
99298,530
99299,572
99300,532
99301,534
99302,528
99303,530
99304,530
99305,534
99306,532
99307,534
99308,536
99309,526
99310,536
99311,532
99312,526
99313,536
99314,534
99315,532
99316,538
99317,532
99318,530
99319,530
99320,530
99321,526
99322,532
99323,538
99324,526
99325,536
99326,538
99327,534
99328,534
99329,536
99330,524
99331,530
99332,536
99333,526
99334,536
99335,528
99336,532
99337,530
99338,536
99339,526
99340,534
99341,536
99342,528
99343,530
99344,530
99345,532
99346,536
99347,528
99348,530
99349,534
99350,530
99351,532
99352,528
99353,532
99354,528
99355,534
99356,536
99357,528
99358,534
99359,530
99360,528
99361,574
99362,530
99363,534
99364,536
99365,534
99366,526
99367,530
99368,528
99369,528
99370,534
99371,534
99372,526
99373,534
99374,530
99375,528
99376,532
99377,528
99378,528
99379,530
99380,528
99381,528
99382,528
99383,534
99384,524
99385,534
99386,534
99387,530
99388,534
99389,534
99390,528
99391,526
99392,528
99393,530
99394,532
99395,534
99396,526
99397,534
99398,532
99399,526
99400,528
99401,534
99402,526
99403,530
99404,532
99405,580
99406,534
99407,534
99408,528
99409,536
99410,534
99411,528
99412,528
99413,536
99414,556
99415,532
99416,534
99417,530
99418,532
99419,534
99420,530
99421,536
99422,534
99423,524
99424,536
99425,534
99426,526
99427,530
99428,532
99429,530
99430,536
99431,532
99432,528
99433,534
99434,532
99435,528
99436,596
99437,538
99438,528
99439,534
99440,530
99441,526
99442,532
99443,532
99444,532
99445,534
99446,534
99447,532
99448,532
99449,536
99450,532
99451,532
99452,530
99453,528
99454,534
99455,540
99456,532
99457,532
99458,534
99459,526
99460,534
99461,538
99462,532
99463,530
99464,538
99465,530
99466,530
99467,534
99468,530
99469,534
99470,534
99471,532
99472,536
99473,536
99474,530
99475,536
99476,528
99477,532
99478,534
99479,534
99480,530
99481,532
99482,530
99483,526
99484,528
99485,528
99486,530
99487,536
99488,528
99489,532
99490,526
99491,530
99492,530
99493,530
99494,536
99495,524
99496,532
99497,534
99498,566
99499,530
99500,536
99501,524
99502,530
99503,526
99504,528
99505,530
99506,530
99507,530
99508,534
99509,528
99510,532
99511,530
99512,532
99513,522
99514,534
99515,534
99516,530
99517,534
99518,532
99519,528
99520,530
99521,536
99522,522
99523,534
99524,530
99525,526
99526,532
99527,530
99528,526
99529,530
99530,528
99531,526
99532,528
99533,534
99534,528
99535,528
99536,534
99537,528
99538,530
99539,528
99540,528
99541,534
99542,528
99543,532
99544,532
99545,536
99546,524
99547,532
99548,534
99549,532
99550,530
99551,532
99552,526
99553,534
99554,534
99555,528
99556,534
99557,532
99558,528
99559,532
99560,532
99561,530
99562,556
99563,532
99564,532
99565,528
99566,534
99567,532
99568,534
99569,530
99570,524
99571,536
99572,530
99573,530
99574,530
99575,530
99576,530
99577,534
99578,532
99579,526
99580,534
99581,530
99582,532
99583,530
99584,536
99585,528
99586,530
99587,534
99588,530
99589,530
99590,532
99591,530
99592,528
99593,530
99594,532
99595,530
99596,528
99597,532
99598,532
99599,534
99600,530
99601,530
99602,526
99603,524
99604,528
99605,532
99606,526
99607,528
99608,532
99609,530
99610,532
99611,532
99612,528
99613,534
99614,534
99615,530
99616,530
99617,534
99618,530
99619,534
99620,532
99621,530
99622,534
99623,534
99624,530
99625,530
99626,574
99627,530
99628,532
99629,528
99630,530
99631,532
99632,532
99633,528
99634,536
99635,530
99636,526
99637,534
99638,528
99639,524
99640,528
99641,532
99642,530
99643,536
99644,538
99645,530
99646,528
99647,536
99648,524
99649,530
99650,536
99651,526
99652,534
99653,536
99654,530
99655,536
99656,532
99657,530
99658,532
99659,528
99660,532
99661,528
99662,538
99663,528
99664,536
99665,536
99666,524
99667,534
99668,534
99669,530
99670,530
99671,530
99672,530
99673,534
99674,538
99675,530
99676,536
99677,536
99678,528
99679,536
99680,532
99681,526
99682,538
99683,528
99684,528
99685,536
99686,536
99687,526
99688,534
99689,554
99690,528
99691,532
99692,532
99693,528
99694,538
99695,534
99696,530
99697,538
99698,532
99699,526
99700,536
99701,530
99702,526
99703,536
99704,530
99705,528
99706,530
99707,532
99708,528
99709,532
99710,532
99711,530
99712,534
99713,534
99714,530
99715,532
99716,534
99717,526
99718,536
99719,532
99720,522
99721,536
99722,534
99723,526
99724,532
99725,532
99726,526
99727,526
99728,534
99729,532
99730,532
99731,534
99732,530
99733,532
99734,528
99735,534
99736,530
99737,534
99738,526
99739,528
99740,530
99741,526
99742,530
99743,532
99744,530
99745,530
99746,534
99747,528
99748,530
99749,532
99750,530
99751,526
99752,572
99753,528
99754,528
99755,530
99756,532
99757,528
99758,532
99759,530
99760,536
99761,536
99762,530
99763,538
99764,530
99765,534
99766,532
99767,528
99768,528
99769,530
99770,534
99771,528
99772,528
99773,528
99774,528
99775,532
99776,534
99777,528
99778,532
99779,538
99780,530
99781,530
99782,530
99783,532
99784,526
99785,536
99786,530
99787,530
99788,530
99789,524
99790,534
99791,536
99792,532
99793,534
99794,530
99795,528
99796,532
99797,534
99798,524
99799,532
99800,534
99801,534
99802,530
99803,534
99804,530
99805,534
99806,536
99807,530
99808,538
99809,536
99810,534
99811,534
99812,530
99813,524
99814,528
99815,578
99816,530
99817,532
99818,530
99819,548
99820,534
99821,536
99822,528
99823,532
99824,534
99825,534
99826,532
99827,532
99828,528
99829,538
99830,534
99831,530
99832,530
99833,536
99834,528
99835,536
99836,534
99837,532
99838,528
99839,532
99840,528
99841,530
99842,538
99843,526
99844,536
99845,530
99846,532
99847,532
99848,530
99849,528
99850,532
99851,534
99852,528
99853,538
99854,536
99855,526
99856,534
99857,532
99858,528
99859,530
99860,530
99861,524
99862,534
99863,534
99864,530
99865,530
99866,528
99867,524
99868,530
99869,532
99870,530
99871,526
99872,576
99873,522
99874,532
99875,534
99876,530
99877,534
99878,532
99879,528
99880,532
99881,530
99882,530
99883,530
99884,530
99885,526
99886,528
99887,532
99888,526
99889,528
99890,532
99891,532
99892,528
99893,530
99894,528
99895,532
99896,536
99897,532
99898,536
99899,534
99900,532
99901,538
99902,536
99903,532
99904,530
99905,534
99906,526
99907,532
99908,534
99909,530
99910,536
99911,538
99912,530
99913,538
99914,528
99915,528
99916,536
99917,536
99918,532
99919,530
99920,530
99921,532
99922,536
99923,534
99924,528
99925,534
99926,536
99927,530
99928,536
99929,536
99930,530
99931,536
99932,536
99933,530
99934,576
99935,536
99936,528
99937,536
99938,532
99939,528
99940,534
99941,534
99942,532
99943,534
99944,532
99945,528
99946,532
99947,534
99948,532
99949,534
99950,534
99951,528
99952,530
99953,532
99954,528
99955,538
99956,530
99957,528
99958,532
99959,530
99960,530
99961,538
99962,534
99963,526
99964,530
99965,530
99966,530
99967,532
99968,534
99969,528
99970,538
99971,532
99972,528
99973,528
99974,534
99975,526
99976,530
99977,532
99978,526
99979,530
99980,534
99981,528
99982,534
99983,528
99984,528
99985,530
99986,536
99987,522
99988,534
99989,536
99990,528
99991,530
99992,530
99993,530
99994,528
99995,536
99996,532
99997,534
99998,590
99999,526
